,playerID,yearID,stint,teamID,lgID,G,AB,R,H,2B,3B,HR,RBI,SB,CS,BB,SO,IBB,HBP,SH,SF,GIDP
99867,ackledu01,2015,2,NYA,AL,23,52,6,15,3,2,4,11.0,0.0,0.0,4,7.0,0.0,0.0,0.0,1.0,0.0
99888,altuvjo01,2015,1,HOU,AL,154,638,86,200,40,4,15,66.0,38.0,13.0,33,67.0,8.0,9.0,3.0,6.0,17.0
99896,anderbr04,2015,1,LAN,NL,31,47,1,4,1,0,0,3.0,0.0,0.0,5,32.0,0.0,0.0,9.0,0.0,2.0
99911,arojo01,2015,1,BOS,AL,6,0,0,0,0,0,0,0.0,0.0,0.0,0,0.0,0.0,0.0,0.0,0.0,0.0
99920,avilalu01,2015,2,LAN,NL,23,1,0,0,0,0,0,0.0,0.0,0.0,0,0.0,0.0,0.0,0.0,0.0,0.0
99927,baezpe01,2015,1,LAN,NL,52,0,0,0,0,0,0,0.0,0.0,0.0,0,0.0,0.0,0.0,0.0,0.0,0.0
99928,bailean01,2015,1,NYA,AL,10,0,0,0,0,0,0,0.0,0.0,0.0,0,0.0,0.0,0.0,0.0,0.0,0.0
99931,bakersc02,2015,1,LAN,NL,2,3,0,0,0,0,0,0.0,0.0,0.0,0,1.0,0.0,0.0,1.0,0.0,0.0
99937,barneau01,2015,1,LAN,NL,20,29,4,6,2,0,0,1.0,1.0,0.0,6,6.0,0.0,1.0,1.0,0.0,2.0
99939,barneda01,2015,1,LAN,NL,2,4,0,0,0,0,0,0.0,0.0,0.0,0,0.0,0.0,0.0,0.0,0.0,0.0
99941,barnema01,2015,1,BOS,AL,32,0,0,0,0,0,0,0.0,0.0,0.0,0,0.0,0.0,0.0,0.0,0.0,0.0
99953,beachbr01,2015,1,LAN,NL,2,2,0,0,0,0,0,0.0,0.0,0.0,0,1.0,0.0,0.0,0.0,0.0,0.0
99966,beltrca01,2015,1,NYA,AL,133,478,57,132,34,1,19,67.0,0.0,0.0,45,85.0,2.0,2.0,0.0,6.0,12.0
99971,betande01,2015,1,NYA,AL,74,0,0,0,0,0,0,0.0,0.0,0.0,0,0.0,0.0,0.0,0.0,0.0,0.0
99975,bettsmo01,2015,1,BOS,AL,145,597,92,174,42,8,18,77.0,21.0,6.0,46,82.0,1.0,2.0,3.0,6.0,2.0
99976,biancje01,2015,1,BOS,AL,3,2,0,0,0,0,0,0.0,0.0,0.0,0,0.0,0.0,0.0,0.0,0.0,0.0
99978,birdgr01,2015,1,NYA,AL,46,157,26,41,9,0,11,31.0,0.0,0.0,19,53.0,0.0,1.0,0.0,1.0,1.0
99991,bogaexa01,2015,1,BOS,AL,156,613,84,196,35,3,7,81.0,10.0,2.0,32,101.0,1.0,3.0,3.0,3.0,16.0
99993,bolsimi01,2015,1,LAN,NL,21,38,1,1,1,0,0,0.0,0.0,0.0,0,23.0,0.0,0.0,2.0,0.0,0.0
100007,bradlja02,2015,1,BOS,AL,74,221,43,55,17,4,10,43.0,3.0,0.0,27,69.0,0.0,3.0,1.0,3.0,5.0
100011,breslcr01,2015,1,BOS,AL,45,0,0,0,0,0,0,0.0,0.0,0.0,0,0.0,0.0,0.0,0.0,0.0,0.0
100030,buchaja01,2015,1,HOU,AL,5,0,0,0,0,0,0,0.0,0.0,0.0,0,0.0,0.0,0.0,0.0,0.0,0.0
100031,buchhcl01,2015,1,BOS,AL,18,6,0,0,0,0,0,0.0,0.0,0.0,0,2.0,0.0,0.0,0.0,0.0,0.0
100034,burawda01,2015,1,NYA,AL,1,0,0,0,0,0,0,0.0,0.0,0.0,0,0.0,0.0,0.0,0.0,0.0,0.0
100061,callaal01,2015,2,LAN,NL,60,123,8,32,5,0,0,7.0,0.0,0.0,14,24.0,0.0,0.0,1.0,0.0,2.0
100068,capuach01,2015,1,NYA,AL,22,1,0,0,0,0,0,0.0,0.0,0.0,0,0.0,0.0,0.0,0.0,0.0,0.0
100070,carmofa01,2015,1,HOU,AL,20,2,1,0,0,0,0,0.0,0.0,0.0,1,2.0,0.0,0.0,0.0,0.0,0.0
100071,carpeda01,2015,1,NYA,AL,22,0,0,0,0,0,0,0.0,0.0,0.0,0,0.0,0.0,0.0,0.0,0.0,0.0
100078,cartech02,2015,1,HOU,AL,129,391,50,78,17,0,24,64.0,1.0,2.0,57,151.0,1.0,6.0,0.0,5.0,5.0
100082,castiru01,2015,1,BOS,AL,80,273,35,69,10,2,5,29.0,4.0,5.0,13,54.0,0.0,1.0,1.0,1.0,11.0
100088,castrja01,2015,1,HOU,AL,104,337,38,71,19,0,11,31.0,0.0,0.0,33,115.0,1.0,2.0,0.0,3.0,5.0
100093,cecchga01,2015,1,BOS,AL,2,4,0,0,0,0,0,0.0,0.0,0.0,0,3.0,0.0,0.0,0.0,0.0,0.0
100107,chapmke02,2015,1,HOU,AL,3,0,0,0,0,0,0,0.0,0.0,0.0,0,0.0,0.0,0.0,0.0,0.0,0.0
100138,congeha01,2015,1,HOU,AL,73,201,25,46,11,0,11,33.0,0.0,1.0,23,63.0,0.0,2.0,1.0,2.0,6.0
100142,cookry01,2015,2,BOS,AL,5,0,0,0,0,0,0,0.0,0.0,0.0,0,0.0,0.0,0.0,0.0,0.0,0.0
100149,correca01,2015,1,HOU,AL,99,387,52,108,22,1,22,68.0,14.0,4.0,40,78.0,2.0,1.0,0.0,4.0,10.0
100152,cothaca01,2015,1,NYA,AL,12,0,0,0,0,0,0,0.0,0.0,0.0,0,0.0,0.0,0.0,0.0,0.0,0.0
100155,couloda01,2015,1,LAN,NL,5,1,0,0,0,0,0,0.0,0.0,0.0,0,1.0,0.0,0.0,0.0,0.0,0.0
100160,craigal01,2015,1,BOS,AL,36,79,6,12,1,0,1,3.0,0.0,0.0,7,26.0,0.0,2.0,0.0,0.0,2.0
100163,crawfca02,2015,1,LAN,NL,69,181,19,48,9,2,4,16.0,10.0,2.0,10,41.0,1.0,0.0,0.0,0.0,3.0
100179,davieky01,2015,1,NYA,AL,1,0,0,0,0,0,0,0.0,0.0,0.0,0,0.0,0.0,0.0,0.0,0.0,0.0
100187,deazaal01,2015,2,BOS,AL,60,161,23,47,9,5,4,25.0,3.0,1.0,12,36.0,1.0,2.0,2.0,1.0,2.0
100191,dedunsa01,2015,1,HOU,AL,9,0,0,0,0,0,0,0.0,0.0,0.0,0,0.0,0.0,0.0,0.0,0.0,0.0
100204,depaujo02,2015,1,NYA,AL,1,0,0,0,0,0,0,0.0,0.0,0.0,0,0.0,0.0,0.0,0.0,0.0,0.0
100233,drewst01,2015,1,NYA,AL,131,383,43,77,16,1,17,44.0,0.0,2.0,37,71.0,1.0,1.0,4.0,3.0,7.0
100240,duffyma02,2015,1,HOU,AL,8,8,0,3,1,0,0,3.0,0.0,0.0,1,2.0,0.0,0.0,0.0,0.0,0.0
100257,ellisaj01,2015,1,LAN,NL,63,181,24,43,9,0,7,21.0,0.0,0.0,32,38.0,1.0,1.0,3.0,0.0,4.0
100258,ellsbja01,2015,1,NYA,AL,111,452,66,116,15,2,7,33.0,21.0,9.0,35,86.0,1.0,7.0,1.0,3.0,6.0
100261,eovalna01,2015,1,NYA,AL,27,5,1,0,0,0,0,0.0,0.0,0.0,0,2.0,0.0,0.0,0.0,0.0,0.0
100268,ethiean01,2015,1,LAN,NL,142,395,54,116,20,7,14,53.0,2.0,3.0,43,75.0,2.0,4.0,0.0,3.0,11.0
100275,feldmsc01,2015,1,HOU,AL,18,2,0,1,0,0,0,0.0,0.0,0.0,0,1.0,0.0,0.0,0.0,0.0,0.0
100276,felizmi01,2015,1,HOU,AL,5,0,0,0,0,0,0,0.0,0.0,0.0,0,0.0,0.0,0.0,0.0,0.0,0.0
100282,fieldjo03,2015,1,HOU,AL,54,0,0,0,0,0,0,0.0,0.0,0.0,0,0.0,0.0,0.0,0.0,0.0,0.0
100287,fiersmi01,2015,2,HOU,AL,10,0,0,0,0,0,0,0.0,0.0,0.0,0,0.0,0.0,0.0,0.0,0.0,0.0
100288,figueco01,2015,1,NYA,AL,2,8,2,2,2,0,0,0.0,0.0,0.0,0,0.0,0.0,0.0,0.0,0.0,0.0
100295,florera02,2015,1,NYA,AL,12,32,3,7,1,0,0,0.0,0.0,0.0,0,4.0,0.0,0.0,1.0,0.0,0.0
100314,friasca01,2015,1,LAN,NL,17,21,1,1,0,0,0,0.0,0.0,0.0,1,12.0,0.0,1.0,1.0,0.0,0.0
100334,garciyi01,2015,1,LAN,NL,59,0,0,0,0,0,0,0.0,0.0,0.0,0,0.0,0.0,0.0,0.0,0.0,0.0
100335,gardnbr01,2015,1,NYA,AL,151,571,94,148,26,3,16,66.0,20.0,5.0,68,135.0,1.0,6.0,8.0,3.0,8.0
100338,gattiev01,2015,1,HOU,AL,153,566,66,139,20,11,27,88.0,0.0,1.0,30,119.0,3.0,3.0,0.0,5.0,13.0
100366,gomezca01,2015,2,HOU,AL,41,149,19,36,9,0,4,13.0,10.0,3.0,8,31.0,1.0,2.0,3.0,1.0,1.0
100369,gonzaad01,2015,1,LAN,NL,156,571,76,157,33,0,28,90.0,0.0,1.0,62,107.0,10.0,6.0,0.0,3.0,21.0
100373,gonzama01,2015,1,HOU,AL,120,344,44,96,18,1,12,34.0,4.0,5.0,16,74.0,0.0,3.0,7.0,0.0,9.0
100377,goodyni01,2015,1,NYA,AL,7,0,0,0,0,0,0,0.0,0.0,0.0,0,0.0,0.0,0.0,0.0,0.0,0.0
100390,grandya01,2015,1,LAN,NL,115,355,43,83,12,0,16,47.0,0.0,1.0,65,92.0,1.0,2.0,1.0,3.0,16.0
100397,gregelu01,2015,1,HOU,AL,64,0,0,0,0,0,0,0.0,0.0,0.0,0,0.0,0.0,0.0,0.0,0.0,0.0
100399,gregodi01,2015,1,NYA,AL,155,525,57,139,24,2,9,56.0,5.0,3.0,33,85.0,0.0,11.0,3.0,6.0,4.0
100400,greinza01,2015,1,LAN,NL,32,67,8,15,2,0,2,3.0,1.0,0.0,1,14.0,0.0,0.0,8.0,1.0,0.0
100404,grossro01,2015,1,HOU,AL,24,49,7,7,2,0,1,5.0,0.0,0.0,5,17.0,0.0,0.0,0.0,0.0,0.0
100406,guerral01,2015,1,LAN,NL,106,219,25,51,9,1,11,36.0,1.0,0.0,7,57.0,0.0,2.0,0.0,2.0,7.0
100429,hanigry01,2015,1,BOS,AL,54,174,28,43,8,0,2,16.0,0.0,0.0,20,39.0,0.0,4.0,1.0,1.0,6.0
100441,harriwi02,2015,1,HOU,AL,68,1,0,0,0,0,0,0.0,0.0,0.0,0,1.0,0.0,0.0,0.0,0.0,0.0
100444,hatchch02,2015,1,LAN,NL,49,1,0,0,0,0,0,0.0,0.0,0.0,0,0.0,0.0,0.0,0.0,0.0,0.0
100449,headlch01,2015,1,NYA,AL,156,580,74,150,29,1,11,62.0,0.0,2.0,51,135.0,0.0,7.0,0.0,4.0,17.0
100451,heathsl01,2015,1,NYA,AL,17,25,6,10,2,0,2,8.0,0.0,1.0,2,5.0,0.0,0.0,0.0,1.0,0.0
100454,heisech01,2015,1,LAN,NL,33,55,8,10,2,0,2,9.0,0.0,1.0,15,17.0,2.0,0.0,0.0,2.0,1.0
100456,hembrhe01,2015,1,BOS,AL,22,0,0,0,0,0,0,0.0,0.0,0.0,0,0.0,0.0,0.0,0.0,0.0,0.0
100461,hernaen02,2015,1,LAN,NL,76,202,24,62,12,2,7,22.0,0.0,2.0,11,46.0,0.0,2.0,1.0,2.0,3.0
100477,hillri01,2015,1,BOS,AL,4,0,0,0,0,0,0,0.0,0.0,0.0,0,0.0,0.0,0.0,0.0,0.0,0.0
100479,hinojda01,2015,1,BOS,AL,1,0,0,0,0,0,0,0.0,0.0,0.0,0,0.0,0.0,0.0,0.0,0.0,0.0
100482,hoeslj01,2015,1,HOU,AL,8,15,1,4,0,0,0,1.0,0.0,0.0,1,3.0,0.0,0.0,0.0,0.0,0.0
100488,holtbr01,2015,1,BOS,AL,129,454,56,127,27,6,2,45.0,8.0,1.0,46,97.0,0.0,3.0,4.0,2.0,7.0
100496,howeljp01,2015,1,LAN,NL,65,0,0,0,0,0,0,0.0,0.0,0.0,0,0.0,0.0,0.0,0.0,0.0,0.0
100499,huffda01,2015,1,LAN,NL,3,1,0,0,0,0,0,0.0,0.0,0.0,0,0.0,0.0,0.0,0.0,0.0,0.0
100527,janseke01,2015,1,LAN,NL,54,0,0,0,0,0,0,0.0,0.0,0.0,0,0.0,0.0,0.0,0.0,0.0,0.0
100540,jimenlu02,2015,2,BOS,AL,1,1,0,0,0,0,0,0.0,0.0,0.0,0,0.0,0.0,0.0,0.0,0.0,0.0
100542,johnsbr02,2015,1,BOS,AL,1,0,0,0,0,0,0,0.0,0.0,0.0,0,0.0,0.0,0.0,0.0,0.0,0.0
100548,johnsji04,2015,2,LAN,NL,23,0,0,0,0,0,0,0.0,0.0,0.0,0,0.0,0.0,0.0,0.0,0.0,0.0
100555,jonesga02,2015,1,NYA,AL,57,144,12,31,4,1,5,17.0,0.0,0.0,8,37.0,0.0,0.0,0.0,0.0,1.0
100567,kazmisc01,2015,2,HOU,AL,13,2,0,0,0,0,0,0.0,0.0,0.0,0,1.0,0.0,0.0,0.0,0.0,0.0
100572,kellyjo05,2015,1,BOS,AL,25,5,0,1,0,0,0,1.0,0.0,0.0,0,2.0,0.0,0.0,0.0,0.0,0.0
100575,kendrho01,2015,1,LAN,NL,117,464,64,137,22,2,9,54.0,6.0,2.0,27,82.0,1.0,2.0,1.0,1.0,17.0
100580,kershcl01,2015,1,LAN,NL,34,71,2,9,2,0,0,2.0,0.0,0.0,2,23.0,0.0,1.0,5.0,0.0,2.0
100581,keuchda01,2015,1,HOU,AL,33,5,0,1,0,0,0,0.0,0.0,0.0,0,4.0,0.0,0.0,1.0,0.0,0.0
100617,latosma01,2015,2,LAN,NL,6,6,1,2,0,0,0,0.0,0.0,0.0,0,1.0,0.0,0.0,1.0,0.0,0.0
100622,layneto01,2015,1,BOS,AL,64,0,0,0,0,0,0,0.0,0.0,0.0,0,0.0,0.0,0.0,0.0,0.0,0.0
100629,leeza01,2015,1,LAN,NL,1,2,0,0,0,0,0,0.0,0.0,0.0,0,0.0,0.0,0.0,0.0,0.0,0.0
100634,leonsa01,2015,1,BOS,AL,41,114,8,21,2,0,0,3.0,0.0,1.0,7,28.0,1.0,1.0,6.0,0.0,4.0
100637,liberad01,2015,1,LAN,NL,39,2,0,0,0,0,0,0.0,0.0,0.0,0,2.0,0.0,0.0,0.0,0.0,0.0
100640,lindgja01,2015,1,NYA,AL,7,0,0,0,0,0,0,0.0,0.0,0.0,0,0.0,0.0,0.0,0.0,0.0,0.0
100661,lowrije01,2015,1,HOU,AL,69,230,35,51,14,0,9,30.0,1.0,0.0,28,43.0,5.0,3.0,0.0,2.0,3.0
100670,machije01,2015,2,BOS,AL,26,0,0,0,0,0,0,0.0,0.0,0.0,0,0.0,0.0,0.0,0.0,0.0,0.0
100680,marisja01,2015,1,HOU,AL,133,339,46,80,15,4,9,36.0,24.0,9.0,18,105.0,0.0,5.0,6.0,4.0,2.0
100684,marrede01,2015,1,BOS,AL,25,53,8,12,0,0,1,3.0,2.0,1.0,3,19.0,0.0,0.0,0.0,0.0,0.0
100691,martich02,2015,1,NYA,AL,24,0,0,0,0,0,0,0.0,0.0,0.0,0,0.0,0.0,0.0,0.0,0.0,0.0
100703,masteju01,2015,1,BOS,AL,18,3,0,2,0,0,0,1.0,0.0,0.0,0,1.0,0.0,0.0,0.0,0.0,0.0
100721,mccanbr01,2015,1,NYA,AL,135,465,68,108,15,1,26,94.0,0.0,0.0,52,97.0,3.0,11.0,0.0,7.0,7.0
100723,mccarbr01,2015,1,LAN,NL,4,6,0,0,0,0,0,1.0,0.0,0.0,1,5.0,0.0,0.0,2.0,0.0,0.0
100724,mcculla02,2015,1,HOU,AL,22,2,0,0,0,0,0,0.0,0.0,0.0,0,1.0,0.0,0.0,0.0,0.0,0.0
100732,mchugco01,2015,1,HOU,AL,32,8,1,1,0,0,0,0.0,0.0,0.0,0,4.0,0.0,0.0,0.0,0.0,0.0
100741,mendero01,2015,2,BOS,AL,3,0,0,0,0,0,0,0.0,0.0,0.0,0,0.0,0.0,0.0,0.0,0.0,0.0
100746,mileywa01,2015,1,BOS,AL,32,2,0,0,0,0,0,0.0,0.0,0.0,0,0.0,0.0,0.0,0.0,0.0,0.0
100747,millean01,2015,1,NYA,AL,60,0,0,0,0,0,0,0.0,0.0,0.0,0,0.0,0.0,0.0,0.0,0.0,0.0
100753,mitchbr01,2015,1,NYA,AL,20,1,0,0,0,0,0,0.0,0.0,0.0,0,1.0,0.0,0.0,0.0,0.0,0.0
100768,morendi01,2015,1,NYA,AL,4,0,0,0,0,0,0,0.0,0.0,0.0,0,0.0,0.0,0.0,0.0,0.0,0.0
100786,mujiced01,2015,1,BOS,AL,11,0,0,0,0,0,0,0.0,0.0,0.0,0,0.0,0.0,0.0,0.0,0.0,0.0
100794,murphjr01,2015,1,NYA,AL,67,155,21,43,9,1,3,14.0,0.0,0.0,12,43.0,0.0,1.0,1.0,3.0,4.0
100798,napolmi01,2015,1,BOS,AL,98,329,37,68,18,1,13,40.0,3.0,1.0,45,99.0,2.0,3.0,0.0,1.0,10.0
100802,navada01,2015,1,BOS,AL,29,66,6,10,2,0,0,7.0,0.0,0.0,8,17.0,0.0,2.0,1.0,1.0,3.0
100811,neshepa01,2015,1,HOU,AL,66,0,0,0,0,0,0,0.0,0.0,0.0,0,0.0,0.0,0.0,0.0,0.0,0.0
100812,nicasju01,2015,1,LAN,NL,54,1,0,0,0,0,0,0.0,0.0,0.0,0,0.0,0.0,0.0,0.0,0.0,0.0
100819,noelri01,2015,1,NYA,AL,15,2,5,1,0,0,0,0.0,5.0,2.0,0,0.0,0.0,0.0,0.0,0.0,0.0
100830,novaiv01,2015,1,NYA,AL,17,0,0,0,0,0,0,0.0,0.0,0.0,0,0.0,0.0,0.0,0.0,0.0,0.0
100835,oberhbr01,2015,1,HOU,AL,8,0,0,0,0,0,0,0.0,0.0,0.0,1,0.0,0.0,0.0,2.0,0.0,0.0
100842,ogandal01,2015,1,BOS,AL,64,0,0,0,0,0,0,0.0,0.0,0.0,0,0.0,0.0,0.0,0.0,0.0,0.0
100853,ortizda01,2015,1,BOS,AL,146,528,73,144,37,0,37,108.0,0.0,1.0,77,95.0,16.0,0.0,0.0,9.0,16.0
100859,owenshe02,2015,1,BOS,AL,11,2,0,0,0,0,0,0.0,0.0,0.0,0,2.0,0.0,0.0,0.0,0.0,0.0
100879,pazosja01,2015,1,NYA,AL,11,0,0,0,0,0,0,0.0,0.0,0.0,0,0.0,0.0,0.0,0.0,0.0,0.0
100880,peacobr01,2015,1,HOU,AL,1,0,0,0,0,0,0,0.0,0.0,0.0,0,0.0,0.0,0.0,0.0,0.0,0.0
100883,pederjo01,2015,1,LAN,NL,151,480,67,101,19,1,26,54.0,4.0,7.0,92,170.0,6.0,9.0,2.0,2.0,5.0
100884,pedrodu01,2015,1,BOS,AL,93,381,46,111,19,1,12,42.0,2.0,2.0,38,51.0,1.0,2.0,1.0,3.0,6.0
100886,pegueca01,2015,2,BOS,AL,4,5,1,1,0,0,0,0.0,0.0,0.0,1,1.0,0.0,0.0,0.0,0.0,0.0
100896,peraljo01,2015,1,LAN,NL,33,1,0,0,0,0,0,0.0,0.0,0.0,0,1.0,0.0,0.0,0.0,0.0,0.0
100898,perazjo01,2015,1,LAN,NL,7,22,3,4,1,1,0,1.0,3.0,0.0,2,2.0,1.0,0.0,1.0,0.0,0.0
100906,perezol01,2015,2,HOU,AL,22,0,0,0,0,0,0,0.0,0.0,0.0,0,0.0,0.0,0.0,0.0,0.0,0.0
100914,petitgr01,2015,1,NYA,AL,20,42,7,7,3,0,0,5.0,0.0,0.0,3,16.0,1.0,0.0,1.0,1.0,0.0
100924,pindebr01,2015,1,NYA,AL,25,1,0,1,1,0,0,1.0,0.0,0.0,0,0.0,0.0,0.0,0.0,0.0,0.0
100925,pinedmi01,2015,1,NYA,AL,27,2,0,0,0,0,0,0.0,0.0,0.0,0,1.0,0.0,0.0,0.0,0.0,0.0
100927,pireljo01,2015,1,NYA,AL,37,74,7,17,3,0,1,5.0,1.0,0.0,2,16.0,0.0,0.0,1.0,1.0,4.0
100936,porceri01,2015,1,BOS,AL,28,2,0,0,0,0,0,0.0,0.0,0.0,0,2.0,0.0,0.0,0.0,0.0,0.0
100939,preslal01,2015,1,HOU,AL,8,12,1,3,0,0,0,1.0,0.0,0.0,1,5.0,0.0,0.0,0.0,0.0,0.0
100944,puigya01,2015,1,LAN,NL,79,282,30,72,12,3,11,38.0,3.0,3.0,26,66.0,1.0,2.0,0.0,1.0,1.0
100948,quallch01,2015,1,HOU,AL,60,0,0,0,0,0,0,0.0,0.0,0.0,0,0.0,0.0,0.0,0.0,0.0,0.0
100955,ramirha01,2015,1,BOS,AL,105,401,59,100,12,1,19,53.0,6.0,3.0,21,71.0,2.0,4.0,0.0,4.0,11.0
100959,ramirjo02,2015,1,NYA,AL,3,0,0,0,0,0,0,0.0,0.0,0.0,0,0.0,0.0,0.0,0.0,0.0,0.0
100962,ramirno01,2015,1,BOS,AL,17,0,0,0,0,0,0,0.0,0.0,0.0,0,0.0,0.0,0.0,0.0,0.0,0.0
100967,rasmuco01,2015,1,HOU,AL,137,432,67,103,23,2,25,61.0,2.0,1.0,47,154.0,0.0,2.0,1.0,3.0,6.0
100971,ravinjo01,2015,1,LAN,NL,9,0,0,0,0,0,0,0.0,0.0,0.0,0,0.0,0.0,0.0,0.0,0.0,0.0
100983,refsnro01,2015,1,NYA,AL,16,43,3,13,3,0,2,5.0,2.0,0.0,3,7.0,1.0,0.0,0.0,0.0,3.0
101014,rodrial01,2015,1,NYA,AL,151,523,83,131,22,1,33,86.0,4.0,0.0,84,145.0,5.0,6.0,0.0,7.0,17.0
101015,rodried05,2015,1,BOS,AL,21,2,0,0,0,0,0,0.0,0.0,0.0,0,2.0,0.0,0.0,1.0,0.0,0.0
101019,rodrist02,2015,1,LAN,NL,18,0,0,0,0,0,0,0.0,0.0,0.0,0,0.0,0.0,0.0,0.0,0.0,0.0
101022,rogeres01,2015,1,NYA,AL,18,0,0,0,0,0,0,0.0,0.0,0.0,0,0.0,0.0,0.0,0.0,0.0,0.0
101026,rolliji01,2015,1,LAN,NL,144,517,71,116,24,3,13,41.0,12.0,8.0,44,86.0,0.0,0.0,1.0,1.0,12.0
101031,rominau01,2015,1,NYA,AL,1,2,0,0,0,0,0,0.0,0.0,0.0,0,0.0,0.0,0.0,0.0,0.0,0.0
101046,rossro01,2015,1,BOS,AL,54,0,0,0,0,0,0,0.0,0.0,0.0,0,0.0,0.0,0.0,0.0,0.0,0.0
101052,ruggiju01,2015,2,LAN,NL,21,55,12,16,4,1,4,12.0,2.0,0.0,3,14.0,0.0,2.0,0.0,0.0,1.0
101054,rumbeni01,2015,1,NYA,AL,17,0,0,0,0,0,0,0.0,0.0,0.0,0,0.0,0.0,0.0,0.0,0.0,0.0
101059,rutlejo01,2015,1,BOS,AL,39,74,11,21,1,0,1,10.0,0.0,0.0,5,26.0,1.0,2.0,1.0,3.0,0.0
101060,ryanbr01,2015,1,NYA,AL,47,96,10,22,6,2,0,8.0,0.0,0.0,5,29.0,0.0,1.0,1.0,0.0,1.0
101064,sabatcc01,2015,1,NYA,AL,29,3,0,0,0,0,0,0.0,0.0,0.0,0,2.0,0.0,0.0,0.0,0.0,0.0
101077,sanchga02,2015,1,NYA,AL,2,2,0,0,0,0,0,0.0,0.0,0.0,0,1.0,0.0,0.0,0.0,0.0,0.0
101080,sandopa01,2015,1,BOS,AL,126,470,43,115,25,1,10,47.0,0.0,0.0,25,73.0,1.0,7.0,1.0,2.0,14.0
101085,santado01,2015,1,HOU,AL,14,39,6,10,2,0,2,8.0,2.0,1.0,2,17.0,0.0,1.0,0.0,0.0,1.0
101089,santose01,2015,1,LAN,NL,12,0,0,0,0,0,0,0.0,0.0,0.0,0,0.0,0.0,0.0,0.0,0.0,0.0
101090,santose01,2015,2,NYA,AL,2,0,0,0,0,0,0,0.0,0.0,0.0,0,0.0,0.0,0.0,0.0,0.0,0.0
101096,schebsc01,2015,1,LAN,NL,19,36,6,9,0,0,3,4.0,2.0,1.0,3,13.0,1.0,1.0,0.0,0.0,0.0
101107,seageco01,2015,1,LAN,NL,27,98,17,33,8,1,4,17.0,2.0,0.0,14,19.0,1.0,1.0,0.0,0.0,2.0
101111,severlu01,2015,1,NYA,AL,11,2,0,0,0,0,0,0.0,0.0,0.0,0,0.0,0.0,0.0,0.0,0.0,0.0
101115,shawtr01,2015,1,BOS,AL,65,226,31,61,10,0,13,36.0,0.0,1.0,18,57.0,1.0,2.0,0.0,2.0,1.0
101118,shrevch01,2015,1,NYA,AL,59,0,0,0,0,0,0,0.0,0.0,0.0,0,0.0,0.0,0.0,0.0,0.0,0.0
101123,singljo02,2015,1,HOU,AL,19,47,6,9,2,0,1,6.0,1.0,0.0,10,17.0,0.0,0.0,0.0,1.0,0.0
101124,sippto01,2015,1,HOU,AL,60,0,0,0,0,0,0,0.0,0.0,0.0,0,0.0,0.0,0.0,0.0,0.0,0.0
101154,springe01,2015,1,HOU,AL,102,388,59,107,19,2,16,41.0,16.0,4.0,50,109.0,0.0,8.0,2.0,3.0,4.0
101158,stassma01,2015,1,HOU,AL,11,15,4,6,0,0,1,2.0,0.0,0.0,1,5.0,0.0,0.0,1.0,0.0,1.0
101164,straida01,2015,1,HOU,AL,4,0,0,0,0,0,0,0.0,0.0,0.0,0,0.0,0.0,0.0,0.0,0.0,0.0
101176,surkaer01,2015,1,LAN,NL,1,0,0,0,0,0,0,0.0,0.0,0.0,0,0.0,0.0,0.0,1.0,0.0,0.0
101182,swihabl01,2015,1,BOS,AL,84,288,47,79,17,1,5,31.0,4.0,2.0,18,77.0,0.0,1.0,2.0,0.0,8.0
101188,tanakma01,2015,1,NYA,AL,24,7,0,0,0,0,0,0.0,0.0,0.0,1,2.0,0.0,0.0,0.0,0.0,0.0
101192,tazawju01,2015,1,BOS,AL,61,0,0,0,0,0,0,0.0,0.0,0.0,0,0.0,0.0,0.0,0.0,0.0,0.0
101196,teixema01,2015,1,NYA,AL,111,392,57,100,22,0,31,79.0,2.0,0.0,59,85.0,6.0,6.0,0.0,5.0,7.0
101202,thatcjo01,2015,1,HOU,AL,43,0,0,0,0,0,0,0.0,0.0,0.0,0,0.0,0.0,0.0,0.0,0.0,0.0
101207,thomaia01,2015,2,LAN,NL,9,3,1,0,0,0,0,0.0,0.0,0.0,1,1.0,0.0,0.0,0.0,0.0,1.0
101221,torrero01,2015,1,LAN,NL,8,6,1,2,1,0,0,1.0,0.0,0.0,1,1.0,0.0,0.0,1.0,0.0,0.0
101222,tracyma01,2015,1,NYA,AL,1,0,0,0,0,0,0,0.0,0.0,0.0,0,0.0,0.0,0.0,0.0,0.0,0.0
101229,tsaoch01,2015,1,LAN,NL,5,1,1,1,1,0,0,0.0,0.0,0.0,0,0.0,0.0,0.0,0.0,0.0,0.0
101230,tuckepr01,2015,1,HOU,AL,98,300,35,73,19,0,13,33.0,0.0,2.0,20,68.0,0.0,3.0,0.0,0.0,3.0
101234,turneju01,2015,1,LAN,NL,126,385,55,113,26,1,16,60.0,5.0,2.0,36,71.0,1.0,13.0,1.0,4.0,10.0
101236,ueharko01,2015,1,BOS,AL,43,0,0,0,0,0,0,0.0,0.0,0.0,0,0.0,0.0,0.0,0.0,0.0,0.0
101241,uribeju01,2015,1,LAN,NL,29,81,6,20,2,0,1,6.0,1.0,0.0,5,9.0,0.0,0.0,0.0,1.0,5.0
101247,utleych01,2015,2,LAN,NL,34,124,14,25,9,1,3,9.0,1.0,0.0,10,29.0,0.0,6.0,0.0,1.0,1.0
101248,valbulu01,2015,1,HOU,AL,132,434,62,97,18,0,25,56.0,1.0,0.0,50,106.0,1.0,6.0,0.0,3.0,13.0
101253,vanslsc01,2015,1,LAN,NL,96,222,19,53,14,0,6,30.0,3.0,1.0,23,62.0,2.0,4.0,1.0,3.0,5.0
101256,varvaan01,2015,1,BOS,AL,9,0,0,0,0,0,0,0.0,0.0,0.0,0,0.0,0.0,0.0,0.0,0.0,0.0
101258,velasvi01,2015,1,HOU,AL,19,0,0,0,0,0,0,0.0,0.0,0.0,0,0.0,0.0,0.0,0.0,0.0,0.0
101267,victosh01,2015,1,BOS,AL,33,94,10,23,2,0,1,4.0,5.0,0.0,9,14.0,0.0,2.0,1.0,0.0,3.0
101270,villajo01,2015,1,HOU,AL,53,116,18,33,7,1,2,11.0,7.0,2.0,10,29.0,0.0,0.0,1.0,1.0,3.0
101290,warread01,2015,1,NYA,AL,43,3,0,0,0,0,0,0.0,0.0,0.0,0,1.0,0.0,0.0,0.0,0.0,0.0
101297,weeksje01,2015,1,BOS,AL,3,9,1,3,0,0,0,1.0,0.0,0.0,0,2.0,0.0,0.0,0.0,0.0,0.0
101300,westma03,2015,1,LAN,NL,2,0,0,0,0,0,0,0.0,0.0,0.0,0,0.0,0.0,0.0,0.0,0.0,0.0
101301,whitlch01,2015,1,NYA,AL,4,0,0,0,0,0,0,0.0,0.0,0.0,0,0.0,0.0,0.0,0.0,0.0,0.0
101302,wielajo01,2015,1,LAN,NL,2,1,0,0,0,0,0,0.0,0.0,0.0,0,1.0,0.0,0.0,1.0,0.0,0.0
101308,willima07,2015,1,NYA,AL,8,21,3,6,3,0,1,3.0,0.0,0.0,1,3.0,0.0,0.0,0.0,0.0,0.0
101315,wilsoju10,2015,1,NYA,AL,74,0,0,0,0,0,0,0.0,0.0,0.0,0,0.0,0.0,0.0,0.0,0.0,0.0
101319,wojcias01,2015,1,HOU,AL,5,0,0,0,0,0,0,0.0,0.0,0.0,0,0.0,0.0,0.0,0.0,0.0,0.0
101323,woodal02,2015,2,LAN,NL,12,22,1,4,1,0,0,0.0,0.0,0.0,1,13.0,0.0,0.0,3.0,0.0,1.0
101329,wrighst01,2015,1,BOS,AL,16,1,0,0,0,0,0,0.0,0.0,0.0,0,0.0,0.0,0.0,1.0,0.0,0.0
101336,youngch04,2015,1,NYA,AL,140,318,53,80,20,1,14,42.0,3.0,1.0,30,73.0,2.0,3.0,3.0,2.0,6.0
101349,abadfe01,2016,2,BOS,AL,18,0,0,0,0,0,0,0.0,0.0,0.0,0,0.0,0.0,0.0,0.0,0.0,0.0
101352,ackledu01,2016,1,NYA,AL,28,61,6,9,0,0,0,4.0,0.0,0.0,8,9.0,0.0,0.0,0.0,1.0,0.0
101374,altuvjo01,2016,1,HOU,AL,161,640,108,216,42,5,24,96.0,30.0,10.0,60,70.0,11.0,7.0,3.0,7.0,15.0
101381,anderbr04,2016,1,LAN,NL,4,3,0,0,0,0,0,0.0,0.0,0.0,0,2.0,0.0,0.0,0.0,0.0,0.0
101406,austity01,2016,1,NYA,AL,31,83,7,20,3,0,5,12.0,1.0,0.0,7,36.0,0.0,0.0,0.0,0.0,1.0
101408,avilalu01,2016,1,LAN,NL,27,0,0,0,0,0,0,0.0,0.0,0.0,0,0.0,0.0,0.0,0.0,0.0,0.0
101414,baezpe01,2016,1,LAN,NL,73,1,0,0,0,0,0,0.0,0.0,0.0,0,0.0,0.0,0.0,0.0,0.0,0.0
101419,barbajo01,2016,1,NYA,AL,13,0,0,0,0,0,0,0.0,0.0,0.0,0,0.0,0.0,0.0,0.0,0.0,0.0
101420,barneau01,2016,1,LAN,NL,21,32,3,5,1,0,0,2.0,0.0,0.0,5,9.0,0.0,0.0,0.0,0.0,0.0
101425,barnema01,2016,1,BOS,AL,62,0,0,0,0,0,0,0.0,0.0,0.0,0,0.0,0.0,0.0,0.0,0.0,0.0
101445,beltrca01,2016,1,NYA,AL,99,359,50,109,21,0,22,64.0,0.0,0.0,22,70.0,3.0,2.0,0.0,4.0,13.0
101447,beninan01,2016,1,BOS,AL,34,105,16,31,11,1,2,14.0,1.0,0.0,10,25.0,0.0,1.0,1.0,1.0,0.0
101453,betande01,2016,1,NYA,AL,73,0,0,0,0,0,0,0.0,0.0,0.0,0,0.0,0.0,0.0,0.0,0.0,0.0
101456,bettsmo01,2016,1,BOS,AL,158,672,122,214,42,5,31,113.0,26.0,4.0,49,80.0,1.0,2.0,0.0,7.0,12.0
101463,blantjo01,2016,1,LAN,NL,75,0,0,0,0,0,0,0.0,0.0,0.0,0,0.0,0.0,0.0,0.0,0.0,0.0
101466,bleieri01,2016,1,NYA,AL,23,0,0,0,0,0,0,0.0,0.0,0.0,0,0.0,0.0,0.0,0.0,0.0,0.0
101468,bogaexa01,2016,1,BOS,AL,157,652,115,192,34,1,21,89.0,13.0,4.0,58,123.0,0.0,6.0,0.0,3.0,14.0
101469,bolsimi01,2016,1,LAN,NL,6,9,0,0,0,0,0,0.0,0.0,0.0,0,7.0,0.0,0.0,0.0,0.0,0.0
101485,bradlja02,2016,1,BOS,AL,156,558,94,149,30,7,26,87.0,9.0,2.0,63,143.0,5.0,10.0,0.0,5.0,10.0
101490,bregmal01,2016,1,HOU,AL,49,201,31,53,13,3,8,34.0,2.0,0.0,15,52.0,0.0,0.0,0.0,1.0,1.0
101491,brentbr01,2016,1,BOS,AL,25,61,8,17,3,0,1,7.0,0.0,0.0,3,17.0,0.0,0.0,0.0,0.0,1.0
101506,buchhcl01,2016,1,BOS,AL,37,2,0,0,0,0,0,0.0,0.0,0.0,1,2.0,0.0,0.0,0.0,0.0,0.0
101521,butlebi03,2016,2,NYA,AL,12,29,3,10,2,0,1,4.0,0.0,0.0,2,8.0,0.0,0.0,0.0,1.0,0.0
101555,castiru01,2016,1,BOS,AL,9,8,4,2,1,0,0,0.0,0.0,0.0,0,3.0,0.0,0.0,0.0,0.0,0.0
101558,castrja01,2016,1,HOU,AL,113,329,41,69,16,3,11,32.0,2.0,1.0,45,123.0,0.0,1.0,1.0,0.0,9.0
101560,castrst01,2016,1,NYA,AL,151,577,63,156,29,1,21,70.0,4.0,0.0,24,118.0,1.0,3.0,1.0,5.0,15.0
101570,cessalu01,2016,1,NYA,AL,17,0,0,0,0,0,0,0.0,0.0,0.0,0,0.0,0.0,0.0,0.0,0.0,0.0
101575,chapmar01,2016,1,NYA,AL,31,0,0,0,0,0,0,0.0,0.0,0.0,0,0.0,0.0,0.0,0.0,0.0,0.0
101577,chapmke02,2016,1,HOU,AL,9,0,0,0,0,0,0,0.0,0.0,0.0,0,0.0,0.0,0.0,0.0,0.0,0.0
101581,chaveje01,2016,2,LAN,NL,23,0,0,0,0,0,0,0.0,0.0,0.0,0,0.0,0.0,0.0,0.0,0.0,0.0
101595,clippty01,2016,2,NYA,AL,29,0,0,0,0,0,0,0.0,0.0,0.0,0,0.0,0.0,0.0,0.0,0.0,0.0
101600,cokeph01,2016,1,NYA,AL,3,0,0,0,0,0,0,0.0,0.0,0.0,0,0.0,0.0,0.0,0.0,0.0,0.0
101605,colemlo01,2016,1,LAN,NL,61,0,0,0,0,0,0,0.0,0.0,0.0,0,0.0,0.0,0.0,0.0,0.0,0.0
101619,correca01,2016,1,HOU,AL,153,577,76,158,36,3,20,96.0,13.0,3.0,75,139.0,5.0,5.0,0.0,3.0,12.0
101630,crawfca02,2016,1,LAN,NL,30,81,8,15,2,1,0,6.0,0.0,1.0,4,11.0,0.0,1.0,0.0,1.0,3.0
101638,cuevawi01,2016,1,BOS,AL,3,0,0,0,0,0,0,0.0,0.0,0.0,0,0.0,0.0,0.0,0.0,0.0,0.0
101639,culbech01,2016,1,LAN,NL,34,67,6,20,3,0,1,7.0,1.0,0.0,1,13.0,0.0,0.0,0.0,0.0,2.0
101653,davisik02,2016,1,NYA,AL,8,14,2,3,0,0,0,1.0,0.0,0.0,1,5.0,0.0,0.0,0.0,0.0,1.0
101657,daytogr01,2016,1,LAN,NL,25,1,0,0,0,0,0,0.0,0.0,0.0,0,1.0,0.0,0.0,0.0,0.0,0.0
101667,deleojo03,2016,1,LAN,NL,4,4,0,0,0,0,0,0.0,0.0,0.0,0,1.0,0.0,0.0,0.0,0.0,0.0
101680,devench02,2016,1,HOU,AL,48,0,0,0,0,0,0,0.0,0.0,0.0,0,0.0,0.0,0.0,0.0,0.0,0.0
101709,duffyma02,2016,1,HOU,AL,3,3,0,0,0,0,0,0.0,0.0,0.0,0,2.0,0.0,0.0,0.0,0.0,0.0
101726,eliasro01,2016,1,BOS,AL,3,0,0,0,0,0,0,0.0,0.0,0.0,0,0.0,0.0,0.0,0.0,0.0,0.0
101728,ellisaj01,2016,1,LAN,NL,53,139,8,27,5,0,1,13.0,1.0,1.0,16,24.0,2.0,2.0,3.0,1.0,5.0
101730,ellsbja01,2016,1,NYA,AL,148,551,71,145,24,5,9,56.0,20.0,8.0,54,84.0,1.0,2.0,4.0,3.0,11.0
101733,eovalna01,2016,1,NYA,AL,24,5,0,0,0,0,0,0.0,0.0,0.0,1,4.0,0.0,0.0,1.0,0.0,0.0
101743,ethiean01,2016,1,LAN,NL,16,24,2,5,1,0,1,2.0,0.0,0.0,2,6.0,1.0,0.0,0.0,0.0,1.0
101751,feldmsc01,2016,1,HOU,AL,26,2,0,0,0,0,0,0.0,0.0,0.0,0,2.0,0.0,0.0,0.0,0.0,0.0
101753,felizmi01,2016,1,HOU,AL,47,0,0,0,0,0,0,0.0,0.0,0.0,0,0.0,0.0,0.0,0.0,0.0,0.0
101756,fieldjo03,2016,1,HOU,AL,15,0,0,0,0,0,0,0.0,0.0,0.0,0,0.0,0.0,0.0,0.0,0.0,0.0
101757,fieldjo03,2016,2,LAN,NL,22,1,0,0,0,0,0,0.0,0.0,0.0,0,1.0,0.0,0.0,0.0,0.0,0.0
101760,fienca01,2016,2,LAN,NL,25,0,0,0,0,0,0,0.0,0.0,0.0,0,0.0,0.0,0.0,0.0,0.0,0.0
101761,fiersmi01,2016,1,HOU,AL,31,0,0,0,0,0,0,0.0,0.0,0.0,0,0.0,0.0,0.0,0.0,0.0,0.0
101764,fistedo01,2016,1,HOU,AL,32,5,0,1,0,0,0,2.0,0.0,0.0,0,1.0,0.0,0.0,2.0,0.0,0.0
101789,friasca01,2016,1,LAN,NL,1,1,0,0,0,0,0,0.0,0.0,0.0,0,1.0,0.0,0.0,0.0,0.0,0.0
101800,gamelbe01,2016,1,NYA,AL,6,8,1,1,0,0,0,0.0,0.0,0.0,1,1.0,0.0,0.0,1.0,0.0,1.0
101810,garciyi01,2016,1,LAN,NL,9,0,0,0,0,0,0,0.0,0.0,0.0,0,0.0,0.0,0.0,0.0,0.0,0.0
101811,gardnbr01,2016,1,NYA,AL,148,547,80,143,22,6,7,41.0,16.0,4.0,70,106.0,0.0,8.0,4.0,5.0,6.0
101816,gattiev01,2016,1,HOU,AL,128,447,58,112,19,0,32,72.0,2.0,1.0,43,127.0,6.0,4.0,0.0,5.0,12.0
101826,gileske01,2016,1,HOU,AL,69,0,0,0,0,0,0,0.0,0.0,0.0,0,0.0,0.0,0.0,0.0,0.0,0.0
101843,gomezca01,2016,1,HOU,AL,85,295,27,62,16,1,5,29.0,13.0,2.0,21,100.0,2.0,4.0,3.0,0.0,11.0
101846,gonzaad01,2016,1,LAN,NL,156,568,69,162,31,0,18,90.0,0.0,2.0,55,117.0,9.0,4.0,0.0,6.0,16.0
101851,gonzama01,2016,1,HOU,AL,141,484,55,123,26,3,13,51.0,12.0,6.0,22,118.0,1.0,5.0,6.0,1.0,16.0
101855,goodyni01,2016,1,NYA,AL,27,0,0,0,0,0,0,0.0,0.0,0.0,0,0.0,0.0,0.0,0.0,0.0,0.0
101864,gourryu01,2016,1,HOU,AL,36,130,13,34,7,0,3,15.0,1.0,1.0,5,12.0,0.0,1.0,0.0,1.0,7.0
101868,grandya01,2016,1,LAN,NL,126,390,49,89,14,1,27,72.0,1.0,3.0,64,116.0,1.0,2.0,0.0,1.0,11.0
101873,greench03,2016,1,NYA,AL,12,4,0,0,0,0,0,0.0,0.0,0.0,0,4.0,0.0,0.0,0.0,0.0,0.0
101876,gregelu01,2016,1,HOU,AL,59,0,0,0,0,0,0,0.0,0.0,0.0,0,0.0,0.0,0.0,0.0,0.0,0.0
101877,gregodi01,2016,1,NYA,AL,153,562,68,155,32,2,20,70.0,7.0,1.0,19,82.0,2.0,6.0,5.0,5.0,9.0
101892,gustaja01,2016,1,HOU,AL,14,0,0,0,0,0,0,0.0,0.0,0.0,0,0.0,0.0,0.0,0.0,0.0,0.0
101905,hanigry01,2016,1,BOS,AL,35,105,9,18,4,0,1,14.0,0.0,0.0,7,27.0,0.0,1.0,0.0,0.0,5.0
101914,harriwi02,2016,1,HOU,AL,66,0,0,0,0,0,0,0.0,0.0,0.0,0,0.0,0.0,0.0,0.0,0.0,0.0
101917,hatchch02,2016,1,LAN,NL,37,3,0,1,0,0,0,1.0,0.0,0.0,0,0.0,0.0,0.0,0.0,0.0,0.0
101921,headlch01,2016,1,NYA,AL,140,467,58,118,18,1,14,51.0,8.0,2.0,51,118.0,3.0,6.0,0.0,5.0,7.0
101927,hellebe01,2016,1,NYA,AL,10,0,0,0,0,0,0,0.0,0.0,0.0,0,0.0,0.0,0.0,0.0,0.0,0.0
101929,hembrhe01,2016,1,BOS,AL,38,0,0,0,0,0,0,0.0,0.0,0.0,0,0.0,0.0,0.0,0.0,0.0,0.0
101936,hernaen02,2016,1,LAN,NL,109,216,25,41,8,0,7,18.0,2.0,0.0,28,64.0,1.0,0.0,0.0,0.0,3.0
101939,hernama02,2016,1,BOS,AL,40,51,11,15,1,0,1,5.0,1.0,0.0,5,10.0,0.0,0.0,0.0,0.0,0.0
101941,hernate01,2016,1,HOU,AL,41,100,15,23,7,0,4,11.0,0.0,2.0,11,28.0,1.0,0.0,0.0,1.0,5.0
101950,hicksaa01,2016,1,NYA,AL,123,327,32,71,13,1,8,31.0,3.0,4.0,30,68.0,1.0,0.0,1.0,3.0,7.0
101953,hillaa01,2016,2,BOS,AL,47,124,14,27,3,0,2,9.0,0.0,0.0,11,16.0,2.0,1.0,0.0,0.0,1.0
101955,hillri01,2016,2,LAN,NL,6,12,0,0,0,0,0,0.0,0.0,0.0,0,8.0,0.0,0.0,0.0,0.0,0.0
101960,holadbr01,2016,2,BOS,AL,14,33,3,7,1,0,0,1.0,0.0,0.0,2,12.0,0.0,0.0,0.0,0.0,1.0
101961,holdejo02,2016,1,NYA,AL,8,0,0,0,0,0,0,0.0,0.0,0.0,0,0.0,0.0,0.0,0.0,0.0,0.0
101964,holtbr01,2016,1,BOS,AL,94,290,45,74,16,0,7,34.0,4.0,3.0,27,58.0,0.0,3.0,1.0,3.0,5.0
101971,howeljp01,2016,1,LAN,NL,64,2,0,0,0,0,0,0.0,0.0,0.0,0,2.0,0.0,0.0,0.0,0.0,0.0
101973,hoytja01,2016,1,HOU,AL,22,0,0,0,0,0,0,0.0,0.0,0.0,0,0.0,0.0,0.0,0.0,0.0,0.0
101998,janseke01,2016,1,LAN,NL,72,0,0,0,0,0,0,0.0,0.0,0.0,0,0.0,0.0,0.0,0.0,0.0,0.0
102016,johnsmi04,2016,1,LAN,NL,7,6,1,1,0,0,0,0.0,0.0,0.0,0,1.0,0.0,0.0,0.0,0.0,0.0
102024,judgeaa01,2016,1,NYA,AL,27,84,10,15,2,0,4,10.0,0.0,1.0,9,42.0,0.0,1.0,0.0,1.0,2.0
102031,kazmisc01,2016,1,LAN,NL,27,43,3,5,0,0,0,2.0,0.0,0.0,1,24.0,0.0,0.0,6.0,0.0,1.0
102037,kellyjo05,2016,1,BOS,AL,20,0,0,0,0,0,0,0.0,0.0,0.0,0,0.0,0.0,0.0,0.0,0.0,0.0
102041,kempto01,2016,1,HOU,AL,59,120,15,26,4,3,1,7.0,2.0,1.0,14,27.0,0.0,0.0,1.0,1.0,5.0
102042,kendrho01,2016,1,LAN,NL,146,487,65,124,26,2,8,40.0,10.0,2.0,50,96.0,2.0,3.0,0.0,3.0,20.0
102046,kershcl01,2016,1,LAN,NL,23,46,2,8,1,0,0,3.0,0.0,0.0,1,12.0,0.0,0.0,3.0,0.0,0.0
102047,keuchda01,2016,1,HOU,AL,26,2,0,0,0,0,0,0.0,0.0,0.0,0,0.0,0.0,0.0,0.0,0.0,0.0
102051,kimbrcr01,2016,1,BOS,AL,57,0,0,0,0,0,0,0.0,0.0,0.0,0,0.0,0.0,0.0,0.0,0.0,0.0
102067,kratzer01,2016,1,HOU,AL,15,29,0,2,1,0,0,0.0,0.0,0.0,1,14.0,0.0,0.0,0.0,0.0,1.0
102076,lamarry01,2016,1,BOS,AL,6,5,1,0,0,0,0,0.0,0.0,0.0,1,2.0,0.0,0.0,0.0,0.0,1.0
102085,layneto01,2016,1,BOS,AL,34,0,0,0,0,0,0,0.0,0.0,0.0,0,0.0,0.0,0.0,0.0,0.0,0.0
102086,layneto01,2016,2,NYA,AL,29,0,0,0,0,0,0,0.0,0.0,0.0,0,0.0,0.0,0.0,0.0,0.0,0.0
102095,leonsa01,2016,1,BOS,AL,78,252,36,78,17,2,7,35.0,0.0,0.0,23,66.0,1.0,2.0,4.0,2.0,4.0
102098,liberad01,2016,1,LAN,NL,58,0,0,0,0,0,0,0.0,0.0,0.0,0,0.0,0.0,0.0,0.0,0.0,0.0
102099,lightpa01,2016,1,BOS,AL,2,0,0,0,0,0,0,0.0,0.0,0.0,0,0.0,0.0,0.0,0.0,0.0,0.0
102131,maedake01,2016,1,LAN,NL,35,57,5,7,1,0,1,4.0,0.0,0.0,1,16.0,0.0,0.0,8.0,0.0,1.0
102147,marisja01,2016,1,HOU,AL,118,287,40,60,18,1,5,21.0,10.0,5.0,16,83.0,0.0,3.0,4.0,1.0,4.0
102152,marrede01,2016,1,BOS,AL,13,12,0,1,0,0,0,0.0,0.0,0.0,2,5.0,0.0,0.0,0.0,0.0,0.0
102164,martimi02,2016,2,BOS,AL,4,6,1,1,0,0,0,0.0,0.0,0.0,1,2.0,0.0,0.0,0.0,0.0,0.0
102185,mccanbr01,2016,1,NYA,AL,130,429,56,104,13,0,20,58.0,1.0,0.0,54,99.0,2.0,7.0,0.0,2.0,15.0
102187,mccarbr01,2016,1,LAN,NL,10,13,0,0,0,0,0,1.0,0.0,0.0,2,6.0,0.0,0.0,0.0,0.0,0.0
102189,mcculla02,2016,1,HOU,AL,14,3,1,1,0,0,0,0.0,0.0,0.0,0,0.0,0.0,0.0,0.0,0.0,0.0
102195,mchugco01,2016,1,HOU,AL,33,6,0,0,0,0,0,0.0,0.0,0.0,0,2.0,0.0,0.0,2.0,0.0,0.0
102213,millean01,2016,1,NYA,AL,44,0,0,0,0,0,0,0.0,0.0,0.0,0,0.0,0.0,0.0,0.0,0.0,0.0
102217,millemi01,2016,1,BOS,AL,1,1,0,0,0,0,0,0.0,0.0,0.0,0,0.0,0.0,0.0,0.0,0.0,0.0
102224,mitchbr01,2016,1,NYA,AL,5,0,0,0,0,0,0,0.0,0.0,0.0,0,0.0,0.0,0.0,0.0,0.0,0.0
102227,moncayo01,2016,1,BOS,AL,8,19,3,4,1,0,0,1.0,0.0,0.0,1,12.0,0.0,0.0,0.0,0.0,0.0
102238,moranco01,2016,1,HOU,AL,9,23,1,3,1,0,0,2.0,0.0,0.0,1,8.0,0.0,1.0,0.0,0.0,4.0
102258,mulleco01,2016,1,NYA,AL,3,0,0,0,0,0,0,0.0,0.0,0.0,0,0.0,0.0,0.0,0.0,0.0,0.0
102264,musgrjo01,2016,1,HOU,AL,11,0,0,0,0,0,0,0.0,0.0,0.0,0,0.0,0.0,0.0,1.0,0.0,0.0
102279,neshepa01,2016,1,HOU,AL,60,0,0,0,0,0,0,0.0,0.0,0.0,0,0.0,0.0,0.0,0.0,0.0,0.0
102292,norribu01,2016,2,LAN,NL,13,15,1,4,0,0,0,1.0,0.0,0.0,0,2.0,0.0,0.0,1.0,0.0,0.0
102295,novaiv01,2016,1,NYA,AL,21,4,0,0,0,0,0,0.0,0.0,0.0,0,3.0,0.0,0.0,0.0,0.0,0.0
102316,olsonty01,2016,1,NYA,AL,1,0,0,0,0,0,0,0.0,0.0,0.0,0,0.0,0.0,0.0,0.0,0.0,0.0
102322,ortizda01,2016,1,BOS,AL,151,537,79,169,48,1,38,127.0,2.0,0.0,80,86.0,15.0,2.0,0.0,7.0,22.0
102324,osullse01,2016,1,BOS,AL,5,0,0,0,0,0,0,0.0,0.0,0.0,0,0.0,0.0,0.0,0.0,0.0,0.0
102329,owenshe02,2016,1,BOS,AL,5,0,0,0,0,0,0,0.0,0.0,0.0,0,0.0,0.0,0.0,0.0,0.0,0.0
102340,parkebl01,2016,2,NYA,AL,16,0,0,0,0,0,0,0.0,0.0,0.0,0,0.0,0.0,0.0,0.0,0.0,0.0
102342,parmech01,2016,1,NYA,AL,6,8,4,4,1,0,2,4.0,0.0,0.0,0,3.0,0.0,0.0,0.0,0.0,0.0
102348,paulida01,2016,1,HOU,AL,3,0,0,0,0,0,0,0.0,0.0,0.0,0,0.0,0.0,0.0,0.0,0.0,0.0
102351,pazosja01,2016,1,NYA,AL,7,0,0,0,0,0,0,0.0,0.0,0.0,0,0.0,0.0,0.0,0.0,0.0,0.0
102352,peacobr01,2016,1,HOU,AL,10,0,0,0,0,0,0,0.0,0.0,0.0,0,0.0,0.0,0.0,0.0,0.0,0.0
102356,pederjo01,2016,1,LAN,NL,137,406,64,100,26,0,25,68.0,6.0,2.0,63,130.0,4.0,4.0,1.0,2.0,5.0
102357,pedrodu01,2016,1,BOS,AL,154,633,105,201,36,1,15,74.0,7.0,4.0,61,73.0,0.0,0.0,1.0,3.0,24.0
102395,pindebr01,2016,1,NYA,AL,1,0,0,0,0,0,0,0.0,0.0,0.0,0,0.0,0.0,0.0,0.0,0.0,0.0
102397,pinedmi01,2016,1,NYA,AL,32,1,0,0,0,0,0,0.0,0.0,0.0,0,1.0,0.0,0.0,0.0,0.0,0.0
102408,pomerdr01,2016,2,BOS,AL,14,2,0,0,0,0,0,0.0,0.0,0.0,0,2.0,0.0,0.0,0.0,0.0,0.0
102410,porceri01,2016,1,BOS,AL,33,5,0,1,0,0,0,0.0,0.0,0.0,0,1.0,0.0,0.0,0.0,0.0,0.0
102417,priceda01,2016,1,BOS,AL,35,10,0,0,0,0,0,0.0,0.0,0.0,1,8.0,0.0,0.0,0.0,0.0,0.0
102419,puigya01,2016,1,LAN,NL,104,334,45,88,14,2,11,45.0,5.0,2.0,24,74.0,0.0,7.0,0.0,3.0,10.0
102432,ramirha01,2016,1,BOS,AL,147,549,81,157,28,1,30,111.0,9.0,3.0,60,120.0,5.0,7.0,0.0,4.0,17.0
102440,ramirno01,2016,1,BOS,AL,14,0,0,0,0,0,0,0.0,0.0,0.0,0,0.0,0.0,0.0,0.0,0.0,0.0
102447,rasmuco01,2016,1,HOU,AL,107,369,38,76,10,0,15,54.0,4.0,1.0,43,121.0,0.0,0.0,1.0,4.0,5.0
102449,ravinjo01,2016,1,LAN,NL,10,0,0,0,0,0,0,0.0,0.0,0.0,0,0.0,0.0,0.0,0.0,0.0,0.0
102456,reddijo01,2016,2,LAN,NL,47,155,20,40,6,0,2,9.0,3.0,3.0,11,22.0,0.0,0.0,0.0,0.0,1.0
102458,reedaj01,2016,1,HOU,AL,45,122,11,20,3,0,3,8.0,0.0,0.0,18,48.0,0.0,0.0,0.0,1.0,1.0
102461,refsnro01,2016,1,NYA,AL,58,152,25,38,9,0,0,12.0,2.0,1.0,18,30.0,2.0,1.0,0.0,3.0,5.0
102490,rodgebr01,2016,1,HOU,AL,5,0,0,0,0,0,0,0.0,0.0,0.0,0,0.0,0.0,0.0,0.0,0.0,0.0
102494,rodrial01,2016,1,NYA,AL,65,225,19,45,7,0,9,31.0,3.0,0.0,14,67.0,0.0,1.0,0.0,3.0,4.0
102495,rodried05,2016,1,BOS,AL,20,2,0,0,0,0,0,0.0,0.0,0.0,0,2.0,0.0,0.0,0.0,0.0,0.0
102510,rominau01,2016,1,NYA,AL,62,165,17,40,11,0,4,26.0,1.0,0.0,7,31.0,1.0,0.0,1.0,3.0,7.0
102522,rossro01,2016,1,BOS,AL,54,0,0,0,0,0,0,0.0,0.0,0.0,0,0.0,0.0,0.0,0.0,0.0,0.0
102531,ruizca01,2016,2,LAN,NL,14,36,3,10,2,0,0,3.0,0.0,0.0,3,5.0,0.0,1.0,0.0,0.0,1.0
102537,rutlejo01,2016,1,BOS,AL,28,49,9,13,6,0,0,3.0,2.0,0.0,6,19.0,0.0,0.0,1.0,0.0,3.0
102540,ryuhy01,2016,1,LAN,NL,1,1,0,0,0,0,0,0.0,0.0,0.0,0,0.0,0.0,0.0,0.0,0.0,0.0
102543,sabatcc01,2016,1,NYA,AL,30,1,0,0,0,0,0,0.0,0.0,0.0,0,0.0,0.0,0.0,1.0,0.0,1.0
102556,sanchga02,2016,1,NYA,AL,53,201,34,60,12,0,20,42.0,1.0,0.0,24,57.0,2.0,2.0,0.0,2.0,5.0
102559,sandopa01,2016,1,BOS,AL,3,6,0,0,0,0,0,0.0,0.0,0.0,1,4.0,0.0,0.0,0.0,0.0,0.0
102585,scottro02,2016,1,BOS,AL,7,0,0,0,0,0,0,0.0,0.0,0.0,0,0.0,0.0,0.0,0.0,0.0,0.0
102588,seageco01,2016,1,LAN,NL,157,627,105,193,40,5,26,72.0,3.0,3.0,54,133.0,5.0,4.0,0.0,2.0,12.0
102590,segedro01,2016,1,LAN,NL,40,73,9,17,2,1,2,12.0,0.0,0.0,6,22.0,0.0,2.0,0.0,2.0,1.0
102594,severlu01,2016,1,NYA,AL,22,0,0,0,0,0,0,0.0,0.0,0.0,0,0.0,0.0,0.0,0.0,0.0,0.0
102598,shawtr01,2016,1,BOS,AL,145,480,63,116,34,2,16,71.0,5.0,1.0,43,133.0,4.0,3.0,0.0,4.0,10.0
102603,shrevch01,2016,1,NYA,AL,37,0,0,0,0,0,0,0.0,0.0,0.0,0,0.0,0.0,0.0,0.0,0.0,0.0
102609,sippto01,2016,1,HOU,AL,60,0,0,0,0,0,0,0.0,0.0,0.0,0,0.0,0.0,0.0,0.0,0.0,0.0
102612,smithca02,2016,1,BOS,AL,3,0,0,0,0,0,0,0.0,0.0,0.0,0,0.0,0.0,0.0,0.0,0.0,0.0
102630,solando01,2016,1,NYA,AL,9,22,5,5,2,0,1,2.0,0.0,0.0,1,3.0,0.0,0.0,0.0,0.0,0.0
102640,springe01,2016,1,HOU,AL,162,644,116,168,29,5,29,82.0,9.0,10.0,88,178.0,2.0,11.0,0.0,1.0,12.0
102643,stassma01,2016,1,HOU,AL,9,13,1,1,0,0,0,0.0,0.0,0.0,0,5.0,0.0,0.0,0.0,0.0,0.0
102645,stewabr01,2016,1,LAN,NL,7,10,0,1,0,0,0,0.0,0.0,0.0,0,7.0,0.0,0.0,0.0,0.0,0.0
102656,stripro01,2016,1,LAN,NL,22,24,2,2,0,0,0,1.0,0.0,0.0,2,12.0,0.0,0.0,1.0,0.0,0.0
102673,swarzan01,2016,1,NYA,AL,26,0,0,0,0,0,0,0.0,0.0,0.0,0,0.0,0.0,0.0,0.0,0.0,0.0
102674,swihabl01,2016,1,BOS,AL,19,62,9,16,0,3,0,5.0,0.0,1.0,11,17.0,0.0,0.0,0.0,1.0,0.0
102678,tanakma01,2016,1,NYA,AL,31,2,0,0,0,0,0,0.0,0.0,0.0,0,2.0,0.0,0.0,0.0,0.0,0.0
102681,tayloch03,2016,2,LAN,NL,34,58,8,12,2,2,1,7.0,0.0,0.0,4,13.0,1.0,0.0,0.0,0.0,3.0
102683,tazawju01,2016,1,BOS,AL,53,0,0,0,0,0,0,0.0,0.0,0.0,0,0.0,0.0,0.0,0.0,0.0,0.0
102685,teixema01,2016,1,NYA,AL,116,387,43,79,16,0,15,44.0,2.0,0.0,47,105.0,1.0,2.0,0.0,2.0,7.0
102690,tepesni01,2016,1,LAN,NL,1,1,0,0,0,0,0,0.0,0.0,0.0,0,1.0,0.0,0.0,0.0,0.0,0.0
102693,thomptr01,2016,1,LAN,NL,80,236,31,53,11,0,13,32.0,5.0,1.0,26,66.0,0.0,0.0,0.0,0.0,3.0
102698,tolesan01,2016,1,LAN,NL,48,105,19,33,9,1,3,16.0,1.0,1.0,8,25.0,2.0,1.0,0.0,1.0,1.0
102707,torrero01,2016,1,NYA,AL,72,155,20,40,7,4,1,12.0,2.0,1.0,10,20.0,0.0,1.0,1.0,1.0,4.0
102714,tsaoch01,2016,1,LAN,NL,2,0,0,0,0,0,0,0.0,0.0,0.0,0,0.0,0.0,0.0,0.0,0.0,0.0
102715,tuckepr01,2016,1,HOU,AL,48,134,11,22,8,1,4,8.0,0.0,0.0,8,40.0,0.0,2.0,0.0,0.0,2.0
102720,turneju01,2016,1,LAN,NL,151,556,79,153,34,3,27,90.0,4.0,1.0,48,107.0,1.0,10.0,0.0,8.0,16.0
102722,ueharko01,2016,1,BOS,AL,50,0,0,0,0,0,0,0.0,0.0,0.0,0,0.0,0.0,0.0,0.0,0.0,0.0
102727,uriasju01,2016,1,LAN,NL,18,22,0,3,0,0,0,2.0,0.0,0.0,0,9.0,0.0,0.0,4.0,0.0,1.0
102729,utleych01,2016,1,LAN,NL,138,512,79,129,26,3,14,52.0,2.0,2.0,40,115.0,1.0,11.0,1.0,1.0,0.0
102731,valbulu01,2016,1,HOU,AL,90,292,38,76,17,1,13,40.0,1.0,1.0,44,81.0,2.0,1.0,3.0,2.0,5.0
102734,vanslsc01,2016,1,LAN,NL,52,102,10,23,6,0,1,7.0,1.0,2.0,5,24.0,1.0,5.0,0.0,1.0,3.0
102738,vazquch01,2016,1,BOS,AL,57,172,21,39,9,1,1,12.0,0.0,0.0,10,39.0,1.0,2.0,0.0,0.0,3.0
102740,venabwi01,2016,1,LAN,NL,12,18,2,1,1,0,0,0.0,0.0,0.0,0,5.0,0.0,1.0,0.0,0.0,0.0
102764,walteza01,2016,1,LAN,NL,3,5,0,0,0,0,0,0.0,0.0,0.0,0,2.0,0.0,0.0,0.0,0.0,0.0
102767,warread01,2016,2,NYA,AL,29,0,0,0,0,0,0,0.0,0.0,0.0,0,0.0,0.0,0.0,0.0,0.0,0.0
102780,whitety01,2016,1,HOU,AL,86,249,24,54,16,0,8,28.0,1.0,0.0,23,65.0,1.0,2.0,0.0,2.0,6.0
102788,willima07,2016,1,NYA,AL,12,27,4,8,1,0,0,2.0,0.0,0.0,1,12.0,0.0,0.0,1.0,0.0,0.0
102804,woodal02,2016,1,LAN,NL,15,16,2,4,0,0,0,2.0,0.0,0.0,1,9.0,0.0,0.0,2.0,0.0,0.0
102808,worthda01,2016,1,HOU,AL,16,39,4,7,2,0,0,1.0,0.0,0.0,1,6.0,0.0,0.0,0.0,0.0,1.0
102813,wrighst01,2016,1,BOS,AL,25,4,0,0,0,0,0,0.0,0.0,0.0,0,3.0,0.0,0.0,0.0,0.0,0.0
102814,yateski01,2016,1,NYA,AL,41,0,0,0,0,0,0,0.0,0.0,0.0,0,0.0,0.0,0.0,0.0,0.0,0.0
102820,youngch04,2016,1,BOS,AL,76,203,29,56,18,0,9,24.0,4.0,2.0,21,50.0,0.0,3.0,0.0,0.0,4.0
102821,younger03,2016,1,NYA,AL,6,1,2,0,0,0,0,0.0,1.0,0.0,0,0.0,0.0,0.0,0.0,0.0,0.0
102825,zieglbr01,2016,2,BOS,AL,33,0,0,0,0,0,0,0.0,0.0,0.0,0,0.0,0.0,0.0,0.0,0.0,0.0
102831,abadfe01,2017,1,BOS,AL,48,0,0,0,0,0,0,0.0,0.0,0.0,0,0.0,0.0,0.0,0.0,0.0,0.0
102864,altuvjo01,2017,1,HOU,AL,153,590,112,204,39,4,24,81.0,32.0,6.0,58,84.0,3.0,9.0,1.0,4.0,19.0
102880,andujmi01,2017,1,NYA,AL,5,7,0,4,2,0,0,4.0,1.0,0.0,1,0.0,0.0,0.0,0.0,0.0,0.0
102881,aokino01,2017,1,HOU,AL,71,202,28,55,12,1,2,19.0,5.0,2.0,15,29.0,1.0,2.0,1.0,4.0,11.0
102897,austity01,2017,1,NYA,AL,20,40,4,9,2,0,2,8.0,0.0,0.0,4,17.0,0.0,0.0,0.0,2.0,1.0
102900,avilalu01,2017,1,LAN,NL,61,2,0,0,0,0,0,0.0,0.0,0.0,0,1.0,0.0,0.0,0.0,0.0,0.0
102906,baezpe01,2017,1,LAN,NL,66,1,0,0,0,0,0,1.0,0.0,0.0,1,1.0,0.0,0.0,0.0,0.0,0.0
102912,barneau01,2017,1,LAN,NL,102,218,35,63,15,2,8,38.0,4.0,1.0,39,43.0,1.0,5.0,0.0,0.0,6.0
102916,barnema01,2017,1,BOS,AL,70,0,0,0,0,0,0,0.0,0.0,0.0,0,0.0,0.0,0.0,0.0,0.0,0.0
102937,bellico01,2017,1,LAN,NL,132,480,87,128,26,4,39,97.0,10.0,3.0,64,146.0,13.0,1.0,0.0,3.0,5.0
102941,beltrca01,2017,1,HOU,AL,129,467,60,108,29,0,14,51.0,0.0,0.0,33,102.0,3.0,3.0,0.0,6.0,9.0
102942,beninan01,2017,1,BOS,AL,151,573,84,155,26,1,20,90.0,20.0,5.0,70,112.0,7.0,6.0,1.0,8.0,16.0
102948,betande01,2017,1,NYA,AL,66,0,0,0,0,0,0,0.0,0.0,0.0,0,0.0,0.0,0.0,0.0,0.0,0.0
102951,bettsmo01,2017,1,BOS,AL,153,628,101,166,46,2,24,102.0,26.0,3.0,77,79.0,9.0,2.0,0.0,5.0,9.0
102954,birdgr01,2017,1,NYA,AL,48,147,20,28,7,0,9,28.0,0.0,0.0,19,42.0,0.0,2.0,0.0,2.0,2.0
102966,bogaexa01,2017,1,BOS,AL,148,571,94,156,32,6,10,62.0,15.0,1.0,56,116.0,6.0,6.0,0.0,2.0,17.0
102979,boyerbl01,2017,1,BOS,AL,32,0,0,0,0,0,0,0.0,0.0,0.0,0,0.0,0.0,0.0,0.0,0.0,0.0
102984,bradlja02,2017,1,BOS,AL,133,482,58,118,19,3,17,63.0,8.0,3.0,48,124.0,4.0,9.0,0.0,2.0,8.0
102991,bregmal01,2017,1,HOU,AL,155,556,88,158,39,5,19,71.0,17.0,5.0,55,97.0,2.0,7.0,1.0,7.0,15.0
103009,buehlwa01,2017,1,LAN,NL,8,0,0,0,0,0,0,0.0,0.0,0.0,0,0.0,0.0,0.0,0.0,0.0,0.0
103044,cartech02,2017,1,NYA,AL,62,184,20,37,5,1,8,26.0,0.0,0.0,20,76.0,0.0,2.0,0.0,2.0,5.0
103048,castifa01,2017,1,LAN,NL,2,0,0,0,0,0,0,0.0,0.0,0.0,0,0.0,0.0,0.0,0.0,0.0,0.0
103054,castrst01,2017,1,NYA,AL,112,443,66,133,18,1,16,63.0,2.0,0.0,23,93.0,1.0,4.0,0.0,3.0,9.0
103059,centeju01,2017,1,HOU,AL,22,52,5,12,0,0,2,4.0,0.0,0.0,4,12.0,1.0,0.0,1.0,0.0,2.0
103063,cessalu01,2017,1,NYA,AL,10,0,0,0,0,0,0,0.0,0.0,0.0,0,0.0,0.0,0.0,0.0,0.0,0.0
103067,chapmar01,2017,1,NYA,AL,52,0,0,0,0,0,0,0.0,0.0,0.0,0,0.0,0.0,0.0,0.0,0.0,0.0
103074,choiji01,2017,1,NYA,AL,6,15,2,4,1,0,2,5.0,0.0,0.0,2,5.0,0.0,0.0,0.0,1.0,1.0
103077,cingrto01,2017,2,LAN,NL,22,0,0,0,0,0,0,0.0,0.0,0.0,0,0.0,0.0,0.0,0.0,0.0,0.0
103083,clippty01,2017,1,NYA,AL,40,0,0,0,0,0,0,0.0,0.0,0.0,0,0.0,0.0,0.0,0.0,0.0,0.0
103085,clippty01,2017,3,HOU,AL,16,0,0,0,0,0,0,0.0,0.0,0.0,0,0.0,0.0,0.0,0.0,0.0,0.0
103103,coopega03,2017,1,NYA,AL,13,43,3,14,5,1,0,6.0,0.0,0.0,1,12.0,0.0,0.0,0.0,1.0,0.0
103107,correca01,2017,1,HOU,AL,109,422,82,133,25,1,24,84.0,2.0,1.0,53,92.0,5.0,2.0,0.0,4.0,12.0
103123,culbech01,2017,1,LAN,NL,15,13,0,2,1,0,0,1.0,0.0,0.0,2,4.0,0.0,0.0,0.0,0.0,2.0
103130,darnach01,2017,2,BOS,AL,2,1,2,1,0,0,0,0.0,0.0,0.0,0,0.0,0.0,0.0,0.0,0.0,0.0
103134,darviyu01,2017,2,LAN,NL,9,17,0,1,0,0,0,0.0,0.0,0.0,1,14.0,0.0,0.0,2.0,0.0,0.0
103138,davisjd01,2017,1,HOU,AL,25,62,8,14,4,0,4,7.0,1.0,1.0,4,20.0,0.0,1.0,0.0,1.0,3.0
103141,davisra01,2017,2,BOS,AL,17,36,7,9,2,0,0,2.0,3.0,1.0,1,13.0,0.0,1.0,0.0,0.0,2.0
103145,daytogr01,2017,1,LAN,NL,29,0,0,0,0,0,0,0.0,0.0,0.0,0,0.0,0.0,0.0,0.0,0.0,0.0
103162,devench02,2017,1,HOU,AL,62,1,0,0,0,0,0,0.0,0.0,0.0,0,1.0,0.0,0.0,0.0,0.0,0.0
103163,deverra01,2017,1,BOS,AL,58,222,34,63,14,0,10,30.0,3.0,1.0,18,57.0,3.0,0.0,0.0,0.0,5.0
103165,diazda01,2017,1,HOU,AL,10,0,0,0,0,0,0,0.0,0.0,0.0,0,0.0,0.0,0.0,0.0,0.0,0.0
103174,dicksok01,2017,1,LAN,NL,7,7,0,1,0,0,0,0.0,0.0,0.0,2,2.0,1.0,0.0,0.0,0.0,0.0
103202,eibnebr01,2017,1,LAN,NL,17,33,3,6,0,0,2,6.0,0.0,0.0,2,17.0,0.0,1.0,0.0,0.0,0.0
103204,eliasro01,2017,1,BOS,AL,1,0,0,0,0,0,0,0.0,0.0,0.0,0,0.0,0.0,0.0,0.0,0.0,0.0
103207,ellsbja01,2017,1,NYA,AL,112,356,65,94,20,4,7,39.0,22.0,3.0,41,63.0,3.0,5.0,2.0,0.0,7.0
103223,ethiean01,2017,1,LAN,NL,22,34,3,8,1,0,2,3.0,0.0,0.0,4,10.0,1.0,0.0,0.0,0.0,0.0
103228,farmeky01,2017,1,LAN,NL,20,20,1,6,1,0,0,2.0,0.0,0.0,0,3.0,0.0,0.0,0.0,0.0,2.0
103237,felizmi01,2017,1,HOU,AL,46,1,0,0,0,0,0,0.0,0.0,0.0,0,1.0,0.0,0.0,0.0,0.0,0.0
103241,fieldjo03,2017,1,LAN,NL,57,0,0,0,0,0,0,0.0,0.0,0.0,0,0.0,0.0,0.0,0.0,0.0,0.0
103244,fiersmi01,2017,1,HOU,AL,30,1,1,0,0,0,0,0.0,0.0,0.0,0,1.0,0.0,0.0,0.0,0.0,0.0
103246,fishede01,2017,1,HOU,AL,53,146,21,31,4,1,5,17.0,3.0,3.0,17,54.0,1.0,3.0,0.0,0.0,1.0
103247,fistedo01,2017,1,BOS,AL,18,2,0,0,0,0,0,0.0,0.0,0.0,0,0.0,0.0,0.0,0.0,0.0,0.0
103259,fontwi01,2017,1,LAN,NL,3,0,0,0,0,0,0,0.0,0.0,0.0,0,0.0,0.0,0.0,0.0,0.0,0.0
103260,forsylo01,2017,1,LAN,NL,119,361,56,81,19,0,6,36.0,3.0,2.0,69,109.0,1.0,4.0,0.0,5.0,12.0
103262,fowledu01,2017,1,NYA,AL,1,0,0,0,0,0,0,0.0,0.0,0.0,0,0.0,0.0,0.0,0.0,0.0,0.0
103268,frazicl01,2017,1,NYA,AL,39,134,16,31,9,4,4,17.0,1.0,0.0,7,43.0,0.0,0.0,0.0,1.0,2.0
103270,frazito01,2017,2,NYA,AL,66,194,33,43,4,1,11,32.0,0.0,0.0,35,54.0,1.0,10.0,0.0,2.0,6.0
103274,freemmi01,2017,2,LAN,NL,4,5,0,0,0,0,0,0.0,0.0,0.0,0,2.0,0.0,0.0,0.0,0.0,0.0
103289,gallegi01,2017,1,NYA,AL,16,0,0,0,0,0,0,0.0,0.0,0.0,0,0.0,0.0,0.0,0.0,0.0,0.0
103300,garcija02,2017,3,NYA,AL,8,2,0,0,0,0,0,0.0,0.0,0.0,0,1.0,0.0,0.0,0.0,0.0,0.0
103307,gardnbr01,2017,1,NYA,AL,151,594,96,157,26,4,21,63.0,23.0,5.0,72,122.0,2.0,8.0,5.0,3.0,4.0
103315,gattiev01,2017,1,HOU,AL,84,300,41,79,22,0,12,55.0,0.0,1.0,18,50.0,0.0,4.0,0.0,3.0,10.0
103324,germado01,2017,1,NYA,AL,7,0,0,0,0,0,0,0.0,0.0,0.0,0,0.0,0.0,0.0,0.0,0.0,0.0
103327,gileske01,2017,1,HOU,AL,63,0,0,0,0,0,0,0.0,0.0,0.0,0,0.0,0.0,0.0,0.0,0.0,0.0
103347,gonzaad01,2017,1,LAN,NL,71,231,14,56,17,0,3,30.0,0.0,1.0,16,43.0,1.0,0.0,0.0,4.0,7.0
103351,gonzama01,2017,1,HOU,AL,134,455,67,138,34,0,23,90.0,8.0,3.0,49,99.0,4.0,6.0,3.0,2.0,8.0
103367,gourryu01,2017,1,HOU,AL,139,529,69,158,43,1,18,75.0,3.0,2.0,22,62.0,1.0,7.0,0.0,6.0,12.0
103370,grandcu01,2017,2,LAN,NL,36,112,16,18,2,0,7,12.0,2.0,0.0,18,33.0,0.0,2.0,0.0,0.0,1.0
103371,grandya01,2017,1,LAN,NL,129,438,50,108,27,0,22,58.0,0.0,1.0,40,130.0,0.0,0.0,1.0,3.0,10.0
103377,grayso01,2017,2,NYA,AL,11,0,0,0,0,0,0,0.0,0.0,0.0,0,0.0,0.0,0.0,0.0,0.0,0.0
103378,greench03,2017,1,NYA,AL,40,0,0,0,0,0,0,0.0,0.0,0.0,0,0.0,0.0,0.0,0.0,0.0,0.0
103381,gregelu01,2017,1,HOU,AL,65,0,0,0,0,0,0,0.0,0.0,0.0,0,0.0,0.0,0.0,0.0,0.0,0.0
103382,gregodi01,2017,1,NYA,AL,136,534,73,153,27,0,25,87.0,3.0,1.0,25,70.0,1.0,3.0,0.0,7.0,7.0
103391,guduare01,2017,1,HOU,AL,22,0,0,0,0,0,0,0.0,0.0,0.0,0,0.0,0.0,0.0,0.0,0.0,0.0
103396,gustaja01,2017,1,HOU,AL,6,0,0,0,0,0,0,0.0,0.0,0.0,0,0.0,0.0,0.0,0.0,0.0,0.0
103398,gutiefr01,2017,1,LAN,NL,35,56,8,13,3,0,1,8.0,0.0,1.0,7,16.0,0.0,0.0,0.0,0.0,2.0
103420,harriwi02,2017,1,HOU,AL,46,0,0,0,0,0,0,0.0,0.0,0.0,0,0.0,0.0,0.0,0.0,0.0,0.0
103423,hatchch02,2017,1,LAN,NL,26,0,0,0,0,0,0,0.0,0.0,0.0,0,0.0,0.0,0.0,0.0,0.0,0.0
103428,headlch01,2017,1,NYA,AL,147,512,77,140,30,1,12,61.0,9.0,2.0,60,132.0,2.0,6.0,1.0,7.0,10.0
103435,hellebe01,2017,1,NYA,AL,9,0,0,0,0,0,0,0.0,0.0,0.0,0,0.0,0.0,0.0,0.0,0.0,0.0
103438,hembrhe01,2017,1,BOS,AL,62,0,0,0,0,0,0,0.0,0.0,0.0,0,0.0,0.0,0.0,0.0,0.0,0.0
103446,hernaen02,2017,1,LAN,NL,140,297,46,64,24,2,11,37.0,3.0,0.0,41,80.0,2.0,0.0,1.0,3.0,4.0
103449,hernama02,2017,1,BOS,AL,21,58,7,16,3,0,0,2.0,0.0,1.0,1,15.0,0.0,1.0,0.0,0.0,0.0
103450,hernate01,2017,1,HOU,AL,1,0,0,0,0,0,0,0.0,0.0,0.0,0,0.0,0.0,0.0,0.0,0.0,0.0
103454,herrero01,2017,1,NYA,AL,2,0,0,0,0,0,0,0.0,0.0,0.0,0,0.0,0.0,0.0,0.0,0.0,0.0
103459,hicksaa01,2017,1,NYA,AL,88,301,54,80,18,0,15,52.0,10.0,5.0,51,67.0,0.0,3.0,1.0,5.0,8.0
103461,higasky01,2017,1,NYA,AL,9,18,2,0,0,0,0,0.0,0.0,0.0,2,6.0,0.0,0.0,0.0,0.0,0.0
103464,hillri01,2017,1,LAN,NL,25,45,1,5,1,0,0,4.0,0.0,0.0,0,18.0,0.0,2.0,1.0,1.0,0.0
103467,holdejo02,2017,1,NYA,AL,37,0,0,0,0,0,0,0.0,0.0,0.0,0,0.0,0.0,0.0,0.0,0.0,0.0
103470,hollima01,2017,1,NYA,AL,105,373,50,86,18,0,19,64.0,1.0,0.0,46,114.0,0.0,3.0,0.0,5.0,14.0
103472,holtbr01,2017,1,BOS,AL,64,140,20,28,6,0,0,7.0,2.0,1.0,19,34.0,0.0,3.0,0.0,2.0,3.0
103479,hoytja01,2017,1,HOU,AL,43,1,0,0,0,0,0,0.0,0.0,0.0,0,1.0,0.0,0.0,0.0,0.0,0.0
103500,jankojo01,2017,1,HOU,AL,3,0,0,0,0,0,0,0.0,0.0,0.0,0,0.0,0.0,0.0,0.0,0.0,0.0
103502,janseke01,2017,1,LAN,NL,65,4,0,2,1,0,0,1.0,0.0,0.0,0,0.0,0.0,0.0,0.0,0.0,1.0
103513,johnsbr02,2017,1,BOS,AL,5,2,0,0,0,0,0,0.0,0.0,0.0,0,0.0,0.0,0.0,0.0,0.0,0.0
103525,judgeaa01,2017,1,NYA,AL,155,542,128,154,24,3,52,114.0,9.0,4.0,127,208.0,11.0,5.0,0.0,4.0,15.0
103529,kahnlto01,2017,2,NYA,AL,32,0,0,0,0,0,0,0.0,0.0,0.0,0,0.0,0.0,0.0,0.0,0.0,0.0
103534,kellyjo05,2017,1,BOS,AL,54,0,0,0,0,0,0,0.0,0.0,0.0,0,0.0,0.0,0.0,0.0,0.0,0.0
103538,kempto01,2017,1,HOU,AL,17,37,6,8,1,0,0,4.0,1.0,0.0,1,5.0,0.0,1.0,0.0,0.0,0.0
103541,kendrky01,2017,1,BOS,AL,2,1,0,0,0,0,0,0.0,0.0,0.0,0,1.0,0.0,0.0,1.0,0.0,0.0
103544,kershcl01,2017,1,LAN,NL,27,49,6,9,1,0,0,2.0,0.0,0.0,4,13.0,0.0,0.0,6.0,0.0,2.0
103545,keuchda01,2017,1,HOU,AL,23,3,0,0,0,0,0,0.0,0.0,0.0,0,2.0,0.0,0.0,0.0,0.0,0.0
103547,kimbrcr01,2017,1,BOS,AL,67,0,0,0,0,0,0,0.0,0.0,0.0,0,0.0,0.0,0.0,0.0,0.0,0.0
103565,kozmape01,2017,1,NYA,AL,11,9,2,1,0,0,0,0.0,0.0,0.0,1,2.0,0.0,0.0,0.0,0.0,0.0
103567,kratzer01,2017,1,NYA,AL,4,2,0,2,1,0,0,2.0,0.0,0.0,0,0.0,0.0,0.0,0.0,0.0,0.0
103582,layneto01,2017,1,NYA,AL,19,0,0,0,0,0,0,0.0,0.0,0.0,0,0.0,0.0,0.0,0.0,0.0,0.0
103594,leonsa01,2017,1,BOS,AL,85,271,32,61,14,0,7,39.0,0.0,0.0,25,74.0,1.0,1.0,1.0,3.0,5.0
103597,liberad01,2017,1,LAN,NL,4,0,0,0,0,0,0,0.0,0.0,0.0,0,0.0,0.0,0.0,0.0,0.0,0.0
103601,lintz01,2017,1,BOS,AL,25,56,7,15,0,2,0,2.0,1.0,1.0,9,17.0,0.0,0.0,1.0,0.0,0.0
103603,liriafr01,2017,2,HOU,AL,20,0,0,0,0,0,0,0.0,0.0,0.0,0,0.0,0.0,0.0,0.0,0.0,0.0
103608,locasti01,2017,1,LAN,NL,3,1,0,0,0,0,0,0.0,1.0,0.0,0,0.0,0.0,0.0,0.0,0.0,0.0
103632,maddoau01,2017,1,BOS,AL,13,0,0,0,0,0,0,0.0,0.0,0.0,0,0.0,0.0,0.0,0.0,0.0,0.0
103635,maedake01,2017,1,LAN,NL,30,39,2,5,1,0,0,4.0,0.0,0.0,0,3.0,0.0,0.0,5.0,0.0,1.0
103649,marisja01,2017,1,HOU,AL,106,230,50,56,10,0,16,35.0,9.0,4.0,20,90.0,1.0,6.0,2.0,1.0,5.0
103655,marrede01,2017,1,BOS,AL,71,171,32,36,9,0,4,27.0,5.0,0.0,12,61.0,0.0,0.0,3.0,2.0,8.0
103657,martefr01,2017,1,HOU,AL,32,0,0,0,0,0,0,0.0,0.0,0.0,0,0.0,0.0,0.0,0.0,0.0,0.0
103666,martiky01,2017,1,BOS,AL,2,0,0,0,0,0,0,0.0,0.0,0.0,0,0.0,0.0,0.0,0.0,0.0,0.0
103682,maybica01,2017,2,HOU,AL,21,59,6,11,1,1,4,13.0,4.0,3.0,3,16.0,0.0,0.0,1.0,0.0,1.0
103689,mccanbr01,2017,1,HOU,AL,97,349,47,84,12,1,18,62.0,1.0,0.0,38,58.0,3.0,7.0,0.0,5.0,9.0
103691,mccarbr01,2017,1,LAN,NL,19,23,2,1,0,0,0,0.0,0.0,0.0,3,16.0,0.0,0.0,2.0,0.0,0.0
103693,mcculla02,2017,1,HOU,AL,22,3,0,0,0,0,0,0.0,0.0,0.0,0,0.0,0.0,0.0,0.0,0.0,0.0
103701,mchugco01,2017,1,HOU,AL,12,2,0,0,0,0,0,0.0,0.0,0.0,0,2.0,0.0,0.0,0.0,0.0,0.0
103730,mitchbr01,2017,1,NYA,AL,20,0,0,0,0,0,0,0.0,0.0,0.0,0,0.0,0.0,0.0,0.0,0.0,0.0
103740,montgjo01,2017,1,NYA,AL,29,3,0,0,0,0,0,0.0,0.0,0.0,2,2.0,0.0,0.0,0.0,0.0,1.0
103746,moranco01,2017,1,HOU,AL,7,11,3,4,0,1,1,3.0,0.0,0.0,1,1.0,0.0,0.0,0.0,0.0,0.0
103747,morelmi01,2017,1,BOS,AL,149,508,73,125,34,0,22,79.0,0.0,1.0,57,120.0,6.0,6.0,0.0,5.0,14.0
103757,morrobr01,2017,1,LAN,NL,45,0,0,0,0,0,0,0.0,0.0,0.0,0,0.0,0.0,0.0,0.0,0.0,0.0
103759,mortoch02,2017,1,HOU,AL,25,3,0,0,0,0,0,0.0,0.0,0.0,0,0.0,0.0,0.0,0.0,0.0,0.0
103770,musgrjo01,2017,1,HOU,AL,38,5,0,0,0,0,0,0.0,0.0,0.0,0,1.0,0.0,0.0,0.0,0.0,0.0
103801,nunezed02,2017,2,BOS,AL,38,165,23,53,12,0,8,27.0,6.0,2.0,6,25.0,0.0,2.0,0.0,0.0,3.0
103829,pareded02,2017,1,LAN,NL,10,0,0,0,0,0,0,0.0,0.0,0.0,0,0.0,0.0,0.0,0.0,0.0,0.0
103834,paulida01,2017,1,HOU,AL,6,0,0,0,0,0,0,0.0,0.0,0.0,0,0.0,0.0,0.0,0.0,0.0,0.0
103837,peacobr01,2017,1,HOU,AL,34,7,1,2,1,0,0,2.0,0.0,0.0,1,3.0,0.0,0.0,0.0,0.0,0.0
103839,pederjo01,2017,1,LAN,NL,102,273,44,58,20,0,11,35.0,4.0,3.0,39,68.0,1.0,10.0,0.0,1.0,7.0
103840,pedrodu01,2017,1,BOS,AL,105,406,46,119,19,0,7,62.0,4.0,3.0,49,48.0,4.0,2.0,2.0,4.0,11.0
103876,pinedmi01,2017,1,NYA,AL,17,3,0,1,0,0,0,0.0,0.0,0.0,0,2.0,0.0,0.0,1.0,0.0,0.0
103887,pomerdr01,2017,1,BOS,AL,32,1,0,0,0,0,0,0.0,0.0,0.0,0,1.0,0.0,0.0,0.0,0.0,0.0
103888,porceri01,2017,1,BOS,AL,33,4,0,0,0,0,0,0.0,0.0,0.0,0,3.0,0.0,0.0,0.0,0.0,0.0
103897,priceda01,2017,1,BOS,AL,16,1,0,1,0,0,0,0.0,0.0,0.0,0,0.0,0.0,0.0,0.0,0.0,0.0
103902,puigya01,2017,1,LAN,NL,152,499,72,131,24,2,28,74.0,15.0,6.0,64,100.0,8.0,2.0,0.0,5.0,21.0
103913,ramirha01,2017,1,BOS,AL,133,496,58,120,24,0,23,62.0,1.0,3.0,51,116.0,8.0,6.0,0.0,0.0,15.0
103919,ramirno01,2017,1,BOS,AL,2,0,0,0,0,0,0,0.0,0.0,0.0,0,0.0,0.0,0.0,0.0,0.0,0.0
103926,ravinjo01,2017,1,LAN,NL,14,1,0,0,0,0,0,0.0,0.0,0.0,0,0.0,0.0,0.0,1.0,0.0,0.0
103931,reddijo01,2017,1,HOU,AL,134,477,77,150,34,4,13,82.0,7.0,3.0,43,72.0,1.0,0.0,1.0,12.0,9.0
103933,reedad01,2017,2,BOS,AL,29,0,0,0,0,0,0,0.0,0.0,0.0,0,0.0,0.0,0.0,0.0,0.0,0.0
103934,reedaj01,2017,1,HOU,AL,2,6,0,0,0,0,0,0.0,0.0,0.0,0,1.0,0.0,0.0,0.0,0.0,0.0
103936,refsnro01,2017,1,NYA,AL,20,37,3,5,1,1,0,0.0,2.0,0.0,3,8.0,0.0,0.0,0.0,0.0,0.0
103960,roberda08,2017,2,NYA,AL,30,0,0,0,0,0,0,0.0,0.0,0.0,0,0.0,0.0,0.0,0.0,0.0,0.0
103969,rodried05,2017,1,BOS,AL,25,7,0,0,0,0,0,0.0,0.0,0.0,0,2.0,0.0,0.0,0.0,0.0,0.0
103983,rominau01,2017,1,NYA,AL,80,229,19,50,9,1,2,21.0,0.0,0.0,16,57.0,0.0,2.0,2.0,3.0,7.0
103984,romose01,2017,1,LAN,NL,30,0,0,0,0,0,0,0.0,0.0,0.0,0,0.0,0.0,0.0,0.0,0.0,0.0
103998,rossro01,2017,1,BOS,AL,8,0,0,0,0,0,0,0.0,0.0,0.0,0,0.0,0.0,0.0,0.0,0.0,0.0
104011,rutlejo01,2017,1,BOS,AL,37,107,10,24,2,1,0,9.0,1.0,0.0,9,31.0,0.0,2.0,0.0,0.0,1.0
104013,ryuhy01,2017,1,LAN,NL,25,30,3,4,1,0,0,0.0,0.0,0.0,3,18.0,0.0,1.0,4.0,0.0,0.0
104015,sabatcc01,2017,1,NYA,AL,27,3,0,0,0,0,0,0.0,0.0,0.0,1,2.0,0.0,0.0,0.0,0.0,0.0
104020,salech01,2017,1,BOS,AL,32,3,0,1,1,0,0,0.0,0.0,0.0,0,1.0,0.0,0.0,0.0,0.0,0.0
104028,sanchga02,2017,1,NYA,AL,122,471,79,131,20,0,33,90.0,2.0,1.0,40,120.0,1.0,10.0,0.0,4.0,9.0
104031,sandopa01,2017,1,BOS,AL,32,99,10,21,2,0,4,12.0,0.0,1.0,8,24.0,0.0,0.0,0.0,1.0,4.0
104055,scottro02,2017,1,BOS,AL,57,0,0,0,0,0,0,0.0,0.0,0.0,0,0.0,0.0,0.0,0.0,0.0,0.0
104059,seageco01,2017,1,LAN,NL,145,539,85,159,33,0,22,77.0,4.0,2.0,67,131.0,5.0,4.0,0.0,3.0,14.0
104061,segedro01,2017,1,LAN,NL,13,20,3,4,2,0,0,1.0,0.0,0.0,0,7.0,0.0,0.0,0.0,0.0,0.0
104063,selskst01,2017,1,BOS,AL,8,9,0,1,1,0,0,0.0,0.0,0.0,0,5.0,0.0,0.0,0.0,0.0,0.0
104066,severlu01,2017,1,NYA,AL,31,5,1,1,0,0,0,0.0,0.0,0.0,0,1.0,0.0,0.0,0.0,0.0,0.0
104077,shrevch01,2017,1,NYA,AL,44,2,0,0,0,0,0,0.0,0.0,0.0,0,1.0,0.0,0.0,0.0,0.0,0.0
104084,sippto01,2017,1,HOU,AL,46,1,0,0,0,0,0,0.0,0.0,0.0,0,0.0,0.0,0.0,0.0,0.0,0.0
104091,smithca02,2017,1,BOS,AL,8,0,0,0,0,0,0,0.0,0.0,0.0,0,0.0,0.0,0.0,0.0,0.0,0.0
104092,smithca03,2017,1,NYA,AL,9,0,0,0,0,0,0,0.0,0.0,0.0,0,0.0,0.0,0.0,0.0,0.0,0.0
104119,springe01,2017,1,HOU,AL,140,548,112,155,29,0,34,85.0,5.0,7.0,64,111.0,1.0,11.0,0.0,4.0,11.0
104125,stassma01,2017,1,HOU,AL,14,24,5,4,1,0,2,4.0,0.0,0.0,6,4.0,0.0,0.0,0.0,1.0,2.0
104130,stewabr01,2017,1,LAN,NL,17,4,0,1,0,0,0,1.0,0.0,0.0,0,2.0,0.0,0.0,1.0,0.0,0.0
104140,stripro01,2017,1,LAN,NL,51,9,2,0,0,0,0,0.0,0.0,0.0,0,4.0,0.0,0.0,0.0,0.0,0.0
104155,swihabl01,2017,1,BOS,AL,6,5,1,1,0,0,0,0.0,0.0,0.0,2,3.0,0.0,0.0,0.0,0.0,0.0
104161,tanakma01,2017,1,NYA,AL,30,2,0,0,0,0,0,0.0,0.0,0.0,0,2.0,0.0,0.0,1.0,0.0,0.0
104164,taylobe03,2017,1,BOS,AL,14,0,0,0,0,0,0,0.0,0.0,0.0,0,0.0,0.0,0.0,0.0,0.0,0.0
104165,tayloch03,2017,1,LAN,NL,140,514,85,148,34,5,21,72.0,17.0,4.0,50,142.0,0.0,3.0,0.0,1.0,2.0
104177,thomptr01,2017,1,LAN,NL,27,49,6,6,2,1,1,2.0,0.0,0.0,6,23.0,1.0,0.0,0.0,0.0,0.0
104179,tolesan01,2017,1,LAN,NL,31,96,17,26,3,0,5,15.0,0.0,1.0,5,16.0,0.0,1.0,0.0,0.0,3.0
104180,tollias01,2017,1,HOU,AL,3,0,0,0,0,0,0,0.0,0.0,0.0,0,0.0,0.0,0.0,0.0,0.0,0.0
104189,torrero01,2017,1,NYA,AL,108,315,35,92,15,1,3,36.0,2.0,0.0,11,43.0,0.0,1.0,5.0,4.0,9.0
104191,travisa01,2017,1,BOS,AL,33,76,13,20,6,0,0,1.0,1.0,0.0,6,23.0,0.0,1.0,0.0,0.0,2.0
104202,turneju01,2017,1,LAN,NL,130,457,72,147,32,0,21,71.0,7.0,1.0,59,56.0,5.0,19.0,1.0,7.0,12.0
104210,uriasju01,2017,1,LAN,NL,5,6,0,1,0,0,0,0.0,0.0,0.0,0,4.0,0.0,0.0,1.0,0.0,0.0
104212,utleych01,2017,1,LAN,NL,127,309,43,73,20,4,8,34.0,6.0,1.0,32,57.0,0.0,9.0,1.0,2.0,3.0
104221,vanslsc01,2017,1,LAN,NL,29,41,6,5,1,0,2,3.0,1.0,0.0,7,15.0,1.0,0.0,0.0,0.0,0.0
104225,vazquch01,2017,1,BOS,AL,99,324,43,94,18,2,5,32.0,7.0,2.0,17,64.0,0.0,3.0,0.0,1.0,14.0
104227,velazhe01,2017,1,BOS,AL,8,1,0,0,0,0,0,0.0,0.0,0.0,0,0.0,0.0,0.0,0.0,0.0,0.0
104228,verdual01,2017,1,LAN,NL,15,23,1,4,0,0,1,1.0,0.0,1.0,2,4.0,0.0,0.0,0.0,0.0,1.0
104231,verlaju01,2017,2,HOU,AL,5,0,0,0,0,0,0,0.0,0.0,0.0,0,0.0,0.0,0.0,0.0,0.0,0.0
104247,wadety01,2017,1,NYA,AL,30,58,7,9,4,0,0,2.0,1.0,1.0,5,19.0,0.0,0.0,0.0,0.0,2.0
104256,warread01,2017,1,NYA,AL,46,0,0,0,0,0,0,0.0,0.0,0.0,0,0.0,0.0,0.0,0.0,0.0,0.0
104259,watsoto01,2017,2,LAN,NL,24,0,0,0,0,0,0,0.0,0.0,0.0,0,0.0,0.0,0.0,0.0,0.0,0.0
104262,webbty01,2017,1,NYA,AL,7,0,0,0,0,0,0,0.0,0.0,0.0,0,0.0,0.0,0.0,0.0,0.0,0.0
104271,whitety01,2017,1,HOU,AL,22,61,7,17,6,0,3,10.0,0.0,1.0,4,16.0,0.0,1.0,0.0,1.0,0.0
104278,willima07,2017,1,NYA,AL,5,16,3,4,0,0,0,1.0,2.0,0.0,1,2.0,0.0,0.0,0.0,0.0,0.0
104295,woodal02,2017,1,LAN,NL,27,52,1,3,0,0,0,4.0,0.0,0.0,2,29.0,0.0,0.0,4.0,0.0,1.0
104302,workmbr01,2017,1,BOS,AL,33,0,0,0,0,0,0,0.0,0.0,0.0,0,0.0,0.0,0.0,0.0,0.0,0.0
104306,wrighst01,2017,1,BOS,AL,5,0,0,0,0,0,0,0.0,0.0,0.0,0,0.0,0.0,0.0,0.0,0.0,0.0
104314,youngch04,2017,1,BOS,AL,90,243,30,57,12,2,7,25.0,3.0,2.0,30,55.0,0.0,2.0,0.0,1.0,4.0
104330,adamsch01,2018,1,NYA,AL,3,0,0,0,0,0,0,0.0,0.0,0.0,0,0.0,0.0,0.0,0.0,0.0,0.0
104343,alexasc01,2018,1,LAN,NL,73,5,0,0,0,0,0,0.0,0.0,0.0,0,5.0,0.0,0.0,1.0,0.0,0.0
104356,altuvjo01,2018,1,HOU,AL,137,534,84,169,29,2,13,61.0,17.0,4.0,55,79.0,4.0,6.0,3.0,1.0,17.0
104373,andujmi01,2018,1,NYA,AL,149,573,83,170,47,2,27,92.0,2.0,1.0,25,97.0,2.0,4.0,0.0,4.0,9.0
104388,austity01,2018,1,NYA,AL,34,121,16,27,6,0,8,23.0,1.0,1.0,8,53.0,0.0,2.0,0.0,1.0,2.0
104395,axforjo01,2018,2,LAN,NL,5,0,0,0,0,0,0,0.0,0.0,0.0,0,0.0,0.0,0.0,0.0,0.0,0.0
104398,baezpe01,2018,1,LAN,NL,55,4,0,0,0,0,0,0.0,0.0,0.0,0,2.0,0.0,0.0,0.0,0.0,0.0
104406,barneau01,2018,1,LAN,NL,100,200,32,41,5,0,4,14.0,4.0,3.0,31,67.0,4.0,6.0,1.0,0.0,7.0
104410,barnema01,2018,1,BOS,AL,62,0,0,0,0,0,0,0.0,0.0,0.0,0,0.0,0.0,0.0,0.0,0.0,0.0
104436,beeksja01,2018,1,BOS,AL,2,0,0,0,0,0,0,0.0,0.0,0.0,0,0.0,0.0,0.0,0.0,0.0,0.0
104442,bellico01,2018,1,LAN,NL,162,557,84,145,28,7,25,76.0,14.0,1.0,69,151.0,9.0,3.0,0.0,3.0,7.0
104446,beninan01,2018,1,BOS,AL,148,579,103,168,41,6,16,87.0,21.0,3.0,71,106.0,1.0,2.0,2.0,7.0,9.0
104450,betande01,2018,1,NYA,AL,66,1,0,0,0,0,0,0.0,0.0,0.0,0,1.0,0.0,0.0,0.0,0.0,0.0
104452,bettsmo01,2018,1,BOS,AL,136,520,129,180,47,5,32,80.0,30.0,6.0,81,91.0,8.0,8.0,0.0,5.0,5.0
104457,birdgr01,2018,1,NYA,AL,82,272,23,54,16,1,11,38.0,0.0,0.0,30,78.0,1.0,5.0,0.0,4.0,4.0
104468,bogaexa01,2018,1,BOS,AL,136,513,72,148,45,3,23,103.0,8.0,2.0,55,102.0,4.0,6.0,0.0,6.0,14.0
104486,bradlja02,2018,1,BOS,AL,144,474,76,111,33,4,13,59.0,17.0,1.0,46,137.0,3.0,11.0,0.0,4.0,6.0
104488,brasiry01,2018,1,BOS,AL,34,0,0,0,0,0,0,0.0,0.0,0.0,0,0.0,0.0,0.0,0.0,0.0,0.0
104492,bregmal01,2018,1,HOU,AL,157,594,105,170,51,1,31,103.0,10.0,4.0,96,85.0,2.0,12.0,0.0,3.0,15.0
104501,brittza01,2018,2,NYA,AL,25,0,0,0,0,0,0,0.0,0.0,0.0,0,0.0,0.0,0.0,0.0,0.0,0.0
104509,buehlwa01,2018,1,LAN,NL,24,43,1,7,0,0,0,1.0,0.0,0.0,2,21.0,0.0,0.0,2.0,0.0,0.0
104520,butleda01,2018,1,BOS,AL,2,6,0,1,0,0,0,1.0,0.0,0.0,0,2.0,0.0,0.0,0.0,1.0,0.0
104562,cessalu01,2018,1,NYA,AL,16,1,0,0,0,0,0,0.0,0.0,0.0,0,1.0,0.0,0.0,0.0,0.0,0.0
104565,chapmar01,2018,1,NYA,AL,55,0,0,0,0,0,0,0.0,0.0,0.0,0,0.0,0.0,0.0,0.0,0.0,0.0
104567,chargjt01,2018,1,LAN,NL,39,1,0,0,0,0,0,0.0,0.0,0.0,0,0.0,0.0,0.0,0.0,0.0,0.0
104580,cingrto01,2018,1,LAN,NL,30,0,0,0,0,0,0,0.0,0.0,0.0,0,0.0,0.0,0.0,0.0,0.0,0.0
104589,coleaj01,2018,2,NYA,AL,28,0,0,0,0,0,0,0.0,0.0,0.0,0,0.0,0.0,0.0,0.0,0.0,0.0
104590,colege01,2018,1,HOU,AL,32,9,0,0,0,0,0,0.0,0.0,0.0,0,8.0,0.0,0.0,0.0,0.0,0.0
104605,corcida01,2018,1,LAN,NL,2,1,0,0,0,0,0,0.0,0.0,0.0,0,1.0,0.0,0.0,0.0,0.0,0.0
104609,correca01,2018,1,HOU,AL,110,402,60,96,20,1,15,65.0,3.0,0.0,53,111.0,3.0,2.0,0.0,11.0,17.0
104626,cuevawi01,2018,1,BOS,AL,9,0,0,0,0,0,0,0.0,0.0,0.0,0,0.0,0.0,0.0,0.0,0.0,0.0
104642,davisjd01,2018,1,HOU,AL,42,103,9,18,2,0,1,5.0,0.0,0.0,10,29.0,0.0,0.0,0.0,0.0,3.0
104649,deetzde01,2018,1,HOU,AL,4,0,0,0,0,0,0,0.0,0.0,0.0,0,0.0,0.0,0.0,0.0,0.0,0.0
104666,devench02,2018,1,HOU,AL,50,0,0,0,0,0,0,0.0,0.0,0.0,0,0.0,0.0,0.0,0.0,0.0,0.0
104667,deverra01,2018,1,BOS,AL,121,450,59,108,24,0,21,66.0,5.0,2.0,38,121.0,6.0,0.0,0.0,2.0,9.0
104684,doziebr01,2018,2,LAN,NL,47,143,16,26,9,0,5,20.0,4.0,0.0,24,33.0,0.0,1.0,0.0,2.0,5.0
104691,drurybr01,2018,1,NYA,AL,18,51,2,9,2,0,1,7.0,0.0,0.0,5,12.0,0.0,1.0,0.0,0.0,4.0
104718,eovalna01,2018,2,BOS,AL,12,2,1,0,0,0,0,0.0,0.0,0.0,1,2.0,0.0,0.0,0.0,0.0,0.0
104730,farmeky01,2018,1,LAN,NL,39,68,1,16,4,1,0,9.0,0.0,0.0,5,15.0,1.0,3.0,0.0,1.0,1.0
104734,federti01,2018,1,HOU,AL,10,34,4,7,3,0,0,2.0,0.0,0.0,1,13.0,0.0,0.0,0.0,0.0,1.0
104737,ferguca01,2018,1,LAN,NL,30,5,0,1,0,0,0,0.0,0.0,0.0,0,3.0,0.0,0.0,0.0,0.0,1.0
104741,fieldjo03,2018,1,LAN,NL,45,0,0,0,0,0,0,0.0,0.0,0.0,0,0.0,0.0,0.0,0.0,0.0,0.0
104748,fishede01,2018,1,HOU,AL,42,79,13,13,2,2,4,11.0,2.0,0.0,5,42.0,0.0,0.0,0.0,2.0,0.0
104757,florody01,2018,2,LAN,NL,29,0,0,0,0,0,0,0.0,0.0,0.0,0,0.0,0.0,0.0,0.0,0.0,0.0
104762,fontwi01,2018,1,LAN,NL,6,0,0,0,0,0,0,0.0,0.0,0.0,0,0.0,0.0,0.0,2.0,0.0,0.0
104765,forsylo01,2018,1,LAN,NL,70,193,18,40,10,0,2,13.0,2.0,0.0,17,43.0,1.0,0.0,0.0,1.0,5.0
104773,frazicl01,2018,1,NYA,AL,15,34,9,9,3,0,0,1.0,0.0,0.0,5,13.0,0.0,2.0,0.0,0.0,3.0
104780,freesda01,2018,2,LAN,NL,19,39,9,15,2,1,2,9.0,0.0,0.0,6,16.0,0.0,2.0,0.0,0.0,0.0
104788,galero01,2018,1,LAN,NL,3,2,0,0,0,0,0,0.0,0.0,0.0,0,1.0,0.0,0.0,0.0,0.0,0.0
104792,gallegi01,2018,1,NYA,AL,4,1,0,0,0,0,0,0.0,0.0,0.0,0,0.0,0.0,0.0,0.0,0.0,0.0
104809,garciyi01,2018,1,LAN,NL,25,0,0,0,0,0,0,0.0,0.0,0.0,0,0.0,0.0,0.0,0.0,0.0,0.0
104811,gardnbr01,2018,1,NYA,AL,140,530,95,125,20,7,12,45.0,16.0,2.0,65,107.0,0.0,5.0,4.0,5.0,6.0
104815,gattiev01,2018,1,HOU,AL,128,407,49,92,17,0,25,78.0,1.0,0.0,33,101.0,2.0,3.0,0.0,8.0,13.0
104825,germado01,2018,1,NYA,AL,21,1,0,0,0,0,0,0.0,0.0,0.0,1,1.0,0.0,0.0,0.0,0.0,0.0
104827,gileske01,2018,1,HOU,AL,34,0,0,0,0,0,0,0.0,0.0,0.0,0,0.0,0.0,0.0,0.0,0.0,0.0
104839,goedder01,2018,2,LAN,NL,26,0,0,0,0,0,0,0.0,0.0,0.0,0,0.0,0.0,0.0,0.0,0.0,0.0
104856,gonzama01,2018,1,HOU,AL,145,489,61,121,25,3,16,68.0,2.0,3.0,53,126.0,3.0,3.0,5.0,2.0,14.0
104870,gourryu01,2018,1,HOU,AL,136,537,70,156,33,1,13,85.0,5.0,1.0,23,63.0,0.0,6.0,0.0,7.0,22.0
104874,grandya01,2018,1,LAN,NL,140,440,65,106,23,2,24,68.0,2.0,1.0,72,124.0,1.0,3.0,0.0,3.0,12.0
104880,grayso01,2018,1,NYA,AL,30,2,1,0,0,0,0,0.0,0.0,0.0,0,0.0,0.0,0.0,0.0,0.0,0.0
104881,greench03,2018,1,NYA,AL,63,0,0,0,0,0,0,0.0,0.0,0.0,0,0.0,0.0,0.0,0.0,0.0,0.0
104884,gregodi01,2018,1,NYA,AL,134,504,89,135,23,5,27,86.0,10.0,6.0,48,69.0,3.0,7.0,1.0,9.0,8.0
104892,guduare01,2018,1,HOU,AL,3,0,0,0,0,0,0,0.0,0.0,0.0,0,0.0,0.0,0.0,0.0,0.0,0.0
104908,haleda02,2018,1,NYA,AL,1,0,0,0,0,0,0,0.0,0.0,0.0,0,0.0,0.0,0.0,0.0,0.0,0.0
104910,haleda02,2018,3,NYA,AL,2,0,0,0,0,0,0,0.0,0.0,0.0,0,0.0,0.0,0.0,0.0,0.0,0.0
104911,haleyju01,2018,1,BOS,AL,4,0,0,0,0,0,0,0.0,0.0,0.0,0,0.0,0.0,0.0,0.0,0.0,0.0
104927,happja01,2018,2,NYA,AL,11,0,0,0,0,0,0,0.0,0.0,0.0,0,0.0,0.0,0.0,0.0,0.0,0.0
104931,harriwi02,2018,1,HOU,AL,61,0,0,0,0,0,0,0.0,0.0,0.0,0,0.0,0.0,0.0,0.0,0.0,0.0
104942,hechaad01,2018,3,NYA,AL,18,36,3,7,0,0,2,2.0,1.0,0.0,1,10.0,0.0,0.0,0.0,0.0,0.0
104945,hembrhe01,2018,1,BOS,AL,67,1,0,0,0,0,0,0.0,0.0,0.0,0,1.0,0.0,0.0,0.0,0.0,0.0
104953,hernaen02,2018,1,LAN,NL,145,402,67,103,17,3,21,52.0,3.0,0.0,50,78.0,5.0,1.0,4.0,5.0,3.0
104966,hicksaa01,2018,1,NYA,AL,137,480,90,119,18,3,27,79.0,11.0,2.0,90,111.0,1.0,3.0,2.0,6.0,1.0
104969,higasky01,2018,1,NYA,AL,29,72,6,12,2,0,3,6.0,0.0,0.0,6,16.0,0.0,1.0,0.0,0.0,2.0
104971,hillri01,2018,1,LAN,NL,25,43,2,4,0,0,0,2.0,0.0,0.0,0,15.0,0.0,0.0,2.0,0.0,1.0
104976,holdejo02,2018,1,NYA,AL,60,0,0,0,0,0,0,0.0,0.0,0.0,0,0.0,0.0,0.0,0.0,0.0,0.0
104982,holtbr01,2018,1,BOS,AL,109,321,41,89,18,2,7,46.0,7.0,7.0,37,73.0,2.0,7.0,0.0,2.0,7.0
104988,hoytja01,2018,1,HOU,AL,1,0,0,0,0,0,0,0.0,0.0,0.0,0,0.0,0.0,0.0,0.0,0.0,0.0
104990,hudsoda01,2018,1,LAN,NL,40,2,0,0,0,0,0,0.0,0.0,0.0,0,1.0,0.0,0.0,0.0,0.0,0.0
105009,jamesjo02,2018,1,HOU,AL,6,0,0,0,0,0,0,0.0,0.0,0.0,0,0.0,0.0,0.0,0.0,0.0,0.0
105012,janseke01,2018,1,LAN,NL,69,0,0,0,0,0,0,0.0,0.0,0.0,0,0.0,0.0,0.0,0.0,0.0,0.0
105021,johnsbr02,2018,1,BOS,AL,38,4,1,1,0,0,0,0.0,0.0,0.0,0,1.0,0.0,0.0,0.0,0.0,0.0
105033,judgeaa01,2018,1,NYA,AL,112,413,77,115,22,0,27,67.0,6.0,3.0,76,152.0,3.0,4.0,0.0,5.0,10.0
105037,kahnlto01,2018,1,NYA,AL,24,0,0,0,0,0,0,0.0,0.0,0.0,0,0.0,0.0,0.0,0.0,0.0,0.0
105046,kellyjo05,2018,1,BOS,AL,73,0,0,0,0,0,0,0.0,0.0,0.0,0,0.0,0.0,0.0,0.0,0.0,0.0
105048,kempma01,2018,1,LAN,NL,146,462,62,134,25,0,21,85.0,0.0,0.0,36,115.0,2.0,1.0,0.0,7.0,14.0
105049,kempto01,2018,1,HOU,AL,97,255,37,67,15,0,6,30.0,9.0,3.0,32,44.0,1.0,3.0,3.0,1.0,7.0
105054,kershcl01,2018,1,LAN,NL,27,46,1,11,2,0,0,7.0,0.0,0.0,7,11.0,0.0,0.0,4.0,0.0,0.0
105055,keuchda01,2018,1,HOU,AL,34,2,0,0,0,0,0,0.0,0.0,0.0,0,2.0,0.0,0.0,0.0,0.0,0.0
105059,kimbrcr01,2018,1,BOS,AL,63,0,0,0,0,0,0,0.0,0.0,0.0,0,0.0,0.0,0.0,0.0,0.0,0.0
105066,kinslia01,2018,2,BOS,AL,37,132,17,32,6,0,1,16.0,7.0,3.0,10,24.0,0.0,0.0,0.0,1.0,5.0
105079,kontoge01,2018,3,NYA,AL,1,0,0,0,0,0,0,0.0,0.0,0.0,0,0.0,0.0,0.0,0.0,0.0,0.0
105106,leonsa01,2018,1,BOS,AL,89,265,30,47,12,0,5,22.0,1.0,0.0,15,75.0,0.0,4.0,3.0,1.0,6.0
105109,liberad01,2018,1,LAN,NL,17,1,1,0,0,0,0,0.0,0.0,0.0,0,0.0,0.0,0.0,0.0,0.0,0.0
105111,lintz01,2018,1,BOS,AL,37,65,15,16,6,1,1,6.0,0.0,1.0,8,17.0,0.0,0.0,0.0,0.0,0.0
105116,loaisjo01,2018,1,NYA,AL,9,2,0,0,0,0,0,0.0,0.0,0.0,0,2.0,0.0,0.0,0.0,0.0,0.0
105118,locasti01,2018,1,LAN,NL,18,11,6,2,1,0,0,0.0,4.0,0.0,2,5.0,0.0,1.0,0.0,0.0,0.0
105142,lynnla01,2018,2,NYA,AL,11,2,0,0,0,0,0,0.0,0.0,0.0,0,2.0,0.0,0.0,0.0,0.0,0.0
105146,machama01,2018,2,LAN,NL,66,267,36,73,14,2,13,42.0,6.0,1.0,25,53.0,6.0,2.0,0.0,2.0,12.0
105148,madsory01,2018,2,LAN,NL,9,0,0,0,0,0,0,0.0,0.0,0.0,0,0.0,0.0,0.0,0.0,0.0,0.0
105149,maedake01,2018,1,LAN,NL,41,32,0,3,0,0,0,0.0,0.0,0.0,0,9.0,0.0,0.0,8.0,0.0,1.0
105156,maldoma01,2018,2,HOU,AL,41,108,15,25,4,1,4,12.0,0.0,0.0,3,25.0,0.0,1.0,1.0,1.0,5.0
105163,marisja01,2018,1,HOU,AL,103,213,34,45,8,1,10,28.0,6.0,2.0,15,84.0,1.0,4.0,1.0,1.0,6.0
105174,martijd02,2018,1,BOS,AL,150,569,111,188,37,2,43,130.0,6.0,1.0,69,146.0,11.0,4.0,0.0,7.0,19.0
105196,mccanbr01,2018,1,HOU,AL,63,189,22,40,3,0,7,23.0,0.0,1.0,19,40.0,0.0,6.0,0.0,2.0,7.0
105201,mcculla02,2018,1,HOU,AL,25,2,0,0,0,0,0,0.0,0.0,0.0,0,1.0,0.0,0.0,0.0,0.0,0.0
105203,mccutan01,2018,2,NYA,AL,25,87,18,22,2,1,5,10.0,1.0,3.0,22,22.0,0.0,4.0,0.0,1.0,1.0
105211,mchugco01,2018,1,HOU,AL,58,0,0,0,0,0,0,0.0,0.0,0.0,0,0.0,0.0,0.0,0.0,0.0,0.0
105212,mckinbi01,2018,1,NYA,AL,2,4,0,1,0,0,0,0.0,0.0,0.0,0,1.0,0.0,0.0,0.0,0.0,0.0
105256,montgjo01,2018,1,NYA,AL,6,0,0,0,0,0,0,0.0,0.0,0.0,0,0.0,0.0,0.0,0.0,0.0,0.0
105263,morelmi01,2018,1,BOS,AL,124,404,57,99,23,4,15,68.0,2.0,0.0,50,102.0,2.0,0.0,0.0,5.0,12.0
105271,mortoch02,2018,1,HOU,AL,30,6,0,1,0,0,0,0.0,0.0,0.0,0,5.0,0.0,0.0,0.0,0.0,0.0
105279,muncyma01,2018,1,LAN,NL,137,395,75,104,17,2,35,79.0,3.0,0.0,79,131.0,6.0,5.0,0.0,2.0,4.0
105291,nealza01,2018,1,LAN,NL,1,0,0,0,0,0,0,0.0,0.0,0.0,0,0.0,0.0,0.0,0.0,0.0,0.0
105311,nunezed02,2018,1,BOS,AL,127,480,56,127,23,3,10,44.0,7.0,2.0,16,69.0,0.0,2.0,1.0,3.0,17.0
105338,osunaro01,2018,2,HOU,AL,23,0,0,0,0,0,0,0.0,0.0,0.0,0,0.0,0.0,0.0,0.0,0.0,0.0
105349,pareded02,2018,1,LAN,NL,15,0,0,0,0,0,0,0.0,0.0,0.0,0,0.0,0.0,0.0,0.0,0.0,0.0
105356,peacobr01,2018,1,HOU,AL,61,1,0,0,0,0,0,0.0,0.0,0.0,0,1.0,0.0,0.0,0.0,0.0,0.0
105358,pearcst01,2018,2,BOS,AL,50,136,19,38,8,1,7,26.0,0.0,0.0,22,27.0,0.0,5.0,0.0,2.0,1.0
105359,pederjo01,2018,1,LAN,NL,148,395,65,98,27,3,25,56.0,1.0,5.0,40,85.0,3.0,4.0,1.0,3.0,6.0
105360,pedrodu01,2018,1,BOS,AL,3,11,1,1,0,0,0,0.0,0.0,0.0,2,1.0,0.0,0.0,0.0,0.0,0.0
105374,perezci01,2018,1,HOU,AL,8,0,0,0,0,0,0,0.0,0.0,0.0,0,0.0,0.0,0.0,0.0,0.0,0.0
105383,peterja01,2018,1,NYA,AL,3,10,0,3,0,0,0,0.0,0.0,1.0,1,3.0,0.0,0.0,0.0,0.0,0.0
105392,phillbr01,2018,1,BOS,AL,9,23,4,3,0,0,1,2.0,0.0,0.0,4,7.0,0.0,0.0,0.0,0.0,1.0
105409,pomerdr01,2018,1,BOS,AL,26,0,0,0,0,0,0,0.0,0.0,0.0,0,0.0,0.0,0.0,0.0,0.0,0.0
105412,porceri01,2018,1,BOS,AL,33,7,1,3,2,0,0,3.0,0.0,0.0,0,3.0,0.0,0.0,0.0,0.0,0.0
105416,poynebo01,2018,1,BOS,AL,20,0,0,0,0,0,0,0.0,0.0,0.0,0,0.0,0.0,0.0,0.0,0.0,0.0
105419,pressry01,2018,2,HOU,AL,26,0,0,0,0,0,0,0.0,0.0,0.0,0,0.0,0.0,0.0,0.0,0.0,0.0
105420,priceda01,2018,1,BOS,AL,30,0,0,0,0,0,0,0.0,0.0,0.0,0,0.0,0.0,0.0,0.0,0.0,0.0
105423,puigya01,2018,1,LAN,NL,125,405,60,108,21,1,23,63.0,15.0,5.0,36,87.0,2.0,1.0,0.0,2.0,15.0
105432,ramirha01,2018,1,BOS,AL,44,177,25,45,7,0,6,29.0,4.0,1.0,14,35.0,0.0,2.0,0.0,2.0,9.0
105447,reddijo01,2018,1,HOU,AL,134,433,63,105,13,2,17,47.0,7.0,2.0,49,77.0,3.0,0.0,1.0,2.0,9.0
105449,reedaj01,2018,1,HOU,AL,1,3,0,0,0,0,0,0.0,0.0,0.0,0,1.0,0.0,0.0,0.0,0.0,0.0
105456,rendato01,2018,1,BOS,AL,1,0,1,0,0,0,0,0.0,0.0,0.0,0,0.0,0.0,0.0,0.0,0.0,0.0
105480,roberda08,2018,1,NYA,AL,69,0,0,0,0,0,0,0.0,0.0,0.0,0,0.0,0.0,0.0,0.0,0.0,0.0
105483,robinsh01,2018,1,NYA,AL,25,49,8,7,1,0,1,2.0,1.0,0.0,4,6.0,0.0,0.0,1.0,0.0,2.0
105491,rodried05,2018,1,BOS,AL,27,2,0,0,0,0,0,0.0,0.0,0.0,0,1.0,0.0,0.0,0.0,0.0,0.0
105507,rominau01,2018,1,NYA,AL,77,242,30,59,12,0,10,42.0,1.0,0.0,17,67.0,0.0,2.0,1.0,3.0,10.0
105510,rondohe01,2018,1,HOU,AL,63,0,0,0,0,0,0,0.0,0.0,0.0,0,0.0,0.0,0.0,0.0,0.0,0.0
105516,rosscza01,2018,1,LAN,NL,17,0,0,0,0,0,0,0.0,0.0,0.0,0,0.0,0.0,0.0,0.0,0.0,0.0
105528,ryuhy01,2018,1,LAN,NL,16,26,4,7,1,0,0,2.0,0.0,0.0,2,13.0,0.0,0.0,2.0,0.0,0.0
105531,sabatcc01,2018,1,NYA,AL,29,0,0,0,0,0,0,0.0,0.0,0.0,0,0.0,0.0,0.0,0.0,0.0,0.0
105537,salech01,2018,1,BOS,AL,27,2,0,0,0,0,0,0.0,0.0,0.0,0,2.0,0.0,0.0,0.0,0.0,0.0
105545,sanchga02,2018,1,NYA,AL,89,323,51,60,17,0,18,53.0,1.0,0.0,46,94.0,0.0,3.0,0.0,2.0,10.0
105551,santade01,2018,1,LAN,NL,2,2,0,1,1,0,0,2.0,0.0,0.0,0,1.0,0.0,0.0,0.0,0.0,0.0
105567,scottro02,2018,1,BOS,AL,9,0,0,0,0,0,0,0.0,0.0,0.0,0,0.0,0.0,0.0,0.0,0.0,0.0
105570,seageco01,2018,1,LAN,NL,26,101,13,27,5,1,2,13.0,0.0,0.0,11,17.0,1.0,2.0,0.0,1.0,2.0
105575,severlu01,2018,1,NYA,AL,32,5,0,0,0,0,0,0.0,0.0,0.0,0,4.0,0.0,0.0,0.0,0.0,0.0
105583,sheffju01,2018,1,NYA,AL,3,0,0,0,0,0,0,0.0,0.0,0.0,0,0.0,0.0,0.0,0.0,0.0,0.0
105589,shrevch01,2018,1,NYA,AL,40,0,0,0,0,0,0,0.0,0.0,0.0,0,0.0,0.0,0.0,0.0,0.0,0.0
105597,sippto01,2018,1,HOU,AL,54,0,0,0,0,0,0,0.0,0.0,0.0,0,0.0,0.0,0.0,0.0,0.0,0.0
105605,smithca02,2018,1,BOS,AL,18,0,0,0,0,0,0,0.0,0.0,0.0,0,0.0,0.0,0.0,0.0,0.0,0.0
105610,smithjo05,2018,1,HOU,AL,56,0,0,0,0,0,0,0.0,0.0,0.0,0,0.0,0.0,0.0,0.0,0.0,0.0
105638,springe01,2018,1,HOU,AL,140,544,102,144,26,0,22,71.0,6.0,4.0,64,122.0,0.0,5.0,0.0,3.0,12.0
105643,stantmi03,2018,1,NYA,AL,158,617,102,164,34,1,38,100.0,5.0,0.0,70,211.0,5.0,8.0,0.0,10.0,17.0
105644,stassma01,2018,1,HOU,AL,88,221,28,50,13,0,8,27.0,0.0,0.0,23,74.0,0.0,6.0,0.0,0.0,6.0
105649,stewabr01,2018,1,LAN,NL,9,2,0,0,0,0,0,0.0,0.0,0.0,0,2.0,0.0,0.0,0.0,0.0,0.0
105662,strawmy01,2018,1,HOU,AL,9,9,4,3,0,0,1,1.0,2.0,0.0,1,0.0,0.0,0.0,0.0,0.0,0.0
105664,stripro01,2018,1,LAN,NL,36,33,0,3,0,0,0,2.0,1.0,0.0,0,13.0,0.0,0.0,4.0,0.0,0.0
105680,swihabl01,2018,1,BOS,AL,82,192,28,44,10,0,3,18.0,6.0,1.0,15,57.0,0.0,0.0,0.0,0.0,4.0
105684,tanakma01,2018,1,NYA,AL,27,6,1,0,0,0,0,0.0,0.0,0.0,0,1.0,0.0,0.0,0.0,0.0,0.0
105686,tarplst01,2018,1,NYA,AL,10,0,0,0,0,0,0,0.0,0.0,0.0,0,0.0,0.0,0.0,0.0,0.0,0.0
105690,tayloch03,2018,1,LAN,NL,155,536,85,136,35,8,17,63.0,9.0,6.0,55,178.0,0.0,9.0,0.0,4.0,5.0
105702,thornty01,2018,1,BOS,AL,25,0,0,0,0,0,0,0.0,0.0,0.0,0,0.0,0.0,0.0,0.0,0.0,0.0
105706,tolesan01,2018,1,LAN,NL,17,30,5,7,2,0,0,4.0,1.0,0.0,2,8.0,1.0,0.0,0.0,0.0,1.0
105710,torregl01,2018,1,NYA,AL,123,431,54,117,16,1,24,77.0,6.0,2.0,42,122.0,3.0,5.0,1.0,5.0,8.0
105712,torrero01,2018,1,NYA,AL,41,100,9,28,7,1,0,7.0,0.0,0.0,2,16.0,0.0,0.0,0.0,0.0,3.0
105716,travisa01,2018,1,BOS,AL,19,36,5,8,3,0,1,7.0,0.0,0.0,2,10.0,0.0,0.0,0.0,0.0,1.0
105725,tuckeky01,2018,1,HOU,AL,28,64,10,9,2,1,0,4.0,1.0,1.0,6,13.0,0.0,2.0,0.0,0.0,1.0
105734,turneju01,2018,1,LAN,NL,103,365,62,114,31,1,14,52.0,2.0,1.0,47,54.0,3.0,12.0,0.0,2.0,10.0
105740,uriasju01,2018,1,LAN,NL,3,1,0,0,0,0,0,0.0,0.0,0.0,0,1.0,0.0,0.0,0.0,0.0,0.0
105743,utleych01,2018,1,LAN,NL,87,164,18,35,10,1,1,14.0,3.0,1.0,17,34.0,2.0,5.0,0.0,1.0,3.0
105746,valdefr01,2018,1,HOU,AL,8,0,0,0,0,0,0,0.0,0.0,0.0,0,0.0,0.0,0.0,0.0,0.0,0.0
105750,valerbr01,2018,1,LAN,NL,20,29,4,5,0,0,0,4.0,0.0,0.0,4,4.0,0.0,0.0,1.0,0.0,0.0
105757,vazquch01,2018,1,BOS,AL,80,251,24,52,10,0,3,16.0,4.0,1.0,13,41.0,1.0,4.0,1.0,0.0,5.0
105760,velazhe01,2018,1,BOS,AL,47,1,0,0,0,0,0,0.0,0.0,0.0,0,0.0,0.0,0.0,0.0,0.0,0.0
105761,vendipa01,2018,1,LAN,NL,15,0,0,0,0,0,0,0.0,0.0,0.0,0,0.0,0.0,0.0,0.0,0.0,0.0
105764,verdual01,2018,1,LAN,NL,37,77,11,20,6,0,1,4.0,0.0,0.0,8,14.0,0.0,0.0,1.0,0.0,4.0
105766,verlaju01,2018,1,HOU,AL,34,5,0,1,0,0,0,0.0,0.0,0.0,0,2.0,0.0,0.0,0.0,0.0,0.0
105778,voitlu01,2018,2,NYA,AL,39,132,28,44,5,0,14,33.0,0.0,0.0,15,39.0,0.0,1.0,0.0,0.0,3.0
105783,wadety01,2018,1,NYA,AL,36,66,8,11,4,0,1,5.0,1.0,0.0,4,23.0,0.0,0.0,0.0,0.0,1.0
105786,waldema01,2018,1,BOS,AL,8,0,0,0,0,0,0,0.0,0.0,0.0,0,0.0,0.0,0.0,0.0,0.0,0.0
105789,walkene01,2018,1,NYA,AL,113,347,48,76,12,1,11,46.0,0.0,0.0,42,87.0,3.0,5.0,0.0,4.0,3.0
105793,warread01,2018,1,NYA,AL,24,0,0,0,0,0,0,0.0,0.0,0.0,0,0.0,0.0,0.0,0.0,0.0,0.0
105806,whitety01,2018,1,HOU,AL,66,210,27,58,12,3,12,42.0,0.0,1.0,24,49.0,0.0,2.0,0.0,1.0,1.0
105833,woodal02,2018,1,LAN,NL,33,44,1,2,0,0,0,0.0,1.0,0.0,0,25.0,0.0,0.0,6.0,0.0,0.0
105837,workmbr01,2018,1,BOS,AL,43,0,0,0,0,0,0,0.0,0.0,0.0,0,0.0,0.0,0.0,0.0,0.0,0.0
105841,wrighst01,2018,1,BOS,AL,20,0,0,0,0,0,0,0.0,0.0,0.0,0,0.0,0.0,0.0,0.0,0.0,0.0
105861,abreubr01,2019,1,HOU,AL,7,0,0,0,0,0,0,0.0,0.0,0.0,0,0.0,0.0,0.0,0.0,0.0,0.0
105871,adamsch01,2019,1,NYA,AL,13,0,0,0,0,0,0,0.0,0.0,0.0,0,0.0,0.0,0.0,0.0,0.0,0.0
105887,alexasc01,2019,1,LAN,NL,28,0,0,0,0,0,0,0.0,0.0,0.0,0,0.0,0.0,0.0,0.0,0.0,0.0
105907,altuvjo01,2019,1,HOU,AL,124,500,89,149,27,3,31,74.0,6.0,5.0,41,82.0,0.0,3.0,1.0,3.0,19.0
105910,alvaryo01,2019,1,HOU,AL,87,313,58,98,26,0,27,78.0,0.0,0.0,52,94.0,4.0,2.0,0.0,2.0,9.0
105926,andujmi01,2019,1,NYA,AL,12,47,1,6,0,0,0,1.0,0.0,0.0,1,11.0,0.0,0.0,0.0,1.0,4.0
105933,armenro01,2019,1,HOU,AL,5,0,0,0,0,0,0,0.0,0.0,0.0,0,0.0,0.0,0.0,0.0,0.0,0.0
105952,baezpe01,2019,1,LAN,NL,71,0,0,0,0,0,0,0.0,0.0,0.0,0,0.0,0.0,0.0,0.0,0.0,0.0
105960,barneau01,2019,1,LAN,NL,75,212,28,43,12,1,5,25.0,3.0,0.0,23,56.0,3.0,5.0,0.0,2.0,8.0
105963,barnema01,2019,1,BOS,AL,70,1,0,0,0,0,0,0.0,0.0,0.0,0,1.0,0.0,0.0,0.0,0.0,0.0
105971,barreja01,2019,1,NYA,AL,2,0,0,0,0,0,0,0.0,0.0,0.0,0,0.0,0.0,0.0,0.0,0.0,0.0
105981,beatyma01,2019,1,LAN,NL,99,249,36,66,19,1,9,46.0,5.0,0.0,17,33.0,2.0,2.0,0.0,0.0,6.0
105988,bellico01,2019,1,LAN,NL,156,558,121,170,34,3,47,115.0,15.0,5.0,95,108.0,21.0,3.0,0.0,4.0,10.0
105993,beninan01,2019,1,BOS,AL,138,541,72,144,40,5,13,68.0,10.0,3.0,59,140.0,1.0,7.0,3.0,5.0,6.0
105997,betande01,2019,1,NYA,AL,1,0,0,0,0,0,0,0.0,0.0,0.0,0,0.0,0.0,0.0,0.0,0.0,0.0
105999,bettsmo01,2019,1,BOS,AL,150,597,135,176,40,5,29,80.0,16.0,3.0,97,101.0,6.0,3.0,0.0,9.0,11.0
106001,biagijo01,2019,2,HOU,AL,13,0,0,0,0,0,0,0.0,0.0,0.0,0,0.0,0.0,0.0,0.0,0.0,0.0
106008,birdgr01,2019,1,NYA,AL,10,35,6,6,0,0,1,1.0,0.0,0.0,6,16.0,0.0,0.0,0.0,0.0,1.0
106021,bogaexa01,2019,1,BOS,AL,155,614,110,190,52,0,33,117.0,4.0,2.0,76,122.0,2.0,2.0,0.0,6.0,11.0
106039,bradlja02,2019,1,BOS,AL,147,494,69,111,28,3,21,62.0,8.0,6.0,56,155.0,3.0,12.0,3.0,2.0,6.0
106040,brantmi02,2019,1,HOU,AL,148,575,88,179,40,2,22,90.0,3.0,2.0,51,66.0,3.0,7.0,0.0,4.0,21.0
106042,brasiry01,2019,1,BOS,AL,62,0,0,0,0,0,0,0.0,0.0,0.0,0,0.0,0.0,0.0,0.0,0.0,0.0
106046,bregmal01,2019,1,HOU,AL,156,554,122,164,37,2,41,112.0,5.0,1.0,119,83.0,2.0,9.0,0.0,8.0,9.0
106048,breweco01,2019,1,BOS,AL,58,0,0,0,0,0,0,0.0,0.0,0.0,0,0.0,0.0,0.0,0.0,0.0,0.0
106053,brittza01,2019,1,NYA,AL,66,0,0,0,0,0,0,0.0,0.0,0.0,0,0.0,0.0,0.0,0.0,0.0,0.0
106066,buehlwa01,2019,1,LAN,NL,30,59,5,5,0,0,1,2.0,0.0,0.0,4,33.0,0.0,0.0,3.0,0.0,0.0
106100,cashnan01,2019,2,BOS,AL,25,0,0,0,0,0,0,0.0,0.0,0.0,0,0.0,0.0,0.0,0.0,0.0,0.0
106116,centeju01,2019,1,BOS,AL,7,15,0,2,0,0,0,2.0,1.0,0.0,2,2.0,0.0,1.0,0.0,0.0,0.0
106119,cessalu01,2019,1,NYA,AL,43,1,0,0,0,0,0,0.0,0.0,0.0,0,1.0,0.0,0.0,0.0,0.0,0.0
106121,chacijh01,2019,2,BOS,AL,6,0,0,0,0,0,0,0.0,0.0,0.0,0,0.0,0.0,0.0,0.0,0.0,0.0
106124,chapmar01,2019,1,NYA,AL,60,0,0,0,0,0,0,0.0,0.0,0.0,0,0.0,0.0,0.0,0.0,0.0,0.0
106126,chargjt01,2019,1,LAN,NL,21,1,0,0,0,0,0,0.0,0.0,0.0,0,1.0,0.0,0.0,0.0,0.0,0.0
106129,chavimi01,2019,1,BOS,AL,95,347,46,88,10,1,18,58.0,2.0,1.0,31,127.0,2.0,4.0,0.0,0.0,11.0
106131,chiriro01,2019,1,HOU,AL,114,366,57,87,22,1,17,58.0,1.0,2.0,51,125.0,1.0,13.0,2.0,5.0,11.0
106147,colege01,2019,1,HOU,AL,33,7,0,0,0,0,0,0.0,0.0,0.0,0,5.0,0.0,0.0,0.0,0.0,1.0
106163,correca01,2019,1,HOU,AL,75,280,42,78,16,1,21,59.0,1.0,0.0,35,75.0,0.0,2.0,0.0,4.0,8.0
106164,cortene01,2019,1,NYA,AL,33,0,0,0,0,0,0,0.0,0.0,0.0,0,0.0,0.0,0.0,0.0,0.0,0.0
106184,darnatr01,2019,2,LAN,NL,1,1,0,0,0,0,0,0.0,0.0,0.0,0,0.0,0.0,0.0,0.0,0.0,0.0
106216,devench02,2019,1,HOU,AL,61,0,0,0,0,0,0,0.0,0.0,0.0,0,0.0,0.0,0.0,0.0,0.0,0.0
106217,deverra01,2019,1,BOS,AL,156,647,129,201,54,4,32,115.0,8.0,8.0,48,119.0,7.0,4.0,1.0,2.0,8.0
106218,diazal02,2019,1,HOU,AL,69,210,36,57,12,1,9,40.0,2.0,0.0,26,28.0,1.0,5.0,0.0,6.0,10.0
106256,dullry01,2019,2,NYA,AL,3,0,0,0,0,0,0,0.0,0.0,0.0,0,0.0,0.0,0.0,0.0,0.0,0.0
106280,encared01,2019,2,NYA,AL,44,177,33,44,11,0,13,37.0,0.0,0.0,17,48.0,1.0,3.0,0.0,0.0,1.0
106282,eovalna01,2019,1,BOS,AL,23,2,0,0,0,0,0,0.0,0.0,0.0,0,1.0,0.0,0.0,0.0,0.0,0.0
106290,estrath01,2019,1,NYA,AL,35,64,12,16,3,0,3,12.0,4.0,0.0,3,15.0,0.0,1.0,1.0,0.0,1.0
106303,ferguca01,2019,1,LAN,NL,46,2,1,1,1,0,0,0.0,0.0,0.0,0,0.0,0.0,0.0,0.0,0.0,0.0
106309,fishede01,2019,1,HOU,AL,17,53,9,12,2,1,1,5.0,4.0,1.0,7,14.0,0.0,0.0,0.0,0.0,0.0
106316,florody01,2019,1,LAN,NL,50,2,0,0,0,0,0,0.0,0.0,0.0,0,1.0,0.0,0.0,0.0,0.0,0.0
106323,fordmi01,2019,1,NYA,AL,50,143,30,37,7,0,12,25.0,0.0,0.0,17,28.0,2.0,3.0,0.0,0.0,0.0
106332,frazicl01,2019,1,NYA,AL,69,225,31,60,14,0,12,38.0,1.0,2.0,16,70.0,1.0,2.0,0.0,3.0,2.0
106338,freesda01,2019,1,LAN,NL,79,162,35,51,13,0,11,29.0,0.0,0.0,23,44.0,0.0,1.0,0.0,0.0,7.0
106347,galero01,2019,1,LAN,NL,5,15,1,2,0,0,0,0.0,0.0,0.0,0,7.0,0.0,0.0,0.0,0.0,1.0
106368,garciyi01,2019,1,LAN,NL,64,2,0,0,0,0,0,0.0,0.0,0.0,0,1.0,0.0,0.0,0.0,0.0,1.0
106369,gardnbr01,2019,1,NYA,AL,141,491,86,123,26,7,28,74.0,10.0,2.0,52,108.0,0.0,4.0,0.0,3.0,6.0
106370,garliky01,2019,1,LAN,NL,30,48,8,12,4,0,3,6.0,0.0,0.0,5,19.0,1.0,0.0,0.0,0.0,0.0
106381,gearrco01,2019,2,NYA,AL,18,0,0,0,0,0,0,0.0,0.0,0.0,0,0.0,0.0,0.0,0.0,0.0,0.0
106385,germado01,2019,1,NYA,AL,27,8,0,0,0,0,0,0.0,0.0,0.0,0,7.0,0.0,0.0,0.0,0.0,1.0
106402,gonsoto01,2019,1,LAN,NL,11,13,2,4,0,0,0,1.0,0.0,0.0,0,4.0,0.0,0.0,1.0,0.0,0.0
106418,gourryu01,2019,1,HOU,AL,144,564,85,168,40,2,31,104.0,5.0,3.0,37,65.0,2.0,5.0,0.0,6.0,12.0
106426,greench03,2019,1,NYA,AL,54,1,0,0,0,0,0,0.0,0.0,0.0,0,1.0,0.0,0.0,0.0,0.0,0.0
106431,gregodi01,2019,1,NYA,AL,82,324,47,77,14,2,16,61.0,2.0,1.0,17,53.0,1.0,1.0,0.0,2.0,5.0
106434,greinza01,2019,2,HOU,AL,10,2,0,1,0,0,0,0.0,0.0,1.0,0,1.0,0.0,0.0,0.0,0.0,0.0
106441,guduare01,2019,1,HOU,AL,7,0,0,0,0,0,0,0.0,0.0,0.0,0,0.0,0.0,0.0,0.0,0.0,0.0
106457,gyorkje01,2019,2,LAN,NL,24,36,1,5,1,0,0,2.0,0.0,0.0,3,10.0,0.0,0.0,0.0,0.0,2.0
106462,haleda02,2019,1,NYA,AL,20,0,0,0,0,0,0,0.0,0.0,0.0,0,0.0,0.0,0.0,0.0,0.0,0.0
106473,happja01,2019,1,NYA,AL,32,3,1,0,0,0,0,0.0,0.0,0.0,0,0.0,0.0,0.0,1.0,0.0,0.0
106478,harriwi02,2019,1,HOU,AL,68,0,0,0,0,0,0,0.0,0.0,0.0,0,0.0,0.0,0.0,0.0,0.0,0.0
106483,harvejo01,2019,1,NYA,AL,9,0,0,0,0,0,0,0.0,0.0,0.0,0,0.0,0.0,0.0,0.0,0.0,0.0
106496,hellebe01,2019,1,NYA,AL,6,0,0,0,0,0,0,0.0,0.0,0.0,0,0.0,0.0,0.0,0.0,0.0,0.0
106499,hembrhe01,2019,1,BOS,AL,45,0,0,0,0,0,0,0.0,0.0,0.0,0,0.0,0.0,0.0,0.0,0.0,0.0
106507,hernada02,2019,1,BOS,AL,29,0,0,0,0,0,0,0.0,0.0,0.0,0,0.0,0.0,0.0,0.0,0.0,0.0
106509,hernaen02,2019,1,LAN,NL,130,414,57,98,19,1,17,64.0,4.0,0.0,36,97.0,3.0,6.0,0.0,4.0,9.0
106511,hernago01,2019,1,BOS,AL,20,49,5,7,1,2,0,2.0,1.0,0.0,5,14.0,0.0,0.0,2.0,1.0,0.0
106513,hernama02,2019,1,BOS,AL,61,148,18,37,7,0,2,11.0,1.0,2.0,3,42.0,0.0,3.0,1.0,0.0,1.0
106521,hicksaa01,2019,1,NYA,AL,59,221,41,52,10,0,12,36.0,1.0,2.0,31,72.0,0.0,0.0,0.0,3.0,2.0
106524,higasky01,2019,1,NYA,AL,18,56,8,12,5,0,3,11.0,0.0,0.0,0,26.0,0.0,0.0,0.0,1.0,1.0
106527,hillri01,2019,1,LAN,NL,13,18,0,3,1,0,0,1.0,0.0,0.0,1,9.0,0.0,0.0,1.0,0.0,0.0
106534,holdejo02,2019,1,NYA,AL,34,0,0,0,0,0,0,0.0,0.0,0.0,0,0.0,0.0,0.0,0.0,0.0,0.0
106539,holtbr01,2019,1,BOS,AL,87,259,38,77,14,2,3,31.0,1.0,0.0,28,57.0,1.0,4.0,0.0,4.0,4.0
106566,jamesjo02,2019,1,HOU,AL,49,0,0,0,0,0,0,0.0,0.0,0.0,0,0.0,0.0,0.0,0.0,0.0,0.0
106569,janseke01,2019,1,LAN,NL,62,1,0,0,0,0,0,0.0,0.0,0.0,0,1.0,0.0,0.0,0.0,0.0,0.0
106580,johnsbr02,2019,1,BOS,AL,22,1,1,0,0,0,0,0.0,0.0,0.0,0,1.0,0.0,0.0,0.0,0.0,0.0
106590,judgeaa01,2019,1,NYA,AL,102,378,75,103,18,1,27,55.0,3.0,2.0,64,141.0,4.0,3.0,0.0,1.0,11.0
106593,kahnlto01,2019,1,NYA,AL,72,0,0,0,0,0,0,0.0,0.0,0.0,0,0.0,0.0,0.0,0.0,0.0,0.0
106603,kelletr01,2019,1,BOS,AL,10,0,0,0,0,0,0,0.0,0.0,0.0,0,0.0,0.0,0.0,0.0,0.0,0.0
106605,kellyjo05,2019,1,LAN,NL,55,2,0,0,0,0,0,0.0,0.0,0.0,0,2.0,0.0,0.0,1.0,0.0,0.0
106608,kempto01,2019,1,HOU,AL,66,163,23,37,6,2,7,17.0,4.0,3.0,16,29.0,1.0,4.0,1.0,2.0,2.0
106613,kershcl01,2019,1,LAN,NL,29,49,1,5,1,0,0,1.0,0.0,0.0,1,16.0,0.0,0.0,15.0,0.0,0.0
106623,kingmi01,2019,1,NYA,AL,1,0,0,0,0,0,0,0.0,0.0,0.0,0,0.0,0.0,0.0,0.0,0.0,0.0
106635,kolarad01,2019,2,LAN,NL,27,0,0,0,0,0,0,0.0,0.0,0.0,0,0.0,0.0,0.0,0.0,0.0,0.0
106641,lailbr01,2019,1,NYA,AL,1,0,0,0,0,0,0,0.0,0.0,0.0,0,0.0,0.0,0.0,0.0,0.0,0.0
106642,lakintr01,2019,1,BOS,AL,16,0,0,0,0,0,0,0.0,0.0,0.0,0,0.0,0.0,0.0,0.0,0.0,0.0
106656,lemahdj01,2019,1,NYA,AL,145,602,109,197,33,2,26,102.0,5.0,2.0,46,90.0,0.0,2.0,1.0,4.0,14.0
106658,leonsa01,2019,1,BOS,AL,65,172,14,33,3,0,5,19.0,0.0,0.0,13,47.0,0.0,1.0,4.0,1.0,0.0
106663,lintz01,2019,1,BOS,AL,13,20,3,4,2,0,0,1.0,1.0,1.0,2,6.0,0.0,0.0,0.0,0.0,0.0
106667,loaisjo01,2019,1,NYA,AL,15,0,0,0,0,0,0,0.0,0.0,0.0,0,0.0,0.0,0.0,0.0,0.0,0.0
106692,luxga01,2019,1,LAN,NL,23,75,12,18,4,1,2,9.0,2.0,0.0,7,24.0,0.0,0.0,0.0,0.0,0.0
106698,lyonsty01,2019,2,NYA,AL,11,0,0,0,0,0,0,0.0,0.0,0.0,0,0.0,0.0,0.0,0.0,0.0,0.0
106700,maedake01,2019,1,LAN,NL,41,48,3,12,2,0,0,6.0,0.0,0.0,0,13.0,0.0,0.0,13.0,0.0,0.0
106708,maldoma01,2019,3,HOU,AL,27,84,20,17,4,0,6,10.0,0.0,0.0,13,26.0,0.0,1.0,0.0,0.0,2.0
106711,mantijo01,2019,1,NYA,AL,1,0,0,0,0,0,0,0.0,0.0,0.0,0,0.0,0.0,0.0,0.0,0.0,0.0
106715,marisja01,2019,1,HOU,AL,120,292,46,68,16,3,10,34.0,10.0,3.0,17,95.0,0.0,6.0,3.0,0.0,6.0
106728,martico02,2019,1,HOU,AL,5,0,0,0,0,0,0,0.0,0.0,0.0,0,0.0,0.0,0.0,0.0,0.0,0.0
106730,martijd02,2019,1,BOS,AL,146,575,98,175,33,2,36,105.0,2.0,0.0,72,138.0,9.0,4.0,0.0,5.0,19.0
106736,martiru01,2019,1,LAN,NL,83,209,29,46,5,0,6,20.0,1.0,0.0,30,60.0,3.0,8.0,0.0,2.0,1.0
106742,maybica01,2019,1,NYA,AL,82,239,48,68,17,0,11,32.0,9.0,6.0,30,72.0,0.0,0.0,0.0,0.0,5.0
106743,maydu01,2019,1,LAN,NL,14,11,0,1,0,0,0,0.0,0.0,0.0,0,4.0,0.0,0.0,0.0,0.0,0.0
106745,mayfija01,2019,1,HOU,AL,26,64,8,10,5,0,2,5.0,0.0,0.0,1,16.0,0.0,0.0,0.0,0.0,0.0
106760,mchugco01,2019,1,HOU,AL,35,0,0,0,0,0,0,0.0,0.0,0.0,0,0.0,0.0,0.0,0.0,0.0,0.0
106790,mileywa01,2019,1,HOU,AL,33,4,1,0,0,0,0,0.0,0.0,0.0,1,1.0,0.0,0.0,1.0,0.0,0.0
106808,montgjo01,2019,1,NYA,AL,2,0,0,0,0,0,0,0.0,0.0,0.0,0,0.0,0.0,0.0,0.0,0.0,0.0
106815,moralke01,2019,2,NYA,AL,19,62,7,11,1,0,1,5.0,0.0,0.0,12,6.0,0.0,1.0,0.0,0.0,3.0
106819,morelmi01,2019,1,BOS,AL,91,298,48,75,17,1,19,58.0,1.0,0.0,34,74.0,0.0,1.0,0.0,2.0,12.0
106829,muncyma01,2019,1,LAN,NL,141,487,101,122,22,1,35,98.0,4.0,1.0,90,149.0,1.0,8.0,0.0,4.0,5.0
106844,negrokr01,2019,2,LAN,NL,30,54,9,14,1,0,2,7.0,0.0,1.0,3,17.0,1.0,0.0,0.0,0.0,1.0
106866,nunezed02,2019,1,BOS,AL,60,167,13,38,7,0,2,20.0,5.0,1.0,4,27.0,0.0,0.0,1.0,2.0,6.0
106885,osunaro01,2019,1,HOU,AL,66,0,0,0,0,0,0,0.0,0.0,0.0,0,0.0,0.0,0.0,0.0,0.0,0.0
106888,ottavad01,2019,1,NYA,AL,73,0,0,0,0,0,0,0.0,0.0,0.0,0,0.0,0.0,0.0,0.0,0.0,0.0
106890,owingch01,2019,2,BOS,AL,26,45,4,7,2,0,1,5.0,1.0,1.0,6,23.0,0.0,0.0,0.0,0.0,1.0
106906,paxtoja01,2019,1,NYA,AL,29,5,0,0,0,0,0,1.0,0.0,0.0,0,5.0,0.0,0.0,3.0,0.0,0.0
106910,peacobr01,2019,1,HOU,AL,23,0,0,0,0,0,0,0.0,0.0,0.0,0,0.0,0.0,0.0,0.0,0.0,0.0
106911,pearcst01,2019,1,BOS,AL,29,89,9,16,4,0,1,9.0,0.0,0.0,7,31.0,0.0,1.0,0.0,1.0,5.0
106912,pederjo01,2019,1,LAN,NL,149,450,83,112,16,3,36,74.0,1.0,1.0,50,111.0,2.0,12.0,0.0,2.0,4.0
106913,pedrodu01,2019,1,BOS,AL,6,20,1,2,0,0,0,1.0,0.0,0.0,1,2.0,0.0,0.0,0.0,0.0,2.0
106923,perezci01,2019,1,HOU,AL,5,0,0,0,0,0,0,0.0,0.0,0.0,0,0.0,0.0,0.0,0.0,0.0,0.0
106957,polloaj01,2019,1,LAN,NL,86,308,49,82,15,1,15,47.0,5.0,1.0,23,74.0,1.0,7.0,0.0,4.0,7.0
106962,porceri01,2019,1,BOS,AL,32,6,0,0,0,0,0,0.0,0.0,0.0,0,2.0,0.0,0.0,0.0,0.0,1.0
106965,poynebo01,2019,1,BOS,AL,13,0,0,0,0,0,0,0.0,0.0,0.0,0,0.0,0.0,0.0,0.0,0.0,0.0
106967,pressry01,2019,1,HOU,AL,55,0,0,0,0,0,0,0.0,0.0,0.0,0,0.0,0.0,0.0,0.0,0.0,0.0
106968,priceda01,2019,1,BOS,AL,22,2,0,1,0,0,0,1.0,0.0,0.0,0,1.0,0.0,0.0,0.0,0.0,0.0
106982,ramirer02,2019,1,BOS,AL,1,0,0,0,0,0,0,0.0,0.0,0.0,0,0.0,0.0,0.0,0.0,0.0,0.0
107000,reddijo01,2019,1,HOU,AL,141,501,57,138,19,3,14,56.0,5.0,2.0,36,66.0,1.0,0.0,1.0,9.0,9.0
107026,riosed01,2019,1,LAN,NL,28,47,10,13,2,1,4,8.0,0.0,0.0,9,21.0,0.0,0.0,0.0,0.0,1.0
107040,rodgebr01,2019,1,HOU,AL,3,0,0,0,0,0,0,0.0,0.0,0.0,0,0.0,0.0,0.0,0.0,0.0,0.0
107046,rodried05,2019,1,BOS,AL,34,7,1,0,0,0,0,0.0,0.0,0.0,0,3.0,0.0,0.0,2.0,0.0,0.0
107062,rominau01,2019,1,NYA,AL,73,228,29,64,12,0,8,35.0,1.0,1.0,10,50.0,0.0,0.0,1.0,1.0,7.0
107065,rondohe01,2019,1,HOU,AL,62,0,0,0,0,0,0,0.0,0.0,0.0,0,0.0,0.0,0.0,0.0,0.0,0.0
107068,rosaad01,2019,1,NYA,AL,1,0,0,0,0,0,0,0.0,0.0,0.0,0,0.0,0.0,0.0,0.0,0.0,0.0
107077,rosscza01,2019,3,LAN,NL,7,0,0,0,0,0,0,0.0,0.0,0.0,0,0.0,0.0,0.0,0.0,0.0,0.0
107086,ryuhy01,2019,1,LAN,NL,30,51,3,8,1,0,1,3.0,0.0,0.0,4,23.0,0.0,0.0,12.0,0.0,0.0
107087,sabatcc01,2019,1,NYA,AL,23,3,0,0,0,0,0,0.0,0.0,0.0,0,2.0,0.0,0.0,0.0,0.0,0.0
107089,sadleca02,2019,2,LAN,NL,24,3,0,0,0,0,0,0.0,0.0,0.0,0,1.0,0.0,0.0,0.0,0.0,0.0
107094,salech01,2019,1,BOS,AL,25,0,0,0,0,0,0,0.0,0.0,0.0,0,0.0,0.0,0.0,0.0,0.0,0.0
107098,sanchaa01,2019,2,HOU,AL,4,0,0,0,0,0,0,0.0,0.0,0.0,0,0.0,0.0,0.0,0.0,0.0,0.0
107102,sanchga02,2019,1,NYA,AL,106,396,62,92,12,1,34,77.0,0.0,1.0,40,125.0,3.0,9.0,0.0,1.0,3.0
107109,santade01,2019,1,LAN,NL,3,2,0,1,0,0,0,0.0,0.0,0.0,0,0.0,0.0,0.0,0.0,0.0,0.0
107114,sborzjo01,2019,1,LAN,NL,7,0,0,0,0,0,0,0.0,0.0,0.0,0,0.0,0.0,0.0,0.0,0.0,0.0
107120,schulja02,2019,1,LAN,NL,4,0,0,0,0,0,0,0.0,0.0,0.0,0,0.0,0.0,0.0,0.0,0.0,0.0
107127,seageco01,2019,1,LAN,NL,134,489,82,133,44,1,19,87.0,1.0,0.0,44,98.0,3.0,4.0,0.0,4.0,8.0
107134,severlu01,2019,1,NYA,AL,3,0,0,0,0,0,0,0.0,0.0,0.0,0,0.0,0.0,0.0,0.0,0.0,0.0
107138,shawami01,2019,1,BOS,AL,14,0,0,0,0,0,0,0.0,0.0,0.0,0,0.0,0.0,0.0,0.0,0.0,0.0
107164,smithjo05,2019,1,HOU,AL,28,0,0,0,0,0,0,0.0,0.0,0.0,0,0.0,0.0,0.0,0.0,0.0,0.0
107165,smithjo07,2019,1,BOS,AL,18,0,0,0,0,0,0,0.0,0.0,0.0,0,0.0,0.0,0.0,0.0,0.0,0.0
107171,smithwi05,2019,1,LAN,NL,54,170,30,43,9,0,15,42.0,2.0,0.0,18,52.0,1.0,5.0,0.0,3.0,3.0
107175,sneedcy01,2019,1,HOU,AL,8,0,0,0,0,0,0,0.0,0.0,0.0,0,0.0,0.0,0.0,0.0,0.0,0.0
107192,springe01,2019,1,HOU,AL,122,479,96,140,20,3,39,96.0,6.0,2.0,67,113.0,1.0,6.0,0.0,4.0,12.0
107199,stantmi03,2019,1,NYA,AL,18,59,8,17,3,0,3,13.0,0.0,0.0,12,24.0,0.0,0.0,0.0,1.0,1.0
107202,stassma01,2019,1,HOU,AL,31,90,4,15,1,0,1,3.0,0.0,0.0,7,34.0,0.0,1.0,0.0,0.0,1.0
107208,stewabr01,2019,1,LAN,NL,3,3,1,1,1,0,0,0.0,0.0,0.0,0,0.0,0.0,0.0,0.0,0.0,0.0
107221,strawmy01,2019,1,HOU,AL,56,108,27,29,4,2,0,7.0,8.0,1.0,19,24.0,0.0,0.0,1.0,0.0,2.0
107224,stripro01,2019,1,LAN,NL,32,20,1,3,0,0,0,1.0,0.0,0.0,2,7.0,0.0,0.0,2.0,0.0,1.0
107228,stubbga01,2019,1,HOU,AL,19,35,8,7,3,0,0,2.0,1.0,0.0,4,7.0,0.0,0.0,0.0,0.0,1.0
107244,swihabl01,2019,1,BOS,AL,12,26,4,6,1,0,1,4.0,0.0,0.0,2,7.0,0.0,1.0,0.0,0.0,0.0
107248,tanakma01,2019,1,NYA,AL,32,1,0,0,0,0,0,0.0,0.0,0.0,0,0.0,0.0,0.0,0.0,0.0,0.0
107250,tarplst01,2019,1,NYA,AL,21,0,0,0,0,0,0,0.0,0.0,0.0,0,0.0,0.0,0.0,0.0,0.0,0.0
107253,tauchmi01,2019,1,NYA,AL,87,260,46,72,18,1,13,47.0,6.0,0.0,34,71.0,0.0,1.0,0.0,1.0,9.0
107257,tayloch03,2019,1,LAN,NL,124,366,52,96,29,4,12,52.0,8.0,0.0,37,115.0,3.0,4.0,2.0,5.0,6.0
107258,taylojo02,2019,1,BOS,AL,52,0,0,0,0,0,0,0.0,0.0,0.0,0,0.0,0.0,0.0,0.0,0.0,0.0
107269,thornty01,2019,1,BOS,AL,16,0,0,0,0,0,0,0.0,0.0,0.0,0,0.0,0.0,0.0,0.0,0.0,0.0
107275,toroab01,2019,1,HOU,AL,25,78,13,17,3,2,2,9.0,1.0,1.0,9,19.0,0.0,1.0,0.0,1.0,2.0
107277,torregl01,2019,1,NYA,AL,144,546,96,152,26,0,38,90.0,5.0,2.0,48,129.0,3.0,3.0,1.0,6.0,10.0
107282,travisa01,2019,1,BOS,AL,59,144,17,31,4,1,6,16.0,2.0,0.0,11,36.0,2.0,1.0,0.0,1.0,6.0
107290,tuckeky01,2019,1,HOU,AL,22,67,15,18,6,0,4,11.0,5.0,0.0,4,20.0,1.0,1.0,0.0,0.0,1.0
107292,tulowtr01,2019,1,NYA,AL,5,11,1,2,1,0,1,1.0,0.0,0.0,2,4.0,0.0,0.0,0.0,0.0,1.0
107294,turneju01,2019,1,LAN,NL,135,479,80,139,24,0,27,67.0,2.0,0.0,51,88.0,1.0,14.0,0.0,5.0,11.0
107300,uriasju01,2019,1,LAN,NL,37,12,0,3,0,0,0,2.0,0.0,0.0,1,4.0,0.0,0.0,5.0,0.0,0.0
107302,urquijo01,2019,1,HOU,AL,9,4,0,0,0,0,0,0.0,0.0,0.0,0,3.0,0.0,0.0,0.0,0.0,0.0
107303,urshegi01,2019,1,NYA,AL,132,442,73,139,34,0,21,74.0,1.0,1.0,25,87.0,1.0,5.0,0.0,4.0,13.0
107305,valdefr01,2019,1,HOU,AL,26,0,0,0,0,0,0,0.0,0.0,0.0,0,0.0,0.0,0.0,0.0,0.0,0.0
107307,valerbr01,2019,1,NYA,AL,12,32,5,7,1,1,0,3.0,0.0,0.0,4,5.0,0.0,1.0,0.0,0.0,0.0
107314,vazquch01,2019,1,BOS,AL,138,482,66,133,26,1,23,72.0,4.0,2.0,33,101.0,3.0,0.0,3.0,3.0,17.0
107318,velazhe01,2019,1,BOS,AL,34,1,0,0,0,0,0,0.0,0.0,0.0,0,1.0,0.0,0.0,0.0,0.0,0.0
107322,verdual01,2019,1,LAN,NL,106,343,43,101,22,2,12,44.0,4.0,1.0,26,49.0,1.0,2.0,0.0,6.0,8.0
107324,verlaju01,2019,1,HOU,AL,34,2,0,0,0,0,0,0.0,0.0,0.0,0,1.0,0.0,0.0,0.0,0.0,1.0
107333,voitlu01,2019,1,NYA,AL,118,429,72,113,21,1,21,62.0,0.0,0.0,71,142.0,2.0,9.0,0.0,1.0,12.0
107339,wadety01,2019,1,NYA,AL,43,94,16,23,3,1,2,11.0,7.0,0.0,11,28.0,0.0,1.0,2.0,0.0,0.0
107342,waldema01,2019,1,BOS,AL,70,1,0,0,0,0,0,0.0,0.0,0.0,0,1.0,0.0,0.0,0.0,0.0,0.0
107361,weberry01,2019,1,BOS,AL,18,0,0,0,0,0,0,0.0,0.0,0.0,0,0.0,0.0,0.0,0.0,0.0,0.0
107366,whitety01,2019,1,HOU,AL,71,218,16,49,14,0,3,21.0,0.0,0.0,32,74.0,0.0,0.0,0.0,3.0,7.0
107367,whitety01,2019,2,LAN,NL,12,22,2,1,0,0,0,2.0,0.0,0.0,4,4.0,0.0,0.0,0.0,0.0,0.0
107402,workmbr01,2019,1,BOS,AL,73,0,0,0,0,0,0,0.0,0.0,0.0,0,0.0,0.0,0.0,0.0,0.0,0.0
107407,wrighst01,2019,1,BOS,AL,6,0,0,0,0,0,0,0.0,0.0,0.0,0,0.0,0.0,0.0,0.0,0.0,0.0
