,playerID,yearID,round,teamID,lgID,W,L,G,GS,CG,SHO,SV,IPouts,H,ER,HR,BB,SO,BAOpp,ERA,IBB,WP,HBP,BK,BFP,GF,R,SH,SF,GIDP
4945,anderbr04,2015,NLDS2,LAN,NL,0,1,1,1,0,0,0,9,7,6,1,0,3,0.438,18.0,0.0,0.0,0.0,0.0,16.0,0,6,0.0,0.0,0.0
4949,avilalu01,2015,NLDS2,LAN,NL,0,0,2,0,0,0,0,4,0,0,0,0,2,0.0,0.0,0.0,0.0,0.0,0.0,4.0,1,0,0.0,0.0,0.0
4950,baezpe01,2015,NLDS2,LAN,NL,0,0,2,0,0,0,0,1,2,3,0,2,1,0.667,81.0,0.0,0.0,0.0,0.0,5.0,0,3,0.0,0.0,0.0
4952,betande01,2015,ALWC,NYA,AL,0,0,1,0,0,0,0,5,1,1,0,1,4,0.167,5.4,0.0,0.0,0.0,0.0,7.0,0,1,0.0,0.0,0.0
4985,fieldjo03,2015,ALDS1,HOU,AL,0,0,2,0,0,0,0,5,1,2,1,2,4,0.167,10.8,0.0,0.0,0.0,0.0,8.0,1,2,0.0,0.0,0.0
4986,fiersmi01,2015,ALDS1,HOU,AL,0,0,1,0,0,0,0,3,1,1,0,0,0,0.5,9.0,0.0,0.0,0.0,0.0,4.0,0,1,1.0,1.0,0.0
4989,garciyi01,2015,NLDS2,LAN,NL,0,0,1,0,0,0,0,3,0,0,0,1,3,0.0,0.0,0.0,0.0,0.0,0.0,4.0,0,0,0.0,0.0,0.0
4993,gregelu01,2015,ALDS1,HOU,AL,0,0,3,0,0,0,2,9,2,1,1,2,4,0.182,3.0,0.0,0.0,1.0,0.0,14.0,2,1,0.0,0.0,0.0
4994,gregelu01,2015,ALWC,HOU,AL,0,0,1,0,0,0,1,3,0,0,0,0,2,0.0,0.0,0.0,0.0,0.0,0.0,3.0,1,0,0.0,0.0,0.0
4995,greinza01,2015,NLDS2,LAN,NL,1,1,2,2,0,0,0,41,11,5,3,1,17,0.229,3.29,0.0,0.0,0.0,0.0,50.0,0,5,0.0,1.0,2.0
5001,harriwi02,2015,ALDS1,HOU,AL,0,1,3,0,0,0,0,6,8,4,0,0,2,0.615,18.0,0.0,0.0,0.0,0.0,13.0,0,5,0.0,0.0,0.0
5002,harriwi02,2015,ALWC,HOU,AL,0,0,1,0,0,0,0,3,0,0,0,0,0,0.0,0.0,0.0,0.0,0.0,0.0,3.0,0,0,0.0,0.0,0.0
5006,hatchch02,2015,NLDS2,LAN,NL,0,0,4,0,0,0,0,11,0,0,0,1,5,0.0,0.0,0.0,0.0,0.0,0.0,12.0,1,0,0.0,0.0,0.0
5020,howeljp01,2015,NLDS2,LAN,NL,0,0,1,0,0,0,0,3,1,0,0,0,0,0.333,0.0,0.0,0.0,0.0,0.0,4.0,0,0,0.0,1.0,0.0
5021,janseke01,2015,NLDS2,LAN,NL,0,0,3,0,0,0,2,10,1,0,0,3,4,0.091,0.0,1.0,0.0,0.0,0.0,14.0,3,0,0.0,0.0,0.0
5022,kazmisc01,2015,ALDS1,HOU,AL,0,0,1,1,0,0,0,16,5,3,1,1,4,0.25,5.06,0.0,0.0,0.0,0.0,21.0,0,3,0.0,0.0,1.0
5024,kershcl01,2015,NLDS2,LAN,NL,1,1,2,2,0,0,0,41,7,4,2,5,19,0.149,2.63,0.0,0.0,0.0,0.0,53.0,0,4,1.0,0.0,0.0
5025,keuchda01,2015,ALDS1,HOU,AL,1,0,2,1,0,0,0,24,7,4,2,4,7,0.226,4.5,2.0,1.0,0.0,0.0,36.0,1,4,1.0,0.0,0.0
5026,keuchda01,2015,ALWC,HOU,AL,1,0,1,1,0,0,0,18,3,0,0,1,7,0.143,0.0,0.0,0.0,0.0,0.0,22.0,0,0,0.0,0.0,0.0
5043,mcculla02,2015,ALDS1,HOU,AL,0,0,1,1,0,0,0,19,2,2,1,2,7,0.095,2.84,0.0,0.0,2.0,0.0,25.0,0,2,0.0,0.0,0.0
5044,mchugco01,2015,ALDS1,HOU,AL,1,1,2,2,0,0,0,30,9,5,2,2,2,0.243,4.5,0.0,0.0,1.0,0.0,40.0,0,5,0.0,0.0,2.0
5048,millean01,2015,ALWC,NYA,AL,0,0,1,0,0,0,0,3,0,0,0,0,2,0.0,0.0,0.0,0.0,0.0,0.0,3.0,1,0,0.0,0.0,0.0
5051,neshepa01,2015,ALDS1,HOU,AL,0,0,2,0,0,0,0,3,2,0,0,0,2,0.4,0.0,0.0,0.0,0.0,0.0,5.0,1,0,0.0,0.0,0.0
5059,peraljo01,2015,NLDS2,LAN,NL,0,0,1,0,0,0,0,3,0,0,0,0,1,0.0,0.0,0.0,0.0,0.0,0.0,3.0,0,0,0.0,0.0,0.0
5061,perezol01,2015,ALDS1,HOU,AL,0,0,2,0,0,0,0,1,2,1,0,1,0,0.667,27.0,0.0,0.0,0.0,0.0,4.0,0,1,0.0,0.0,0.0
5079,sippto01,2015,ALDS1,HOU,AL,0,1,5,0,0,0,0,13,1,0,0,1,4,0.067,0.0,0.0,0.0,0.0,0.0,16.0,0,1,0.0,0.0,0.0
5080,sippto01,2015,ALWC,HOU,AL,0,0,1,0,0,0,0,3,0,0,0,1,1,0.0,0.0,0.0,0.0,0.0,0.0,4.0,0,0,0.0,0.0,0.0
5089,tanakma01,2015,ALWC,NYA,AL,0,1,1,1,0,0,0,15,4,2,2,3,3,0.222,3.6,0.0,0.0,0.0,0.0,21.0,0,2,0.0,0.0,1.0
5102,wilsoju10,2015,ALWC,NYA,AL,0,0,1,0,0,0,0,4,0,0,0,1,0,0.0,0.0,0.0,0.0,0.0,0.0,4.0,0,0,0.0,0.0,1.0
5103,woodal02,2015,NLDS2,LAN,NL,0,0,1,0,0,0,0,6,4,4,1,2,2,0.4,18.0,1.0,0.0,0.0,0.0,12.0,0,4,0.0,0.0,0.0
5115,avilalu01,2016,NLCS,LAN,NL,0,0,2,0,0,0,0,7,2,0,0,1,1,0.25,0.0,0.0,0.0,0.0,0.0,10.0,0,0,0.0,1.0,0.0
5116,avilalu01,2016,NLDS2,LAN,NL,0,0,3,0,0,0,0,4,2,0,0,0,2,0.333,0.0,0.0,1.0,0.0,0.0,6.0,0,0,0.0,0.0,0.0
5117,baezpe01,2016,NLCS,LAN,NL,0,0,3,0,0,0,0,10,6,2,1,2,4,0.375,5.4,0.0,0.0,0.0,0.0,19.0,0,6,1.0,0.0,0.0
5118,baezpe01,2016,NLDS2,LAN,NL,0,0,4,0,0,0,0,11,0,0,0,2,1,0.0,0.0,0.0,0.0,1.0,0.0,12.0,0,0,0.0,0.0,0.0
5119,barnema01,2016,ALDS2,BOS,AL,0,0,1,0,0,0,0,5,3,0,0,0,1,0.429,0.0,0.0,0.0,0.0,0.0,7.0,0,1,0.0,0.0,0.0
5128,blantjo01,2016,NLCS,LAN,NL,0,2,3,0,0,0,0,9,7,7,3,2,3,0.438,21.0,2.0,0.0,0.0,0.0,18.0,0,7,0.0,0.0,0.0
5129,blantjo01,2016,NLDS2,LAN,NL,1,0,4,0,0,0,0,15,1,0,0,1,5,0.062,0.0,0.0,0.0,0.0,0.0,17.0,0,0,0.0,0.0,0.0
5131,buchhcl01,2016,ALDS2,BOS,AL,0,1,1,1,0,0,0,12,6,2,0,1,4,0.353,4.5,0.0,0.0,0.0,0.0,19.0,0,2,1.0,0.0,0.0
5146,daytogr01,2016,NLCS,LAN,NL,0,0,3,0,0,0,0,5,1,0,0,0,2,0.167,0.0,0.0,0.0,0.0,0.0,6.0,1,0,0.0,0.0,0.0
5147,daytogr01,2016,NLDS2,LAN,NL,0,0,4,0,0,0,0,5,5,3,1,2,4,0.5,16.2,0.0,0.0,0.0,0.0,12.0,0,3,0.0,0.0,0.0
5157,fieldjo03,2016,NLCS,LAN,NL,0,0,2,0,0,0,0,4,1,0,0,0,1,0.2,0.0,0.0,0.0,0.0,0.0,5.0,0,0,0.0,0.0,0.0
5158,fieldjo03,2016,NLDS2,LAN,NL,0,0,2,0,0,0,0,3,0,0,0,1,3,0.0,0.0,0.0,0.0,0.0,0.0,4.0,0,0,0.0,0.0,0.0
5175,hillri01,2016,NLCS,LAN,NL,1,0,1,1,0,0,0,18,2,0,0,2,6,0.1,0.0,0.0,0.0,0.0,0.0,22.0,0,0,0.0,0.0,0.0
5176,hillri01,2016,NLDS2,LAN,NL,0,1,2,2,0,0,0,21,9,5,1,4,13,0.31,6.43,1.0,0.0,2.0,0.0,35.0,0,5,0.0,0.0,1.0
5177,janseke01,2016,NLCS,LAN,NL,0,0,3,0,0,0,1,19,1,0,0,0,10,0.05,0.0,0.0,0.0,0.0,0.0,20.0,3,0,0.0,0.0,0.0
5178,janseke01,2016,NLDS2,LAN,NL,0,0,4,0,0,0,2,16,4,4,1,5,9,0.2,6.75,1.0,0.0,1.0,0.0,26.0,2,4,0.0,0.0,0.0
5183,kellyjo05,2016,ALDS2,BOS,AL,0,0,3,0,0,0,0,11,0,0,0,0,3,0.0,0.0,0.0,0.0,0.0,0.0,11.0,0,0,0.0,0.0,0.0
5184,kershcl01,2016,NLCS,LAN,NL,1,1,2,2,0,0,0,36,9,4,2,1,10,0.205,3.0,0.0,0.0,0.0,0.0,46.0,0,5,0.0,1.0,0.0
5185,kershcl01,2016,NLDS2,LAN,NL,1,0,3,2,0,0,1,37,15,8,0,3,19,0.294,5.84,0.0,0.0,0.0,0.0,56.0,1,8,0.0,2.0,0.0
5186,kimbrcr01,2016,ALDS2,BOS,AL,0,0,2,0,0,0,0,4,0,0,0,0,3,0.0,0.0,0.0,0.0,0.0,0.0,4.0,2,0,0.0,0.0,0.0
5203,maedake01,2016,NLCS,LAN,NL,0,0,2,2,0,0,0,23,7,4,0,5,8,0.233,4.7,0.0,1.0,1.0,0.0,36.0,0,4,0.0,0.0,0.0
5204,maedake01,2016,NLDS2,LAN,NL,0,1,1,1,0,0,0,9,5,4,1,2,4,0.357,12.0,0.0,0.0,1.0,0.0,17.0,0,4,0.0,0.0,0.0
5226,pomerdr01,2016,ALDS2,BOS,AL,0,0,2,0,0,0,0,11,4,2,1,2,7,0.286,4.91,1.0,0.0,0.0,0.0,17.0,0,2,1.0,0.0,0.0
5227,porceri01,2016,ALDS2,BOS,AL,0,1,1,1,0,0,0,13,6,5,3,0,6,0.333,10.38,0.0,0.0,1.0,0.0,19.0,0,5,0.0,0.0,0.0
5228,priceda01,2016,ALDS2,BOS,AL,0,1,1,1,0,0,0,10,6,5,1,2,3,0.375,13.5,0.0,0.0,0.0,0.0,18.0,0,5,0.0,0.0,0.0
5236,rossro01,2016,ALDS2,BOS,AL,0,0,1,0,0,0,0,1,0,0,0,0,1,0.0,0.0,0.0,0.0,0.0,0.0,1.0,0,0,0.0,0.0,0.0
5249,stripro01,2016,NLCS,LAN,NL,0,0,3,0,0,0,0,8,6,4,0,1,0,0.462,13.5,0.0,0.0,0.0,0.0,14.0,1,5,0.0,0.0,1.0
5250,stripro01,2016,NLDS2,LAN,NL,0,0,2,0,0,0,0,5,0,0,0,0,2,0.0,0.0,0.0,0.0,0.0,0.0,5.0,2,0,0.0,1.0,0.0
5263,ueharko01,2016,ALDS2,BOS,AL,0,0,2,0,0,0,0,6,1,0,0,0,1,0.167,0.0,0.0,0.0,0.0,0.0,6.0,1,0,0.0,0.0,1.0
5264,uriasju01,2016,NLCS,LAN,NL,0,1,1,1,0,0,0,11,4,4,1,2,4,0.25,9.82,0.0,0.0,0.0,0.0,18.0,0,4,0.0,0.0,0.0
5265,uriasju01,2016,NLDS2,LAN,NL,1,0,1,0,0,0,0,6,1,0,0,2,1,0.2,0.0,0.0,0.0,0.0,0.0,7.0,0,0,0.0,0.0,0.0
5266,woodal02,2016,NLCS,LAN,NL,0,0,1,0,0,0,0,6,2,0,0,0,1,0.25,0.0,0.0,0.0,1.0,0.0,9.0,1,0,0.0,0.0,0.0
5270,zieglbr01,2016,ALDS2,BOS,AL,0,0,1,0,0,0,0,2,0,0,0,1,1,0.0,0.0,0.0,0.0,0.0,0.0,4.0,0,0,0.0,1.0,0.0
5279,betande01,2017,ALCS,NYA,AL,0,0,2,0,0,0,0,3,1,1,0,2,1,0.333,9.0,0.0,0.0,0.0,0.0,6.0,1,1,0.0,1.0,0.0
5280,betande01,2017,ALDS1,NYA,AL,0,1,3,0,0,0,0,9,1,1,0,3,5,0.1,3.0,0.0,0.0,0.0,0.0,13.0,2,1,0.0,0.0,0.0
5287,chapmar01,2017,ALCS,NYA,AL,0,1,2,0,0,0,1,4,2,1,0,0,3,0.333,6.75,0.0,0.0,0.0,0.0,6.0,2,1,0.0,0.0,0.0
5288,chapmar01,2017,ALDS1,NYA,AL,0,0,3,0,0,0,2,17,4,0,0,2,10,0.19,0.0,1.0,0.0,0.0,0.0,23.0,2,0,0.0,0.0,0.0
5289,chapmar01,2017,ALWC,NYA,AL,0,0,1,0,0,0,0,3,1,0,0,0,3,0.25,0.0,0.0,0.0,0.0,0.0,4.0,1,0,0.0,0.0,0.0
5290,cingrto01,2017,NLCS,LAN,NL,0,0,2,0,0,0,0,3,1,0,0,0,1,0.25,0.0,0.0,0.0,1.0,0.0,5.0,0,0,0.0,0.0,0.0
5291,cingrto01,2017,NLDS1,LAN,NL,0,0,2,0,0,0,0,3,0,0,0,0,0,0.0,0.0,0.0,0.0,0.0,0.0,2.0,0,0,0.0,0.0,1.0
5292,cingrto01,2017,WS,LAN,NL,0,0,3,0,0,0,0,9,2,1,1,2,2,0.2,3.0,2.0,0.0,0.0,0.0,12.0,0,1,0.0,0.0,1.0
5294,darviyu01,2017,NLCS,LAN,NL,1,0,1,1,0,0,0,19,6,1,1,1,7,0.25,1.42,0.0,0.0,0.0,0.0,25.0,0,1,0.0,0.0,1.0
5295,darviyu01,2017,NLDS1,LAN,NL,1,0,1,1,0,0,0,15,2,1,1,0,7,0.118,1.8,0.0,0.0,1.0,0.0,18.0,0,1,0.0,0.0,0.0
5296,darviyu01,2017,WS,LAN,NL,0,2,2,2,0,0,0,10,9,8,2,2,0,0.474,21.6,0.0,0.0,0.0,0.0,22.0,0,9,0.0,1.0,0.0
5301,devench02,2017,ALCS,HOU,AL,0,0,2,0,0,0,0,2,1,1,0,2,0,0.5,13.5,0.0,0.0,0.0,0.0,5.0,0,1,0.0,1.0,0.0
5302,devench02,2017,ALDS2,HOU,AL,0,0,3,0,0,0,0,7,4,3,0,0,3,0.364,11.57,0.0,0.0,0.0,0.0,11.0,0,3,0.0,0.0,0.0
5303,devench02,2017,WS,HOU,AL,1,0,5,0,0,0,0,15,4,4,2,1,5,0.211,7.2,0.0,0.0,0.0,0.0,20.0,2,4,0.0,0.0,0.0
5310,fieldjo03,2017,NLCS,LAN,NL,0,0,2,0,0,0,0,2,0,0,0,0,0,0.0,0.0,0.0,0.0,0.0,0.0,2.0,1,0,0.0,0.0,0.0
5311,fieldjo03,2017,NLDS1,LAN,NL,0,0,1,0,0,0,0,1,1,0,0,0,1,0.5,0.0,0.0,0.0,0.0,0.0,2.0,0,0,0.0,0.0,0.0
5312,fieldjo03,2017,WS,LAN,NL,0,0,1,0,0,0,0,0,3,2,2,0,0,1.0,inf,0.0,0.0,0.0,0.0,3.0,0,2,0.0,0.0,0.0
5313,fistedo01,2017,ALDS2,BOS,AL,0,0,1,1,0,0,0,4,4,3,1,1,1,0.5,20.25,0.0,1.0,0.0,0.0,9.0,0,3,0.0,0.0,0.0
5314,garcija02,2017,ALDS1,NYA,AL,0,0,1,0,0,0,0,8,0,0,0,2,3,0.0,0.0,1.0,2.0,0.0,0.0,10.0,0,0,0.0,1.0,0.0
5315,gileske01,2017,ALCS,HOU,AL,0,1,3,0,0,0,1,9,5,3,1,3,5,0.357,9.0,1.0,1.0,0.0,0.0,17.0,2,3,0.0,0.0,0.0
5316,gileske01,2017,ALDS2,HOU,AL,0,0,2,0,0,0,1,9,3,2,1,0,2,0.25,6.0,0.0,1.0,0.0,0.0,12.0,2,2,0.0,0.0,0.0
5317,gileske01,2017,WS,HOU,AL,0,1,2,0,0,0,0,5,4,5,1,2,3,0.444,27.0,0.0,1.0,0.0,0.0,11.0,0,5,0.0,0.0,0.0
5321,grayso01,2017,ALCS,NYA,AL,0,0,1,1,0,0,0,15,1,1,0,2,4,0.062,1.8,0.0,1.0,1.0,0.0,20.0,0,2,0.0,0.0,1.0
5322,grayso01,2017,ALDS1,NYA,AL,0,1,1,1,0,0,0,10,3,3,1,4,2,0.25,8.1,0.0,1.0,1.0,0.0,17.0,0,3,0.0,0.0,1.0
5323,greench03,2017,ALCS,NYA,AL,1,0,3,0,0,0,0,19,3,0,0,1,7,0.136,0.0,0.0,0.0,0.0,0.0,23.0,1,1,0.0,0.0,1.0
5324,greench03,2017,ALDS1,NYA,AL,0,0,1,0,0,0,0,1,2,3,1,0,0,0.667,81.0,0.0,0.0,1.0,0.0,4.0,0,3,0.0,0.0,0.0
5325,greench03,2017,ALWC,NYA,AL,0,0,1,0,0,0,0,6,1,1,0,2,4,0.143,4.5,0.0,0.0,0.0,0.0,9.0,0,1,0.0,0.0,0.0
5326,gregelu01,2017,ALCS,HOU,AL,0,0,1,0,0,0,0,2,0,0,0,1,0,0.0,0.0,0.0,0.0,0.0,0.0,3.0,1,0,0.0,0.0,0.0
5327,gregelu01,2017,ALDS2,HOU,AL,0,0,2,0,0,0,0,6,1,0,0,0,3,0.143,0.0,0.0,0.0,0.0,0.0,7.0,1,0,0.0,0.0,0.0
5328,gregelu01,2017,WS,HOU,AL,0,0,2,0,0,0,0,3,1,0,0,1,2,0.25,0.0,0.0,1.0,0.0,0.0,5.0,0,0,0.0,0.0,0.0
5331,harriwi02,2017,ALCS,HOU,AL,0,0,2,0,0,0,0,4,2,1,1,1,1,0.333,6.75,0.0,1.0,0.0,0.0,7.0,0,1,0.0,0.0,0.0
5332,harriwi02,2017,ALDS2,HOU,AL,0,0,1,0,0,0,0,2,2,0,0,0,0,0.5,0.0,0.0,0.0,0.0,0.0,4.0,0,0,0.0,0.0,0.0
5333,harriwi02,2017,WS,HOU,AL,0,0,3,0,0,0,0,6,2,0,0,0,2,0.222,0.0,0.0,1.0,0.0,0.0,9.0,0,0,0.0,0.0,0.0
5338,hillri01,2017,NLCS,LAN,NL,0,0,1,1,0,0,0,15,3,1,1,1,8,0.167,1.8,0.0,1.0,0.0,0.0,19.0,0,1,0.0,0.0,0.0
5339,hillri01,2017,NLDS1,LAN,NL,0,0,1,1,0,0,0,12,3,2,1,3,4,0.214,4.5,0.0,0.0,0.0,0.0,18.0,0,2,1.0,0.0,0.0
5340,hillri01,2017,WS,LAN,NL,0,0,2,2,0,0,0,26,7,2,1,4,12,0.219,2.08,2.0,0.0,0.0,0.0,37.0,0,2,1.0,0.0,0.0
5342,janseke01,2017,NLCS,LAN,NL,1,0,4,0,0,0,1,13,0,0,0,0,8,0.0,0.0,0.0,0.0,1.0,0.0,14.0,4,0,0.0,0.0,0.0
5343,janseke01,2017,NLDS1,LAN,NL,0,0,3,0,0,0,2,11,2,0,0,1,4,0.154,0.0,0.0,0.0,0.0,0.0,14.0,3,1,0.0,0.0,0.0
5344,janseke01,2017,WS,LAN,NL,0,1,6,0,0,0,2,26,6,3,2,2,8,0.188,3.12,0.0,0.0,1.0,0.0,35.0,4,3,0.0,0.0,0.0
5345,kahnlto01,2017,ALCS,NYA,AL,0,0,4,0,0,0,0,19,6,3,1,2,4,0.273,4.26,0.0,0.0,0.0,0.0,24.0,2,3,0.0,0.0,3.0
5346,kahnlto01,2017,ALDS1,NYA,AL,0,0,2,0,0,0,1,8,0,0,0,0,5,0.0,0.0,0.0,0.0,0.0,0.0,8.0,1,0,0.0,0.0,0.0
5347,kahnlto01,2017,ALWC,NYA,AL,0,0,1,0,0,0,0,7,0,0,0,0,1,0.0,0.0,0.0,0.0,0.0,0.0,7.0,0,0,0.0,0.0,0.0
5348,kellyjo05,2017,ALDS2,BOS,AL,1,0,2,0,0,0,0,8,4,0,0,0,1,0.364,0.0,0.0,1.0,0.0,0.0,11.0,0,0,0.0,0.0,1.0
5349,kershcl01,2017,NLCS,LAN,NL,1,0,2,2,0,0,0,33,7,3,2,2,9,0.179,2.45,0.0,0.0,0.0,0.0,42.0,0,3,1.0,0.0,0.0
5350,kershcl01,2017,NLDS1,LAN,NL,1,0,1,1,0,0,0,19,5,4,4,3,7,0.217,5.68,0.0,0.0,0.0,0.0,26.0,0,4,0.0,0.0,2.0
5351,kershcl01,2017,WS,LAN,NL,1,0,3,2,0,0,0,47,9,7,2,5,17,0.164,4.02,2.0,1.0,0.0,0.0,60.0,0,7,0.0,0.0,1.0
5352,keuchda01,2017,ALCS,HOU,AL,1,1,2,2,0,0,0,35,11,4,0,2,18,0.239,3.09,0.0,0.0,0.0,0.0,48.0,0,4,0.0,0.0,0.0
5353,keuchda01,2017,ALDS2,HOU,AL,1,0,1,1,0,0,0,17,3,1,0,3,7,0.15,1.59,0.0,0.0,0.0,0.0,23.0,0,1,0.0,0.0,0.0
5354,keuchda01,2017,WS,HOU,AL,0,1,2,2,0,0,0,31,11,6,2,3,7,0.289,5.23,0.0,0.0,0.0,0.0,42.0,0,7,1.0,0.0,2.0
5355,kimbrcr01,2017,ALDS2,BOS,AL,0,0,2,0,0,0,0,6,4,1,0,1,2,0.4,4.5,0.0,1.0,1.0,0.0,12.0,1,1,0.0,0.0,0.0
5361,liriafr01,2017,ALCS,HOU,AL,0,0,1,0,0,0,0,3,0,0,0,1,1,0.0,0.0,0.0,1.0,0.0,0.0,4.0,1,0,0.0,0.0,0.0
5362,liriafr01,2017,ALDS2,HOU,AL,0,1,2,0,0,0,0,2,2,1,1,0,0,0.5,13.5,0.0,0.0,0.0,0.0,4.0,0,1,0.0,0.0,0.0
5363,liriafr01,2017,WS,HOU,AL,0,0,2,0,0,0,0,2,0,0,0,0,1,0.0,0.0,0.0,0.0,0.0,0.0,2.0,1,0,0.0,0.0,0.0
5364,maddoau01,2017,ALDS2,BOS,AL,0,0,2,0,0,0,0,6,3,1,1,2,2,0.375,4.5,0.0,0.0,0.0,0.0,10.0,0,1,0.0,0.0,0.0
5366,maedake01,2017,NLCS,LAN,NL,1,0,3,0,0,0,0,9,0,0,0,0,3,0.0,0.0,0.0,0.0,0.0,0.0,9.0,0,0,0.0,0.0,0.0
5367,maedake01,2017,NLDS1,LAN,NL,1,0,2,0,0,0,0,6,0,0,0,0,4,0.0,0.0,0.0,0.0,0.0,0.0,6.0,0,0,0.0,0.0,0.0
5368,maedake01,2017,WS,LAN,NL,0,0,4,0,0,0,0,17,5,1,1,2,3,0.227,1.59,0.0,0.0,0.0,0.0,24.0,0,1,0.0,0.0,0.0
5369,mccarbr01,2017,WS,LAN,NL,0,1,1,0,0,0,0,3,2,2,1,0,0,0.4,18.0,0.0,0.0,0.0,0.0,5.0,1,2,0.0,0.0,0.0
5370,mcculla02,2017,ALCS,HOU,AL,0,0,2,1,0,0,1,30,3,1,1,3,9,0.097,0.9,0.0,0.0,0.0,0.0,34.0,1,1,0.0,0.0,1.0
5371,mcculla02,2017,ALDS2,HOU,AL,0,0,1,0,0,0,0,9,3,2,0,2,4,0.273,6.0,0.0,0.0,0.0,0.0,13.0,0,2,0.0,0.0,1.0
5372,mcculla02,2017,WS,HOU,AL,1,0,2,2,0,0,0,23,7,3,0,4,6,0.259,3.52,0.0,0.0,4.0,0.0,35.0,0,3,0.0,0.0,1.0
5374,mchugco01,2017,ALCS,HOU,AL,0,0,1,0,0,0,0,12,0,0,0,1,3,0.0,0.0,0.0,0.0,0.0,0.0,13.0,1,0,0.0,0.0,0.0
5375,mchugco01,2017,WS,HOU,AL,0,0,1,0,0,0,0,6,1,3,1,3,4,0.143,13.5,0.0,0.0,0.0,0.0,10.0,0,3,0.0,0.0,0.0
5379,morrobr01,2017,NLCS,LAN,NL,0,0,4,0,0,0,0,14,1,0,0,1,7,0.067,0.0,0.0,0.0,0.0,0.0,16.0,0,0,0.0,0.0,0.0
5380,morrobr01,2017,NLDS1,LAN,NL,0,0,3,0,0,0,0,11,2,1,1,0,1,0.167,2.45,0.0,0.0,0.0,0.0,12.0,0,1,0.0,0.0,1.0
5381,morrobr01,2017,WS,LAN,NL,0,0,7,0,0,0,0,16,8,5,2,1,4,0.333,8.44,0.0,1.0,0.0,0.0,25.0,0,5,0.0,0.0,1.0
5382,mortoch02,2017,ALCS,HOU,AL,1,1,2,2,0,0,0,26,8,7,1,3,8,0.242,7.27,0.0,1.0,1.0,0.0,37.0,0,7,0.0,0.0,0.0
5383,mortoch02,2017,ALDS2,HOU,AL,0,0,1,1,0,0,0,13,7,2,1,2,6,0.389,4.15,0.0,0.0,0.0,0.0,20.0,0,2,0.0,0.0,0.0
5384,mortoch02,2017,WS,HOU,AL,1,0,2,1,0,0,0,31,5,2,0,1,11,0.143,1.74,0.0,0.0,1.0,0.0,37.0,1,2,0.0,0.0,0.0
5385,musgrjo01,2017,ALCS,HOU,AL,0,0,1,0,0,0,0,2,2,2,0,0,0,0.5,27.0,0.0,0.0,0.0,0.0,4.0,0,2,0.0,0.0,0.0
5386,musgrjo01,2017,ALDS2,HOU,AL,0,0,2,0,0,0,0,6,1,1,1,0,1,0.143,4.5,0.0,0.0,0.0,0.0,7.0,1,1,0.0,0.0,0.0
5387,musgrjo01,2017,WS,HOU,AL,1,0,4,0,0,0,0,12,3,3,2,1,2,0.214,6.75,1.0,0.0,0.0,0.0,16.0,2,3,0.0,1.0,0.0
5391,peacobr01,2017,ALCS,HOU,AL,0,0,2,0,0,0,0,7,3,2,2,0,4,0.3,7.71,0.0,0.0,0.0,0.0,10.0,0,2,0.0,0.0,0.0
5392,peacobr01,2017,ALDS2,HOU,AL,0,0,1,1,0,0,0,8,6,3,0,1,4,0.429,10.12,0.0,0.0,0.0,0.0,15.0,0,3,0.0,0.0,0.0
5393,peacobr01,2017,WS,HOU,AL,0,0,4,0,0,0,1,22,4,2,0,3,8,0.154,2.45,0.0,1.0,1.0,0.0,30.0,1,2,0.0,0.0,0.0
5395,pomerdr01,2017,ALDS2,BOS,AL,0,1,1,1,0,0,0,6,5,4,2,1,1,0.455,18.0,0.0,0.0,0.0,0.0,12.0,0,4,0.0,0.0,0.0
5396,porceri01,2017,ALDS2,BOS,AL,0,0,2,1,0,0,0,12,5,2,0,3,4,0.312,4.5,0.0,1.0,1.0,0.0,20.0,1,2,0.0,0.0,1.0
5397,priceda01,2017,ALDS2,BOS,AL,0,0,2,0,0,0,0,20,5,0,0,2,6,0.2,0.0,1.0,0.0,0.0,0.0,27.0,0,0,0.0,0.0,0.0
5402,reedad01,2017,ALDS2,BOS,AL,0,0,3,0,0,0,0,7,3,2,0,1,0,0.3,7.71,1.0,0.0,0.0,0.0,11.0,1,2,0.0,0.0,0.0
5403,roberda08,2017,ALCS,NYA,AL,0,0,4,0,0,0,0,15,7,5,1,1,6,0.333,9.0,0.0,0.0,0.0,0.0,22.0,1,5,0.0,0.0,0.0
5404,roberda08,2017,ALDS1,NYA,AL,1,0,3,0,0,0,0,14,1,1,1,2,5,0.071,1.93,0.0,0.0,0.0,0.0,16.0,0,1,0.0,0.0,1.0
5405,roberda08,2017,ALWC,NYA,AL,1,0,1,0,0,0,0,10,3,0,0,1,5,0.25,0.0,0.0,1.0,0.0,0.0,13.0,0,0,0.0,0.0,1.0
5407,rodried05,2017,ALDS2,BOS,AL,0,0,1,0,0,0,0,0,1,2,0,0,0,1.0,inf,0.0,0.0,1.0,0.0,2.0,0,2,0.0,0.0,0.0
5411,sabatcc01,2017,ALCS,NYA,AL,1,1,2,2,0,0,0,28,8,1,1,7,5,0.216,0.96,0.0,0.0,0.0,0.0,44.0,0,1,0.0,0.0,0.0
5412,sabatcc01,2017,ALDS1,NYA,AL,0,0,2,2,0,0,0,29,8,4,0,3,14,0.216,3.72,1.0,0.0,1.0,0.0,42.0,0,6,1.0,0.0,0.0
5414,salech01,2017,ALDS2,BOS,AL,0,2,2,1,0,0,0,29,13,9,4,1,12,0.31,8.38,0.0,0.0,0.0,0.0,43.0,0,9,0.0,0.0,1.0
5417,severlu01,2017,ALCS,NYA,AL,0,1,2,2,0,0,0,26,5,4,1,6,3,0.167,4.15,0.0,0.0,0.0,0.0,36.0,0,4,0.0,0.0,1.0
5418,severlu01,2017,ALDS1,NYA,AL,1,0,1,1,0,0,0,21,4,3,2,1,9,0.16,3.86,0.0,0.0,0.0,0.0,26.0,0,3,0.0,0.0,0.0
5419,severlu01,2017,ALWC,NYA,AL,0,0,1,1,0,0,0,1,4,3,2,1,0,0.8,81.0,0.0,0.0,0.0,0.0,6.0,0,3,0.0,0.0,0.0
5422,smithca02,2017,ALDS2,BOS,AL,0,0,2,0,0,0,0,4,2,0,0,2,1,0.4,0.0,0.0,0.0,0.0,0.0,7.0,1,0,0.0,0.0,1.0
5426,stripro01,2017,NLCS,LAN,NL,0,0,2,0,0,0,0,3,2,0,0,0,1,0.4,0.0,0.0,0.0,0.0,0.0,5.0,0,0,0.0,0.0,0.0
5427,stripro01,2017,WS,LAN,NL,0,0,3,0,0,0,0,6,2,0,0,1,1,0.286,0.0,0.0,0.0,0.0,0.0,8.0,1,0,0.0,0.0,1.0
5430,tanakma01,2017,ALCS,NYA,AL,1,1,2,2,0,0,0,39,7,2,0,2,11,0.149,1.38,0.0,2.0,0.0,0.0,49.0,0,2,0.0,0.0,0.0
5431,tanakma01,2017,ALDS1,NYA,AL,1,0,1,1,0,0,0,21,3,0,0,1,7,0.136,0.0,0.0,0.0,0.0,0.0,23.0,0,0,0.0,0.0,2.0
5433,verlaju01,2017,ALCS,HOU,AL,2,0,2,2,1,0,0,48,10,1,0,2,21,0.179,0.56,0.0,0.0,1.0,0.0,59.0,0,1,0.0,0.0,1.0
5434,verlaju01,2017,ALDS2,HOU,AL,2,0,2,1,0,0,0,26,7,3,1,4,3,0.241,3.12,0.0,0.0,0.0,0.0,34.0,0,3,0.0,1.0,2.0
5435,verlaju01,2017,WS,HOU,AL,0,1,2,2,0,0,0,36,5,5,2,2,14,0.128,3.75,0.0,0.0,1.0,0.0,43.0,0,5,0.0,1.0,1.0
5437,warread01,2017,ALCS,NYA,AL,0,0,2,0,0,0,0,10,0,0,0,1,1,0.0,0.0,0.0,0.0,0.0,0.0,11.0,0,0,0.0,0.0,0.0
5438,warread01,2017,ALDS1,NYA,AL,0,0,1,0,0,0,0,3,2,1,0,0,1,0.4,9.0,0.0,1.0,0.0,0.0,5.0,0,1,0.0,0.0,0.0
5439,watsoto01,2017,NLCS,LAN,NL,0,0,4,0,0,0,0,7,0,0,0,0,2,0.0,0.0,0.0,0.0,0.0,0.0,7.0,0,0,0.0,0.0,0.0
5440,watsoto01,2017,NLDS1,LAN,NL,0,0,2,0,0,0,0,3,3,2,0,0,0,0.5,18.0,0.0,0.0,0.0,0.0,6.0,0,2,0.0,0.0,0.0
5441,watsoto01,2017,WS,LAN,NL,2,0,5,0,0,0,0,11,2,0,0,1,1,0.167,0.0,0.0,0.0,1.0,0.0,14.0,0,1,0.0,0.0,1.0
5443,woodal02,2017,NLCS,LAN,NL,0,1,1,1,0,0,0,14,4,3,3,0,7,0.222,5.79,0.0,0.0,0.0,0.0,18.0,0,3,0.0,0.0,0.0
5444,woodal02,2017,WS,LAN,NL,0,0,2,1,0,0,0,23,1,1,1,2,6,0.043,1.17,0.0,0.0,0.0,0.0,25.0,1,1,0.0,0.0,1.0
5445,alexasc01,2018,NLDS2,LAN,NL,0,0,1,0,0,0,0,3,0,0,0,0,0,0.0,0.0,0.0,0.0,0.0,0.0,3.0,1,0,0.0,0.0,0.0
5446,alexasc01,2018,WS,LAN,NL,0,0,3,0,0,0,0,4,1,2,0,2,2,0.2,13.5,0.0,1.0,0.0,0.0,7.0,0,2,0.0,0.0,0.0
5449,baezpe01,2018,NLCS,LAN,NL,1,0,4,0,0,0,0,13,2,0,0,1,7,0.133,0.0,0.0,0.0,0.0,0.0,16.0,0,0,0.0,0.0,0.0
5450,baezpe01,2018,NLDS2,LAN,NL,0,0,2,0,0,0,0,7,0,0,0,1,3,0.0,0.0,0.0,0.0,0.0,0.0,8.0,0,0,0.0,0.0,0.0
5451,baezpe01,2018,WS,LAN,NL,0,0,4,0,0,0,0,14,2,2,1,3,4,0.133,3.86,1.0,0.0,0.0,0.0,18.0,1,2,0.0,0.0,0.0
5452,barnema01,2018,ALCS,BOS,AL,1,0,5,0,0,0,0,13,1,1,1,4,4,0.071,2.08,0.0,0.0,0.0,0.0,18.0,0,1,0.0,0.0,0.0
5453,barnema01,2018,ALDS1,BOS,AL,0,0,2,0,0,0,0,6,0,0,0,1,1,0.0,0.0,0.0,1.0,0.0,0.0,7.0,0,0,0.0,0.0,0.0
5454,barnema01,2018,WS,BOS,AL,1,0,3,0,0,0,0,7,2,0,0,1,4,0.222,0.0,0.0,1.0,0.0,0.0,10.0,0,0,0.0,0.0,0.0
5456,betande01,2018,ALDS1,NYA,AL,0,0,2,0,0,0,0,10,3,1,0,1,4,0.214,2.7,1.0,1.0,0.0,0.0,15.0,0,1,0.0,0.0,0.0
5457,betande01,2018,ALWC,NYA,AL,1,0,1,0,0,0,0,6,0,0,0,0,3,0.0,0.0,0.0,0.0,0.0,0.0,6.0,0,0,0.0,0.0,0.0
5459,brasiry01,2018,ALCS,BOS,AL,0,0,4,0,0,0,0,14,3,0,0,2,2,0.188,0.0,0.0,0.0,1.0,0.0,19.0,0,0,0.0,0.0,1.0
5460,brasiry01,2018,ALDS1,BOS,AL,0,0,3,0,0,0,0,7,1,0,0,2,4,0.111,0.0,0.0,1.0,0.0,0.0,11.0,0,0,0.0,0.0,0.0
5461,brasiry01,2018,WS,BOS,AL,0,0,2,0,0,0,0,5,3,1,0,1,1,0.429,5.4,0.0,0.0,0.0,0.0,9.0,0,1,0.0,1.0,0.0
5462,brittza01,2018,ALDS1,NYA,AL,0,0,3,0,0,0,0,12,3,1,1,1,4,0.2,2.25,0.0,0.0,0.0,0.0,16.0,0,1,0.0,0.0,0.0
5463,brittza01,2018,ALWC,NYA,AL,0,0,1,0,0,0,0,3,2,2,1,1,0,0.4,18.0,0.0,0.0,0.0,0.0,6.0,0,2,0.0,0.0,0.0
5464,buehlwa01,2018,NLCS,LAN,NL,0,1,2,2,0,0,0,35,12,5,2,1,15,0.261,3.86,0.0,1.0,0.0,0.0,47.0,0,5,0.0,0.0,1.0
5465,buehlwa01,2018,NLDS2,LAN,NL,0,0,1,1,0,0,0,15,2,5,1,3,7,0.118,9.0,1.0,0.0,0.0,0.0,20.0,0,5,0.0,0.0,0.0
5466,buehlwa01,2018,WS,LAN,NL,0,0,1,1,0,0,0,21,2,0,0,0,7,0.095,0.0,0.0,0.0,0.0,0.0,22.0,0,0,1.0,0.0,0.0
5473,chapmar01,2018,ALDS1,NYA,AL,0,0,2,0,0,0,0,6,0,0,0,1,2,0.0,0.0,0.0,0.0,0.0,0.0,6.0,2,0,0.0,0.0,1.0
5474,chapmar01,2018,ALWC,NYA,AL,0,0,1,0,0,0,0,3,1,0,0,0,2,0.25,0.0,0.0,0.0,0.0,0.0,4.0,1,0,0.0,0.0,0.0
5479,colege01,2018,ALCS,HOU,AL,0,1,1,1,0,0,0,18,6,4,0,2,5,0.24,6.0,0.0,0.0,0.0,0.0,27.0,0,5,0.0,0.0,0.0
5480,colege01,2018,ALDS2,HOU,AL,1,0,1,1,0,0,0,21,3,1,1,0,12,0.125,1.29,0.0,0.0,0.0,0.0,24.0,0,1,0.0,0.0,0.0
5485,eovalna01,2018,ALCS,BOS,AL,1,0,2,1,0,0,0,22,7,2,0,2,5,0.241,2.45,0.0,0.0,0.0,0.0,31.0,0,2,0.0,0.0,0.0
5486,eovalna01,2018,ALDS1,BOS,AL,1,0,1,1,0,0,0,21,5,1,0,0,5,0.2,1.29,0.0,0.0,0.0,0.0,26.0,0,1,1.0,0.0,0.0
5487,eovalna01,2018,WS,BOS,AL,0,1,3,0,0,0,0,24,3,1,1,1,6,0.111,1.12,0.0,0.0,0.0,0.0,28.0,1,2,0.0,0.0,0.0
5489,ferguca01,2018,NLCS,LAN,NL,0,0,4,0,0,0,0,4,0,0,0,1,1,0.0,0.0,0.0,0.0,0.0,0.0,5.0,0,0,0.0,0.0,0.0
5490,ferguca01,2018,NLDS2,LAN,NL,0,0,2,0,0,0,0,5,0,0,0,0,2,0.0,0.0,0.0,0.0,0.0,0.0,5.0,0,0,0.0,0.0,0.0
5491,florody01,2018,NLCS,LAN,NL,0,0,5,0,0,0,0,13,3,0,0,2,5,0.214,0.0,0.0,0.0,0.0,0.0,16.0,1,0,0.0,0.0,1.0
5492,florody01,2018,NLDS2,LAN,NL,0,0,1,0,0,0,0,1,0,0,0,0,0,0.0,0.0,0.0,0.0,0.0,0.0,1.0,1,0,0.0,0.0,0.0
5493,florody01,2018,WS,LAN,NL,0,1,2,0,0,0,0,7,3,3,0,2,3,0.3,11.57,2.0,0.0,0.0,0.0,12.0,0,3,0.0,0.0,0.0
5499,greench03,2018,ALDS1,NYA,AL,0,0,2,0,0,0,0,11,4,1,0,3,0,0.308,2.45,1.0,0.0,0.0,0.0,18.0,0,1,1.0,1.0,0.0
5505,happja01,2018,ALDS1,NYA,AL,0,1,1,1,0,0,0,6,4,5,1,1,2,0.4,22.5,0.0,0.0,0.0,0.0,11.0,0,5,0.0,0.0,0.0
5506,harriwi02,2018,ALDS2,HOU,AL,0,0,1,0,0,0,0,3,1,1,0,1,0,0.333,9.0,0.0,1.0,0.0,0.0,4.0,1,1,0.0,0.0,1.0
5507,hembrhe01,2018,ALCS,BOS,AL,0,0,1,0,0,0,0,2,0,0,0,1,0,0.0,0.0,0.0,0.0,0.0,0.0,2.0,1,0,0.0,0.0,0.0
5508,hembrhe01,2018,ALDS1,BOS,AL,0,0,2,0,0,0,0,9,0,0,0,3,2,0.0,0.0,0.0,0.0,0.0,0.0,10.0,1,0,0.0,0.0,2.0
5509,hembrhe01,2018,WS,BOS,AL,0,0,1,0,0,0,0,3,0,0,0,1,1,0.0,0.0,0.0,0.0,0.0,0.0,4.0,0,0,0.0,0.0,0.0
5512,hillri01,2018,NLCS,LAN,NL,0,0,2,1,0,0,0,18,4,1,0,4,7,0.19,1.5,0.0,0.0,0.0,0.0,25.0,1,1,0.0,0.0,1.0
5513,hillri01,2018,NLDS2,LAN,NL,0,0,1,1,0,0,0,13,4,2,0,5,3,0.235,4.15,0.0,0.0,0.0,0.0,23.0,0,2,1.0,0.0,0.0
5514,hillri01,2018,WS,LAN,NL,0,0,1,1,0,0,0,19,1,1,0,3,7,0.05,1.42,0.0,0.0,1.0,0.0,24.0,0,1,0.0,0.0,0.0
5515,holdejo02,2018,ALDS1,NYA,AL,0,0,1,0,0,0,0,6,2,1,0,1,1,0.25,4.5,0.0,0.0,0.0,0.0,9.0,0,1,0.0,0.0,0.0
5516,jamesjo02,2018,ALCS,HOU,AL,0,1,2,0,0,0,0,14,6,4,1,2,7,0.316,7.71,0.0,0.0,0.0,0.0,21.0,0,4,0.0,0.0,0.0
5517,janseke01,2018,NLCS,LAN,NL,0,0,4,0,0,0,2,14,1,0,0,2,7,0.067,0.0,0.0,0.0,0.0,0.0,17.0,2,0,0.0,0.0,0.0
5518,janseke01,2018,NLDS2,LAN,NL,0,0,2,0,0,0,1,6,1,0,0,0,3,0.143,0.0,0.0,0.0,0.0,0.0,7.0,2,0,0.0,0.0,0.0
5519,janseke01,2018,WS,LAN,NL,0,0,3,0,0,0,0,12,2,2,2,1,3,0.154,4.5,0.0,0.0,0.0,0.0,14.0,1,2,0.0,0.0,1.0
5524,kellyjo05,2018,ALCS,BOS,AL,1,1,3,0,0,0,0,9,3,1,0,0,2,0.231,3.0,0.0,2.0,1.0,0.0,14.0,0,2,0.0,0.0,0.0
5525,kellyjo05,2018,ALDS1,BOS,AL,0,0,1,0,0,0,0,7,1,0,0,0,1,0.125,0.0,0.0,0.0,0.0,0.0,8.0,0,0,0.0,0.0,0.0
5526,kellyjo05,2018,WS,BOS,AL,1,0,5,0,0,0,0,18,4,0,0,0,10,0.182,0.0,0.0,0.0,0.0,0.0,22.0,0,0,0.0,0.0,0.0
5527,kershcl01,2018,NLCS,LAN,NL,1,1,3,2,0,0,0,33,9,5,1,4,13,0.225,4.09,0.0,0.0,0.0,0.0,46.0,1,6,0.0,1.0,0.0
5528,kershcl01,2018,NLDS2,LAN,NL,1,0,1,1,0,0,0,24,2,0,0,0,3,0.08,0.0,0.0,0.0,1.0,0.0,26.0,0,0,0.0,0.0,1.0
5529,kershcl01,2018,WS,LAN,NL,0,2,2,2,0,0,0,33,14,9,3,3,10,0.318,7.36,1.0,0.0,0.0,0.0,47.0,0,9,0.0,0.0,2.0
5530,keuchda01,2018,ALCS,HOU,AL,0,0,1,1,0,0,0,15,4,2,0,2,0,0.211,3.6,0.0,0.0,0.0,0.0,21.0,0,2,0.0,0.0,0.0
5531,keuchda01,2018,ALDS2,HOU,AL,0,0,1,1,0,0,0,15,4,2,1,1,2,0.235,3.6,0.0,0.0,0.0,0.0,20.0,0,2,1.0,1.0,0.0
5532,kimbrcr01,2018,ALCS,BOS,AL,0,0,3,0,0,0,3,12,4,2,0,4,4,0.267,4.5,0.0,1.0,1.0,0.0,20.0,3,2,0.0,0.0,0.0
5533,kimbrcr01,2018,ALDS1,BOS,AL,0,0,2,0,0,0,2,7,2,3,1,2,4,0.25,11.57,0.0,0.0,1.0,0.0,12.0,2,3,0.0,1.0,0.0
5534,kimbrcr01,2018,WS,BOS,AL,0,0,4,0,0,0,1,13,3,2,1,2,2,0.188,4.15,0.0,0.0,0.0,0.0,18.0,3,2,0.0,0.0,0.0
5539,lynnla01,2018,ALDS1,NYA,AL,0,0,2,0,0,0,0,7,3,3,0,2,2,0.3,11.57,0.0,0.0,0.0,0.0,12.0,0,3,0.0,0.0,0.0
5540,madsory01,2018,NLCS,LAN,NL,1,0,5,0,0,0,0,15,5,1,0,1,5,0.25,1.8,1.0,0.0,0.0,0.0,21.0,0,1,0.0,0.0,0.0
5541,madsory01,2018,NLDS2,LAN,NL,1,0,2,0,0,0,0,4,1,0,0,0,1,0.2,0.0,0.0,0.0,0.0,0.0,5.0,0,0,0.0,0.0,0.0
5542,madsory01,2018,WS,LAN,NL,0,0,4,0,0,0,0,7,3,1,1,2,2,0.3,3.86,0.0,1.0,0.0,0.0,12.0,0,1,0.0,0.0,0.0
5543,maedake01,2018,NLCS,LAN,NL,0,0,4,0,0,0,0,8,3,2,0,1,3,0.273,6.75,1.0,1.0,0.0,0.0,12.0,1,2,0.0,0.0,1.0
5544,maedake01,2018,NLDS2,LAN,NL,0,0,1,0,0,0,0,3,2,0,0,0,1,0.4,0.0,0.0,0.0,0.0,0.0,5.0,0,0,0.0,0.0,0.0
5545,maedake01,2018,WS,LAN,NL,0,0,3,0,0,0,0,9,4,1,0,2,6,0.308,3.0,1.0,0.0,0.0,0.0,15.0,1,1,0.0,0.0,0.0
5547,mcculla02,2018,ALCS,HOU,AL,0,0,3,0,0,0,0,9,2,1,0,2,4,0.182,3.0,0.0,2.0,0.0,0.0,13.0,0,2,0.0,0.0,0.0
5548,mcculla02,2018,ALDS2,HOU,AL,0,0,2,0,0,0,0,6,2,0,0,0,0,0.286,0.0,0.0,0.0,0.0,0.0,7.0,0,0,0.0,0.0,1.0
5549,mchugco01,2018,ALCS,HOU,AL,0,0,3,0,0,0,0,6,1,0,0,0,1,0.143,0.0,0.0,0.0,1.0,0.0,8.0,2,0,0.0,0.0,0.0
5550,mchugco01,2018,ALDS2,HOU,AL,1,0,1,0,0,0,0,6,0,0,0,0,4,0.0,0.0,0.0,0.0,0.0,0.0,6.0,0,0,0.0,0.0,0.0
5555,mortoch02,2018,ALCS,HOU,AL,0,0,1,1,0,0,0,7,3,3,0,2,2,0.3,11.57,0.0,2.0,1.0,0.0,13.0,0,3,0.0,0.0,0.0
5562,osunaro01,2018,ALCS,HOU,AL,0,0,2,0,0,0,0,11,4,5,1,0,3,0.267,12.27,0.0,1.0,2.0,0.0,17.0,1,5,0.0,0.0,0.0
5563,osunaro01,2018,ALDS2,HOU,AL,0,0,2,0,0,0,1,7,1,0,0,1,2,0.125,0.0,0.0,0.0,0.0,0.0,9.0,2,0,0.0,0.0,0.0
5568,porceri01,2018,ALCS,BOS,AL,0,0,2,1,0,0,0,15,7,4,2,1,5,0.318,7.2,0.0,0.0,1.0,0.0,24.0,0,4,0.0,0.0,0.0
5569,porceri01,2018,ALDS1,BOS,AL,1,0,2,1,0,0,0,17,5,1,0,0,1,0.238,1.59,0.0,0.0,0.0,0.0,22.0,0,1,0.0,1.0,0.0
5570,porceri01,2018,WS,BOS,AL,0,0,1,1,0,0,0,14,3,1,1,1,5,0.176,1.93,0.0,0.0,0.0,0.0,18.0,0,1,0.0,0.0,0.0
5571,pressry01,2018,ALCS,HOU,AL,0,0,3,0,0,0,0,8,1,1,0,2,4,0.1,3.38,0.0,0.0,0.0,0.0,12.0,0,1,0.0,0.0,0.0
5572,pressry01,2018,ALDS2,HOU,AL,0,0,2,0,0,0,0,7,0,0,0,1,3,0.0,0.0,0.0,1.0,0.0,0.0,8.0,0,0,0.0,0.0,0.0
5573,priceda01,2018,ALCS,BOS,AL,1,0,2,2,0,0,0,32,8,4,1,4,13,0.2,3.38,0.0,0.0,0.0,0.0,44.0,0,4,0.0,0.0,0.0
5574,priceda01,2018,ALDS1,BOS,AL,0,1,1,1,0,0,0,5,3,3,2,2,0,0.375,16.2,0.0,0.0,0.0,0.0,10.0,0,3,0.0,0.0,0.0
5575,priceda01,2018,WS,BOS,AL,2,0,3,2,0,0,0,41,7,3,1,6,10,0.156,1.98,0.0,0.0,0.0,0.0,52.0,0,3,0.0,1.0,1.0
5576,roberda08,2018,ALDS1,NYA,AL,0,0,2,0,0,0,0,8,0,0,0,1,6,0.0,0.0,0.0,0.0,0.0,0.0,9.0,1,0,0.0,0.0,0.0
5577,roberda08,2018,ALWC,NYA,AL,0,0,1,0,0,0,0,3,0,0,0,0,1,0.0,0.0,0.0,0.0,0.0,0.0,3.0,0,0,0.0,0.0,0.0
5579,rodried05,2018,ALCS,BOS,AL,0,0,2,0,0,0,0,3,0,0,0,1,2,0.0,0.0,0.0,0.0,0.0,0.0,4.0,1,0,0.0,0.0,0.0
5580,rodried05,2018,ALDS1,BOS,AL,0,0,2,0,0,0,0,8,2,3,1,2,2,0.2,10.12,0.0,0.0,0.0,0.0,12.0,1,3,0.0,0.0,0.0
5581,rodried05,2018,WS,BOS,AL,0,0,3,1,0,0,0,19,4,4,1,2,7,0.174,5.68,1.0,0.0,1.0,0.0,26.0,0,4,0.0,0.0,0.0
5582,rominau01,2018,ALDS1,NYA,AL,0,0,1,0,0,0,0,3,1,2,1,1,0,0.25,18.0,0.0,0.0,0.0,0.0,5.0,1,2,0.0,0.0,0.0
5583,rondohe01,2018,ALCS,HOU,AL,0,0,2,0,0,0,0,3,2,0,0,0,0,0.5,0.0,0.0,0.0,0.0,0.0,4.0,1,0,0.0,0.0,1.0
5587,ryuhy01,2018,NLCS,LAN,NL,0,1,2,2,0,0,0,22,13,7,1,2,7,0.371,8.59,1.0,0.0,0.0,0.0,37.0,0,7,0.0,0.0,0.0
5588,ryuhy01,2018,NLDS2,LAN,NL,1,0,1,1,0,0,0,21,4,0,0,0,8,0.16,0.0,0.0,0.0,0.0,0.0,25.0,0,0,0.0,0.0,0.0
5589,ryuhy01,2018,WS,LAN,NL,0,1,1,1,0,0,0,14,6,4,0,1,5,0.316,7.71,0.0,0.0,0.0,0.0,20.0,0,4,0.0,0.0,0.0
5590,sabatcc01,2018,ALDS1,NYA,AL,0,1,1,1,0,0,0,9,5,3,0,2,1,0.385,9.0,0.0,1.0,1.0,0.0,17.0,0,3,0.0,1.0,0.0
5591,salech01,2018,ALCS,BOS,AL,0,0,1,1,0,0,0,12,1,2,0,4,5,0.083,4.5,0.0,0.0,1.0,0.0,17.0,0,2,0.0,0.0,0.0
5592,salech01,2018,ALDS1,BOS,AL,1,0,2,1,0,0,0,19,5,2,0,2,9,0.217,2.84,0.0,0.0,0.0,0.0,25.0,0,2,0.0,0.0,1.0
5593,salech01,2018,WS,BOS,AL,0,0,2,1,0,0,0,15,5,3,1,2,10,0.25,5.4,0.0,0.0,0.0,0.0,22.0,1,3,0.0,0.0,0.0
5596,severlu01,2018,ALDS1,NYA,AL,0,1,1,1,0,0,0,9,7,6,0,2,2,0.467,18.0,0.0,0.0,0.0,0.0,18.0,0,6,0.0,1.0,0.0
5597,severlu01,2018,ALWC,NYA,AL,0,0,1,1,0,0,0,12,2,0,0,4,7,0.133,0.0,0.0,0.0,0.0,0.0,19.0,0,0,0.0,0.0,0.0
5598,sippto01,2018,ALCS,HOU,AL,0,0,3,0,0,0,0,4,1,0,0,2,2,0.2,0.0,0.0,0.0,0.0,0.0,7.0,1,0,0.0,0.0,0.0
5599,smithjo05,2018,ALCS,HOU,AL,0,1,1,0,0,0,0,1,1,1,1,0,0,0.5,27.0,0.0,0.0,0.0,0.0,2.0,0,1,0.0,0.0,0.0
5604,tanakma01,2018,ALDS1,NYA,AL,1,0,1,1,0,0,0,15,3,1,1,1,4,0.167,1.8,0.0,0.0,0.0,0.0,19.0,0,1,0.0,0.0,0.0
5605,tarplst01,2018,ALDS1,NYA,AL,0,0,1,0,0,0,0,3,4,3,0,1,1,0.571,27.0,0.0,1.0,0.0,0.0,8.0,0,3,0.0,0.0,0.0
5610,uriasju01,2018,NLCS,LAN,NL,1,0,4,0,0,0,0,10,3,1,1,0,3,0.231,2.7,0.0,0.0,0.0,0.0,13.0,1,1,0.0,0.0,0.0
5611,uriasju01,2018,WS,LAN,NL,0,0,3,0,0,0,0,9,1,1,0,1,2,0.1,3.0,0.0,0.0,0.0,0.0,11.0,0,1,0.0,0.0,0.0
5613,verlaju01,2018,ALCS,HOU,AL,1,1,2,2,0,0,0,36,9,6,2,6,10,0.2,4.5,0.0,2.0,0.0,0.0,51.0,0,6,0.0,0.0,1.0
5614,verlaju01,2018,ALDS2,HOU,AL,1,0,1,1,0,0,0,16,2,2,0,2,7,0.111,3.38,0.0,0.0,0.0,0.0,20.0,0,2,0.0,0.0,0.0
5617,woodal02,2018,NLCS,LAN,NL,0,0,4,0,0,0,0,10,2,1,1,3,6,0.167,2.7,2.0,0.0,1.0,0.0,16.0,0,1,0.0,0.0,0.0
5618,woodal02,2018,NLDS2,LAN,NL,0,1,2,0,0,0,0,3,3,1,1,0,1,0.5,9.0,0.0,0.0,0.0,0.0,6.0,0,1,0.0,0.0,0.0
5619,woodal02,2018,WS,LAN,NL,1,0,3,0,0,0,0,7,3,2,1,1,2,0.333,7.71,0.0,0.0,0.0,0.0,10.0,2,2,0.0,0.0,1.0
5622,workmbr01,2018,ALCS,BOS,AL,0,0,1,0,0,0,0,1,3,4,2,2,1,0.75,108.0,0.0,0.0,0.0,0.0,6.0,0,4,0.0,0.0,0.0
5623,workmbr01,2018,ALDS1,BOS,AL,0,0,2,0,0,0,0,2,4,1,0,1,2,0.667,13.5,0.0,0.0,0.0,0.0,7.0,0,1,0.0,0.0,0.0
5624,abreubr01,2019,ALCS,HOU,AL,0,0,1,0,0,0,0,2,2,2,1,2,0,0.5,27.0,0.0,0.0,0.0,0.0,6.0,0,2,0.0,0.0,0.0
5627,baezpe01,2019,NLDS1,LAN,NL,0,0,2,0,0,0,0,2,4,1,1,1,1,0.667,13.5,0.0,0.0,0.0,0.0,7.0,0,1,0.0,0.0,0.0
5631,brittza01,2019,ALCS,NYA,AL,0,0,5,0,0,0,0,17,1,0,0,5,5,0.059,0.0,1.0,1.0,0.0,0.0,23.0,0,0,0.0,1.0,0.0
5632,brittza01,2019,ALDS2,NYA,AL,0,0,2,0,0,0,0,7,1,1,1,1,1,0.125,3.86,0.0,1.0,0.0,0.0,9.0,0,1,0.0,0.0,0.0
5633,buehlwa01,2019,NLDS1,LAN,NL,1,0,2,2,0,0,0,38,5,1,0,6,15,0.119,0.71,0.0,0.0,1.0,0.0,49.0,0,1,0.0,0.0,1.0
5638,cessalu01,2019,ALCS,NYA,AL,0,0,2,0,0,0,0,12,2,0,0,0,4,0.154,0.0,0.0,0.0,1.0,0.0,14.0,1,0,0.0,0.0,1.0
5639,chapmar01,2019,ALCS,NYA,AL,0,1,3,0,0,0,1,8,1,2,1,2,5,0.111,6.75,0.0,0.0,0.0,0.0,11.0,2,2,0.0,0.0,0.0
5640,chapmar01,2019,ALDS2,NYA,AL,0,0,2,0,0,0,1,8,1,0,0,2,4,0.111,0.0,0.0,0.0,0.0,0.0,11.0,2,0,0.0,0.0,0.0
5641,colege01,2019,ALCS,HOU,AL,1,0,1,1,0,0,0,21,4,0,0,5,7,0.16,0.0,0.0,0.0,0.0,0.0,30.0,0,0,0.0,0.0,0.0
5642,colege01,2019,ALDS1,HOU,AL,2,0,2,2,0,0,0,47,6,1,1,3,25,0.118,0.57,0.0,0.0,0.0,0.0,54.0,0,1,0.0,0.0,1.0
5643,colege01,2019,WS,HOU,AL,1,1,2,2,0,0,0,42,11,6,3,3,15,0.216,3.86,0.0,0.0,0.0,0.0,54.0,0,6,0.0,0.0,2.0
5647,devench02,2019,WS,HOU,AL,0,0,3,0,0,0,0,9,3,3,1,1,3,0.25,9.0,0.0,0.0,1.0,0.0,14.0,3,3,0.0,0.0,0.0
5664,greench03,2019,ALCS,NYA,AL,0,0,4,1,0,0,0,14,4,5,2,1,5,0.222,9.64,0.0,0.0,0.0,0.0,19.0,0,5,0.0,0.0,0.0
5665,greench03,2019,ALDS2,NYA,AL,1,0,2,0,0,0,0,6,2,0,0,0,1,0.25,0.0,0.0,0.0,0.0,0.0,8.0,0,0,0.0,0.0,0.0
5667,greinza01,2019,ALCS,HOU,AL,0,1,2,2,0,0,0,31,10,4,2,4,11,0.25,3.48,0.0,1.0,0.0,0.0,44.0,0,4,0.0,0.0,0.0
5668,greinza01,2019,ALDS1,HOU,AL,0,1,1,1,0,0,0,11,5,6,3,1,5,0.312,14.73,0.0,0.0,1.0,0.0,18.0,0,6,0.0,0.0,0.0
5669,greinza01,2019,WS,HOU,AL,0,0,2,2,0,0,0,33,9,3,1,5,9,0.231,2.45,0.0,0.0,0.0,0.0,45.0,0,3,1.0,0.0,2.0
5672,happja01,2019,ALCS,NYA,AL,0,1,2,0,0,0,0,8,1,1,1,1,1,0.111,3.38,0.0,0.0,0.0,0.0,10.0,1,1,0.0,0.0,0.0
5673,happja01,2019,ALDS2,NYA,AL,0,0,1,0,0,0,0,3,1,0,0,1,2,0.25,0.0,0.0,0.0,0.0,0.0,5.0,0,0,0.0,0.0,0.0
5674,harriwi02,2019,ALCS,HOU,AL,0,0,4,0,0,0,0,11,1,0,0,1,4,0.091,0.0,0.0,0.0,0.0,0.0,12.0,0,0,0.0,0.0,0.0
5675,harriwi02,2019,ALDS1,HOU,AL,0,0,3,0,0,0,1,6,2,0,0,0,3,0.25,0.0,0.0,0.0,0.0,0.0,8.0,2,0,0.0,0.0,0.0
5676,harriwi02,2019,WS,HOU,AL,0,1,5,0,0,0,0,12,5,2,2,0,4,0.294,4.5,0.0,0.0,0.0,0.0,17.0,0,2,0.0,0.0,0.0
5680,hillri01,2019,NLDS1,LAN,NL,0,0,1,1,0,0,0,8,2,1,0,4,2,0.25,3.38,0.0,0.0,0.0,0.0,13.0,0,1,0.0,1.0,1.0
5688,jamesjo02,2019,ALCS,HOU,AL,1,0,4,0,0,0,0,11,3,2,1,3,7,0.214,4.91,0.0,0.0,0.0,0.0,17.0,1,2,0.0,0.0,0.0
5689,jamesjo02,2019,ALDS1,HOU,AL,0,0,2,0,0,0,0,4,3,0,0,1,2,0.5,0.0,0.0,0.0,0.0,0.0,7.0,1,0,0.0,0.0,1.0
5690,jamesjo02,2019,WS,HOU,AL,1,0,3,0,0,0,0,5,2,2,1,3,5,0.25,10.8,0.0,0.0,0.0,0.0,11.0,0,4,0.0,0.0,0.0
5691,janseke01,2019,NLDS1,LAN,NL,0,0,2,0,0,0,0,5,0,0,0,0,2,0.0,0.0,0.0,0.0,0.0,0.0,5.0,2,0,0.0,0.0,0.0
5692,kahnlto01,2019,ALCS,NYA,AL,0,0,5,0,0,0,0,17,2,1,0,2,5,0.1,1.59,0.0,0.0,0.0,0.0,22.0,0,1,0.0,0.0,0.0
5693,kahnlto01,2019,ALDS2,NYA,AL,1,0,3,0,0,0,0,7,2,1,1,1,3,0.222,3.86,0.0,0.0,0.0,0.0,10.0,0,1,0.0,0.0,0.0
5694,kellyjo05,2019,NLDS1,LAN,NL,0,1,3,0,0,0,0,7,5,6,1,5,4,0.417,23.14,1.0,1.0,0.0,0.0,17.0,1,6,0.0,0.0,0.0
5695,kershcl01,2019,NLDS1,LAN,NL,0,1,2,1,0,0,0,19,8,5,2,1,5,0.308,7.11,0.0,0.0,2.0,0.0,30.0,0,5,1.0,0.0,0.0
5697,kolarad01,2019,NLDS1,LAN,NL,0,0,3,0,0,0,0,3,0,0,0,0,2,0.0,0.0,0.0,0.0,0.0,0.0,3.0,0,0,0.0,0.0,0.0
5699,loaisjo01,2019,ALCS,NYA,AL,0,0,3,0,0,0,0,5,1,0,0,3,1,0.143,0.0,0.0,2.0,0.0,0.0,10.0,1,1,0.0,0.0,0.0
5700,loaisjo01,2019,ALDS2,NYA,AL,0,0,1,0,0,0,0,3,2,1,0,0,2,0.4,9.0,0.0,0.0,0.0,0.0,5.0,1,1,0.0,0.0,0.0
5702,lyonsty01,2019,ALCS,NYA,AL,0,0,1,0,0,0,0,2,0,0,0,0,2,0.0,0.0,0.0,0.0,0.0,0.0,2.0,1,0,0.0,0.0,0.0
5703,lyonsty01,2019,ALDS2,NYA,AL,0,0,1,0,0,0,0,3,0,0,0,0,2,0.0,0.0,0.0,0.0,0.0,0.0,3.0,0,0,0.0,0.0,0.0
5704,maedake01,2019,NLDS1,LAN,NL,0,0,4,0,0,0,0,14,1,0,0,0,7,0.067,0.0,0.0,0.0,0.0,0.0,15.0,0,0,0.0,0.0,0.0
5709,maydu01,2019,NLDS1,LAN,NL,0,0,2,0,0,0,0,10,3,1,0,1,1,0.3,2.7,0.0,0.0,0.0,0.0,12.0,1,1,1.0,0.0,1.0
5715,mileywa01,2019,ALDS1,HOU,AL,0,0,1,0,0,0,0,8,4,2,1,1,1,0.308,6.75,0.0,0.0,0.0,0.0,14.0,0,3,0.0,0.0,0.0
5723,osunaro01,2019,ALCS,HOU,AL,1,0,4,0,0,0,1,15,2,2,1,1,4,0.118,3.6,0.0,0.0,0.0,0.0,18.0,3,2,0.0,0.0,0.0
5724,osunaro01,2019,ALDS1,HOU,AL,0,0,3,0,0,0,0,8,2,1,0,2,4,0.2,3.38,0.0,1.0,0.0,0.0,12.0,2,1,0.0,0.0,0.0
5725,osunaro01,2019,WS,HOU,AL,0,0,2,0,0,0,1,7,3,1,0,2,1,0.3,3.86,0.0,0.0,0.0,0.0,12.0,1,1,0.0,0.0,0.0
5726,ottavad01,2019,ALCS,NYA,AL,0,0,5,0,0,0,0,7,6,3,1,1,3,0.429,11.57,0.0,1.0,0.0,0.0,15.0,0,4,0.0,0.0,1.0
5727,ottavad01,2019,ALDS2,NYA,AL,0,0,3,0,0,0,0,3,1,0,0,2,1,0.25,0.0,0.0,0.0,0.0,0.0,6.0,0,0,0.0,0.0,0.0
5730,paxtoja01,2019,ALCS,NYA,AL,1,0,2,2,0,0,0,25,8,2,0,6,12,0.25,2.16,0.0,1.0,0.0,0.0,38.0,0,2,0.0,0.0,1.0
5731,paxtoja01,2019,ALDS2,NYA,AL,0,0,1,1,0,0,0,14,5,3,2,1,8,0.263,5.79,0.0,0.0,0.0,0.0,20.0,0,3,0.0,0.0,1.0
5732,peacobr01,2019,ALCS,HOU,AL,0,0,2,1,0,0,0,8,2,1,0,1,3,0.2,3.38,0.0,0.0,0.0,0.0,11.0,1,1,0.0,0.0,0.0
5733,peacobr01,2019,WS,HOU,AL,0,0,3,0,0,0,0,9,1,1,0,3,4,0.091,3.0,0.0,0.0,0.0,0.0,14.0,0,1,0.0,0.0,0.0
5738,pressry01,2019,ALCS,HOU,AL,1,0,4,0,0,0,0,5,5,2,0,1,3,0.5,10.8,0.0,0.0,0.0,0.0,11.0,0,2,0.0,0.0,0.0
5739,pressry01,2019,ALDS1,HOU,AL,0,0,2,0,0,0,0,3,4,2,0,0,0,0.571,18.0,0.0,0.0,0.0,0.0,7.0,0,2,0.0,0.0,0.0
5740,pressry01,2019,WS,HOU,AL,0,0,4,0,0,0,0,9,3,3,0,2,3,0.273,9.0,1.0,1.0,0.0,0.0,14.0,1,4,1.0,0.0,0.0
5750,rondohe01,2019,ALCS,HOU,AL,0,0,1,0,0,0,0,1,0,0,0,0,1,0.0,0.0,0.0,0.0,0.0,0.0,1.0,1,0,0.0,0.0,0.0
5751,rondohe01,2019,ALDS1,HOU,AL,0,0,1,0,0,0,0,0,1,1,0,0,0,1.0,inf,0.0,0.0,0.0,0.0,1.0,0,1,0.0,0.0,0.0
5752,rondohe01,2019,WS,HOU,AL,0,0,2,0,0,0,0,3,2,0,0,1,0,0.4,0.0,0.0,0.0,0.0,0.0,6.0,0,0,0.0,0.0,0.0
5754,ryuhy01,2019,NLDS1,LAN,NL,1,0,1,1,0,0,0,15,4,2,1,2,3,0.222,3.6,1.0,0.0,0.0,0.0,20.0,0,2,0.0,0.0,1.0
5755,sabatcc01,2019,ALCS,NYA,AL,0,0,2,0,0,0,0,3,0,0,0,0,0,0.0,0.0,0.0,0.0,1.0,0.0,5.0,0,0,0.0,0.0,0.0
5763,severlu01,2019,ALCS,NYA,AL,0,1,1,1,0,0,0,13,5,2,2,3,6,0.263,4.15,0.0,0.0,0.0,0.0,22.0,0,2,0.0,0.0,0.0
5764,severlu01,2019,ALDS2,NYA,AL,0,0,1,1,0,0,0,12,4,0,0,2,4,0.267,0.0,0.0,0.0,0.0,0.0,17.0,0,0,0.0,0.0,1.0
5766,smithjo05,2019,ALCS,HOU,AL,0,0,4,0,0,0,0,11,2,1,1,1,3,0.154,2.45,0.0,0.0,0.0,0.0,14.0,0,1,0.0,0.0,1.0
5767,smithjo05,2019,ALDS1,HOU,AL,0,0,2,0,0,0,0,5,0,0,0,0,0,0.0,0.0,0.0,0.0,0.0,0.0,5.0,0,0,0.0,1.0,0.0
5768,smithjo05,2019,WS,HOU,AL,0,0,4,0,0,0,0,10,4,2,0,1,4,0.286,5.4,0.0,0.0,0.0,0.0,15.0,1,2,0.0,0.0,0.0
5777,stripro01,2019,NLDS1,LAN,NL,0,0,1,0,0,0,0,3,1,1,0,0,0,0.333,9.0,0.0,1.0,0.0,0.0,4.0,0,1,0.0,1.0,0.0
5781,tanakma01,2019,ALCS,NYA,AL,1,1,2,2,0,0,0,33,5,3,1,3,5,0.135,2.45,0.0,0.0,0.0,0.0,40.0,0,4,0.0,0.0,1.0
5782,tanakma01,2019,ALDS2,NYA,AL,1,0,1,1,0,0,0,15,3,1,0,1,7,0.176,1.8,0.0,0.0,1.0,0.0,19.0,0,1,0.0,0.0,1.0
5785,uriasju01,2019,NLDS1,LAN,NL,0,1,3,0,0,0,0,11,4,3,0,0,0,0.308,7.36,0.0,0.0,0.0,0.0,15.0,1,3,1.0,1.0,0.0
5786,urquijo01,2019,ALCS,HOU,AL,0,0,1,0,0,0,0,8,3,1,1,1,5,0.273,3.38,0.0,0.0,0.0,0.0,12.0,0,1,0.0,0.0,0.0
5787,urquijo01,2019,ALDS1,HOU,AL,0,0,1,0,0,0,0,5,3,0,0,1,3,0.429,0.0,0.0,0.0,1.0,0.0,9.0,0,0,0.0,0.0,1.0
5788,urquijo01,2019,WS,HOU,AL,1,0,2,1,0,0,0,17,3,0,0,0,4,0.15,0.0,0.0,0.0,0.0,0.0,20.0,1,0,0.0,0.0,0.0
5789,verlaju01,2019,ALCS,HOU,AL,0,1,2,2,0,0,0,41,10,6,3,2,16,0.2,3.95,0.0,0.0,0.0,0.0,52.0,0,6,0.0,0.0,0.0
5790,verlaju01,2019,ALDS1,HOU,AL,1,1,2,2,0,0,0,32,8,4,2,6,13,0.211,3.38,0.0,0.0,0.0,0.0,44.0,0,4,0.0,0.0,2.0
5791,verlaju01,2019,WS,HOU,AL,0,2,2,2,0,0,0,33,12,7,3,6,9,0.279,5.73,0.0,0.0,0.0,0.0,50.0,0,7,1.0,0.0,1.0
