,yearID,teamID,lgID,playerID,G_all,GS,G_batting,G_defense,G_p,G_c,G_1b,G_2b,G_3b,G_ss,G_lf,G_cf,G_rf,G_of,G_dh,G_ph,G_pr
99800,2015,NYA,AL,ackledu01,23,14.0,23,17.0,0,0,4,9,0,0,4,0,0,4,2.0,9.0,0.0
99822,2015,HOU,AL,altuvjo01,154,154.0,154,153.0,0,0,0,153,0,0,0,0,0,0,1.0,0.0,0.0
99830,2015,LAN,NL,anderbr04,31,31.0,29,31.0,31,0,0,0,0,0,0,0,0,0,0.0,0.0,0.0
99845,2015,BOS,AL,arojo01,6,0.0,0,6.0,6,0,0,0,0,0,0,0,0,0,0.0,0.0,0.0
99854,2015,LAN,NL,avilalu01,23,0.0,20,23.0,23,0,0,0,0,0,0,0,0,0,0.0,0.0,0.0
99861,2015,LAN,NL,baezpe01,52,0.0,48,52.0,52,0,0,0,0,0,0,0,0,0,0.0,0.0,0.0
99862,2015,NYA,AL,bailean01,10,0.0,1,10.0,10,0,0,0,0,0,0,0,0,0,0.0,0.0,0.0
99865,2015,LAN,NL,bakersc02,2,2.0,2,2.0,2,0,0,0,0,0,0,0,0,0,0.0,0.0,0.0
99871,2015,LAN,NL,barneau01,20,8.0,20,13.0,0,11,0,1,1,0,0,0,0,0,0.0,6.0,3.0
99873,2015,LAN,NL,barneda01,2,1.0,2,2.0,0,0,0,0,1,1,0,0,0,0,0.0,0.0,0.0
99875,2015,BOS,AL,barnema01,32,2.0,0,32.0,32,0,0,0,0,0,0,0,0,0,0.0,0.0,0.0
99887,2015,LAN,NL,beachbr01,2,2.0,2,2.0,2,0,0,0,0,0,0,0,0,0,0.0,0.0,0.0
99900,2015,NYA,AL,beltrca01,133,128.0,133,123.0,0,0,0,0,0,0,0,0,123,123,8.0,4.0,0.0
99905,2015,NYA,AL,betande01,74,0.0,4,74.0,74,0,0,0,0,0,0,0,0,0,0.0,0.0,0.0
99909,2015,BOS,AL,bettsmo01,145,141.0,145,144.0,0,0,0,0,0,0,0,133,11,144,1.0,1.0,2.0
99910,2015,BOS,AL,biancje01,3,0.0,3,3.0,0,0,0,0,2,1,0,0,0,0,0.0,0.0,1.0
99912,2015,NYA,AL,birdgr01,46,42.0,46,46.0,0,0,46,0,0,0,0,0,0,0,0.0,1.0,1.0
99925,2015,BOS,AL,bogaexa01,156,154.0,156,156.0,0,0,0,0,0,156,0,0,0,0,0.0,0.0,1.0
99927,2015,LAN,NL,bolsimi01,21,21.0,21,21.0,21,0,0,0,0,0,0,0,0,0,0.0,0.0,0.0
99941,2015,BOS,AL,bradlja02,74,66.0,74,73.0,0,0,0,0,0,0,17,27,32,73,0.0,1.0,0.0
99945,2015,BOS,AL,breslcr01,45,2.0,4,45.0,45,0,0,0,0,0,0,0,0,0,0.0,0.0,0.0
99964,2015,HOU,AL,buchaja01,5,0.0,0,5.0,5,0,0,0,0,0,0,0,0,0,0.0,0.0,0.0
99965,2015,BOS,AL,buchhcl01,18,18.0,2,18.0,18,0,0,0,0,0,0,0,0,0,0.0,0.0,0.0
99969,2015,NYA,AL,burawda01,1,0.0,0,1.0,1,0,0,0,0,0,0,0,0,0,0.0,0.0,0.0
99995,2015,LAN,NL,callaal01,60,26.0,60,37.0,0,0,0,0,37,0,0,0,0,0,1.0,26.0,0.0
100002,2015,NYA,AL,capuach01,22,4.0,2,22.0,22,0,0,0,0,0,0,0,0,0,0.0,0.0,0.0
100004,2015,HOU,AL,carmofa01,20,11.0,1,20.0,20,0,0,0,0,0,0,0,0,0,0.0,0.0,0.0
100005,2015,NYA,AL,carpeda01,22,0.0,2,22.0,22,0,0,0,0,0,0,0,0,0,0.0,0.0,0.0
100012,2015,HOU,AL,cartech02,129,112.0,129,115.0,0,0,115,0,0,0,0,0,0,0,8.0,14.0,0.0
100016,2015,BOS,AL,castiru01,80,67.0,80,75.0,0,0,0,0,0,0,24,6,48,75,2.0,5.0,4.0
100022,2015,HOU,AL,castrja01,104,102.0,104,103.0,0,103,0,0,0,0,0,0,0,0,0.0,1.0,0.0
100027,2015,BOS,AL,cecchga01,2,0.0,2,1.0,0,0,1,0,0,0,0,0,0,0,1.0,1.0,1.0
100041,2015,HOU,AL,chapmke02,3,0.0,0,3.0,3,0,0,0,0,0,0,0,0,0,0.0,0.0,0.0
100072,2015,HOU,AL,congeha01,73,56.0,73,70.0,0,69,0,0,0,0,1,0,0,1,0.0,10.0,1.0
100075,2015,BOS,AL,cookry01,5,0.0,2,5.0,5,0,0,0,0,0,0,0,0,0,0.0,0.0,0.0
100083,2015,HOU,AL,correca01,99,99.0,99,99.0,0,0,0,0,0,99,0,0,0,0,0.0,0.0,0.0
100086,2015,NYA,AL,cothaca01,12,0.0,1,12.0,12,0,0,0,0,0,0,0,0,0,0.0,0.0,0.0
100089,2015,LAN,NL,couloda01,5,0.0,5,5.0,5,0,0,0,0,0,0,0,0,0,0.0,0.0,0.0
100094,2015,BOS,AL,craigal01,36,15.0,36,22.0,0,0,6,0,0,0,7,0,9,16,9.0,13.0,3.0
100097,2015,LAN,NL,crawfca02,69,43.0,69,51.0,0,0,0,0,0,0,51,0,0,51,3.0,21.0,3.0
100113,2015,NYA,AL,davieky01,1,0.0,1,1.0,1,0,0,0,0,0,0,0,0,0,0.0,0.0,0.0
100121,2015,BOS,AL,deazaal01,60,41.0,60,52.0,0,0,0,0,0,0,33,1,24,52,1.0,8.0,4.0
100125,2015,HOU,AL,dedunsa01,9,2.0,0,9.0,9,0,0,0,0,0,0,0,0,0,0.0,0.0,0.0
100138,2015,NYA,AL,depaujo02,1,0.0,0,1.0,1,0,0,0,0,0,0,0,0,0,0.0,0.0,0.0
100167,2015,NYA,AL,drewst01,131,105.0,131,130.0,0,0,0,123,4,15,0,0,0,0,0.0,7.0,0.0
100174,2015,HOU,AL,duffyma02,8,0.0,8,4.0,0,0,2,0,2,0,0,0,0,0,0.0,5.0,0.0
100191,2015,LAN,NL,ellisaj01,63,55.0,63,62.0,0,62,0,0,0,0,0,0,0,0,0.0,2.0,0.0
100192,2015,NYA,AL,ellsbja01,111,106.0,111,110.0,0,0,0,0,0,0,0,110,0,110,0.0,4.0,0.0
100195,2015,NYA,AL,eovalna01,27,27.0,3,27.0,27,0,0,0,0,0,0,0,0,0,0.0,0.0,0.0
100202,2015,LAN,NL,ethiean01,142,106.0,142,127.0,0,0,0,0,0,0,51,1,80,127,1.0,27.0,0.0
100209,2015,HOU,AL,feldmsc01,18,18.0,1,18.0,18,0,0,0,0,0,0,0,0,0,0.0,0.0,0.0
100210,2015,HOU,AL,felizmi01,5,0.0,1,5.0,5,0,0,0,0,0,0,0,0,0,0.0,0.0,0.0
100216,2015,HOU,AL,fieldjo03,54,0.0,4,54.0,54,0,0,0,0,0,0,0,0,0,0.0,0.0,0.0
100220,2015,HOU,AL,fiersmi01,10,9.0,0,10.0,10,0,0,0,0,0,0,0,0,0,0.0,0.0,0.0
100222,2015,NYA,AL,figueco01,2,2.0,2,2.0,0,0,0,0,2,0,0,0,0,0,0.0,0.0,0.0
100229,2015,NYA,AL,florera02,12,8.0,12,12.0,0,0,0,0,0,0,11,0,1,12,0.0,0.0,0.0
100248,2015,LAN,NL,friasca01,17,13.0,16,17.0,17,0,0,0,0,0,0,0,0,0,0.0,0.0,0.0
100268,2015,LAN,NL,garciyi01,59,1.0,55,59.0,59,0,0,0,0,0,0,0,0,0,0.0,0.0,0.0
100269,2015,NYA,AL,gardnbr01,151,140.0,151,150.0,0,0,0,0,0,0,119,40,0,150,0.0,5.0,2.0
100272,2015,HOU,AL,gattiev01,153,147.0,153,11.0,0,0,0,0,0,0,11,0,0,11,136.0,6.0,0.0
100299,2015,HOU,AL,gomezca01,41,38.0,41,39.0,0,0,0,0,0,0,0,39,0,39,1.0,1.0,1.0
100303,2015,LAN,NL,gonzaad01,156,148.0,156,149.0,0,0,149,0,0,0,0,0,0,0,3.0,7.0,0.0
100307,2015,HOU,AL,gonzama01,120,86.0,120,112.0,0,0,43,15,21,32,15,0,0,15,3.0,17.0,6.0
100311,2015,NYA,AL,goodyni01,7,0.0,1,7.0,7,0,0,0,0,0,0,0,0,0,0.0,0.0,0.0
100324,2015,LAN,NL,grandya01,115,102.0,115,111.0,0,107,6,0,0,0,0,0,0,0,0.0,10.0,0.0
100331,2015,HOU,AL,gregelu01,64,0.0,3,64.0,64,0,0,0,0,0,0,0,0,0,0.0,0.0,0.0
100333,2015,NYA,AL,gregodi01,155,147.0,155,155.0,0,0,0,0,0,155,0,0,0,0,0.0,4.0,1.0
100334,2015,LAN,NL,greinza01,32,32.0,30,32.0,32,0,0,0,0,0,0,0,0,0,0.0,0.0,0.0
100338,2015,HOU,AL,grossro01,24,14.0,24,19.0,0,0,0,0,0,0,17,0,4,19,2.0,5.0,4.0
100340,2015,LAN,NL,guerral01,106,49.0,106,51.0,0,0,0,0,22,0,29,0,0,29,4.0,54.0,0.0
100363,2015,BOS,AL,hanigry01,54,51.0,54,53.0,0,53,0,0,0,0,0,0,0,0,0.0,1.0,0.0
100375,2015,HOU,AL,harriwi02,68,0.0,4,68.0,68,0,0,0,0,0,0,0,0,0,0.0,0.0,0.0
100378,2015,LAN,NL,hatchch02,49,0.0,45,49.0,49,0,0,0,0,0,0,0,0,0,0.0,0.0,0.0
100383,2015,NYA,AL,headlch01,156,148.0,156,155.0,0,0,1,0,155,0,0,0,0,0,0.0,5.0,1.0
100385,2015,NYA,AL,heathsl01,17,6.0,17,17.0,0,0,0,0,0,0,0,8,9,17,0.0,1.0,3.0
100388,2015,LAN,NL,heisech01,33,17.0,33,28.0,0,0,0,0,0,0,12,10,12,28,0.0,5.0,3.0
100390,2015,BOS,AL,hembrhe01,22,0.0,2,22.0,22,0,0,0,0,0,0,0,0,0,0.0,0.0,0.0
100395,2015,LAN,NL,hernaen02,76,51.0,76,67.0,0,0,0,20,1,16,17,19,2,34,0.0,11.0,5.0
100411,2015,BOS,AL,hillri01,4,4.0,0,4.0,4,0,0,0,0,0,0,0,0,0,0.0,0.0,0.0
100413,2015,BOS,AL,hinojda01,1,0.0,0,1.0,1,0,0,0,0,0,0,0,0,0,0.0,0.0,0.0
100416,2015,HOU,AL,hoeslj01,8,4.0,8,7.0,0,0,0,0,0,0,3,0,5,7,0.0,1.0,1.0
100422,2015,BOS,AL,holtbr01,129,116.0,129,125.0,0,0,8,58,33,11,14,2,21,35,1.0,6.0,2.0
100430,2015,LAN,NL,howeljp01,65,0.0,62,65.0,65,0,0,0,0,0,0,0,0,0,0.0,0.0,0.0
100433,2015,LAN,NL,huffda01,3,1.0,3,3.0,3,0,0,0,0,0,0,0,0,0,0.0,0.0,0.0
100461,2015,LAN,NL,janseke01,54,0.0,51,54.0,54,0,0,0,0,0,0,0,0,0,0.0,0.0,0.0
100473,2015,BOS,AL,jimenlu02,1,0.0,1,0.0,0,0,0,0,0,0,0,0,0,0,1.0,0.0,1.0
100476,2015,BOS,AL,johnsbr02,1,1.0,0,1.0,1,0,0,0,0,0,0,0,0,0,0.0,0.0,0.0
100482,2015,LAN,NL,johnsji04,23,0.0,19,23.0,23,0,0,0,0,0,0,0,0,0,0.0,0.0,0.0
100489,2015,NYA,AL,jonesga02,57,31.0,57,45.0,1,0,21,0,0,0,4,0,24,27,4.0,13.0,2.0
100500,2015,HOU,AL,kazmisc01,13,13.0,1,13.0,13,0,0,0,0,0,0,0,0,0,0.0,0.0,0.0
100506,2015,BOS,AL,kellyjo05,25,25.0,2,25.0,25,0,0,0,0,0,0,0,0,0,0.0,0.0,0.0
100509,2015,LAN,NL,kendrho01,117,112.0,117,113.0,0,0,0,113,0,0,0,0,0,0,0.0,4.0,0.0
100514,2015,LAN,NL,kershcl01,34,33.0,31,33.0,33,0,0,0,0,0,0,0,0,0,0.0,1.0,0.0
100515,2015,HOU,AL,keuchda01,33,33.0,2,33.0,33,0,0,0,0,0,0,0,0,0,0.0,0.0,0.0
100551,2015,LAN,NL,latosma01,6,5.0,6,6.0,6,0,0,0,0,0,0,0,0,0,0.0,0.0,0.0
100556,2015,BOS,AL,layneto01,64,0.0,8,64.0,64,0,0,0,0,0,0,0,0,0,0.0,0.0,0.0
100563,2015,LAN,NL,leeza01,1,1.0,1,1.0,1,0,0,0,0,0,0,0,0,0,0.0,0.0,0.0
100568,2015,BOS,AL,leonsa01,41,33.0,41,38.0,0,37,0,0,1,0,0,0,0,0,3.0,4.0,0.0
100571,2015,LAN,NL,liberad01,39,0.0,38,39.0,39,0,0,0,0,0,0,0,0,0,0.0,0.0,0.0
100574,2015,NYA,AL,lindgja01,7,0.0,0,7.0,7,0,0,0,0,0,0,0,0,0,0.0,0.0,0.0
100595,2015,HOU,AL,lowrije01,69,62.0,69,63.0,0,0,0,0,47,17,0,0,0,0,2.0,6.0,0.0
100603,2015,BOS,AL,machije01,26,0.0,3,26.0,26,0,0,0,0,0,0,0,0,0,0.0,0.0,0.0
100614,2015,HOU,AL,marisja01,133,101.0,133,126.0,0,0,0,0,0,0,16,99,13,126,1.0,5.0,13.0
100618,2015,BOS,AL,marrede01,25,12.0,25,20.0,0,0,0,3,13,6,0,0,0,0,5.0,1.0,6.0
100625,2015,NYA,AL,martich02,24,0.0,2,24.0,24,0,0,0,0,0,0,0,0,0,0.0,0.0,0.0
100637,2015,BOS,AL,masteju01,18,9.0,1,18.0,18,0,0,0,0,0,0,0,0,0,0.0,0.0,0.0
100655,2015,NYA,AL,mccanbr01,135,122.0,135,126.0,0,126,10,0,0,0,0,0,0,0,4.0,13.0,0.0
100657,2015,LAN,NL,mccarbr01,4,4.0,4,4.0,4,0,0,0,0,0,0,0,0,0,0.0,0.0,0.0
100658,2015,HOU,AL,mcculla02,22,22.0,1,22.0,22,0,0,0,0,0,0,0,0,0,0.0,0.0,0.0
100666,2015,HOU,AL,mchugco01,32,32.0,3,32.0,32,0,0,0,0,0,0,0,0,0,0.0,0.0,0.0
100674,2015,BOS,AL,mendero01,3,0.0,1,3.0,3,0,0,0,0,0,0,0,0,0,0.0,0.0,0.0
100680,2015,BOS,AL,mileywa01,32,32.0,1,32.0,32,0,0,0,0,0,0,0,0,0,0.0,0.0,0.0
100681,2015,NYA,AL,millean01,60,0.0,4,60.0,60,0,0,0,0,0,0,0,0,0,0.0,0.0,0.0
100687,2015,NYA,AL,mitchbr01,20,2.0,3,20.0,20,0,0,0,0,0,0,0,0,0,0.0,0.0,0.0
100702,2015,NYA,AL,morendi01,4,0.0,0,4.0,4,0,0,0,0,0,0,0,0,0,0.0,0.0,0.0
100720,2015,BOS,AL,mujiced01,11,0.0,1,11.0,11,0,0,0,0,0,0,0,0,0,0.0,0.0,0.0
100728,2015,NYA,AL,murphjr01,67,43.0,67,65.0,0,65,0,0,0,0,0,0,0,0,1.0,3.0,3.0
100732,2015,BOS,AL,napolmi01,98,92.0,98,96.0,0,0,96,0,0,0,0,0,0,0,2.0,1.0,1.0
100736,2015,BOS,AL,navada01,29,18.0,29,26.0,0,0,6,0,0,0,7,0,15,21,2.0,6.0,2.0
100745,2015,HOU,AL,neshepa01,66,0.0,5,66.0,66,0,0,0,0,0,0,0,0,0,0.0,0.0,0.0
100746,2015,LAN,NL,nicasju01,54,1.0,52,53.0,53,0,0,0,0,0,0,0,0,0,0.0,0.0,1.0
100752,2015,NYA,AL,noelri01,15,0.0,15,2.0,0,0,0,0,0,0,0,0,2,2,3.0,2.0,12.0
100763,2015,NYA,AL,novaiv01,17,17.0,0,17.0,17,0,0,0,0,0,0,0,0,0,0.0,0.0,0.0
100768,2015,HOU,AL,oberhbr01,8,8.0,1,8.0,8,0,0,0,0,0,0,0,0,0,0.0,0.0,0.0
100775,2015,BOS,AL,ogandal01,64,0.0,4,64.0,64,0,0,0,0,0,0,0,0,0,0.0,0.0,0.0
100786,2015,BOS,AL,ortizda01,146,143.0,146,9.0,0,0,9,0,0,0,0,0,0,0,134.0,3.0,0.0
100792,2015,BOS,AL,owenshe02,11,11.0,1,11.0,11,0,0,0,0,0,0,0,0,0,0.0,0.0,0.0
100812,2015,NYA,AL,pazosja01,11,0.0,2,11.0,11,0,0,0,0,0,0,0,0,0,0.0,0.0,0.0
100813,2015,HOU,AL,peacobr01,1,1.0,0,1.0,1,0,0,0,0,0,0,0,0,0,0.0,0.0,0.0
100816,2015,LAN,NL,pederjo01,151,137.0,151,147.0,0,0,0,0,0,0,0,147,0,147,0.0,9.0,1.0
100817,2015,BOS,AL,pedrodu01,93,93.0,93,92.0,0,0,0,92,0,0,0,0,0,0,1.0,0.0,0.0
100818,2015,BOS,AL,pegueca01,4,1.0,4,4.0,0,0,0,0,0,0,4,0,0,4,0.0,1.0,0.0
100829,2015,LAN,NL,peraljo01,33,0.0,33,33.0,33,0,0,0,0,0,0,0,0,0,0.0,0.0,0.0
100831,2015,LAN,NL,perazjo01,7,6.0,7,7.0,0,0,0,6,0,0,0,1,0,1,0.0,0.0,1.0
100839,2015,HOU,AL,perezol01,22,0.0,3,22.0,22,0,0,0,0,0,0,0,0,0,0.0,0.0,0.0
100847,2015,NYA,AL,petitgr01,20,13.0,20,16.0,0,0,0,13,3,0,0,0,0,0,3.0,4.0,1.0
100857,2015,NYA,AL,pindebr01,25,0.0,2,25.0,25,0,0,0,0,0,0,0,0,0,0.0,0.0,0.0
100858,2015,NYA,AL,pinedmi01,27,27.0,1,27.0,27,0,0,0,0,0,0,0,0,0,0.0,0.0,0.0
100860,2015,NYA,AL,pireljo01,37,21.0,37,30.0,0,0,0,27,0,0,2,0,1,3,3.0,7.0,6.0
100869,2015,BOS,AL,porceri01,28,28.0,1,28.0,28,0,0,0,0,0,0,0,0,0,0.0,0.0,0.0
100872,2015,HOU,AL,preslal01,8,4.0,8,6.0,0,0,0,0,0,0,4,1,1,6,0.0,0.0,2.0
100877,2015,LAN,NL,puigya01,79,71.0,79,78.0,0,0,0,0,0,0,0,0,78,78,0.0,5.0,0.0
100881,2015,HOU,AL,quallch01,60,0.0,4,60.0,60,0,0,0,0,0,0,0,0,0,0.0,0.0,0.0
100888,2015,BOS,AL,ramirha01,105,103.0,105,92.0,0,0,0,0,1,0,92,0,0,92,11.0,2.0,0.0
100892,2015,NYA,AL,ramirjo02,3,0.0,2,3.0,3,0,0,0,0,0,0,0,0,0,0.0,0.0,0.0
100895,2015,BOS,AL,ramirno01,17,0.0,0,17.0,17,0,0,0,0,0,0,0,0,0,0.0,0.0,0.0
100900,2015,HOU,AL,rasmuco01,137,115.0,137,131.0,0,0,0,0,0,0,72,43,43,131,0.0,12.0,0.0
100904,2015,LAN,NL,ravinjo01,9,0.0,8,9.0,9,0,0,0,0,0,0,0,0,0,0.0,0.0,0.0
100916,2015,NYA,AL,refsnro01,16,12.0,16,15.0,0,0,0,15,0,0,0,0,0,0,0.0,2.0,1.0
100947,2015,NYA,AL,rodrial01,151,138.0,151,6.0,0,0,2,0,4,0,0,0,0,0,136.0,12.0,0.0
100948,2015,BOS,AL,rodried05,21,21.0,1,21.0,21,0,0,0,0,0,0,0,0,0,0.0,0.0,0.0
100952,2015,LAN,NL,rodrist02,18,0.0,18,18.0,18,0,0,0,0,0,0,0,0,0,0.0,0.0,0.0
100955,2015,NYA,AL,rogeres01,18,0.0,1,18.0,18,0,0,0,0,0,0,0,0,0,0.0,0.0,0.0
100959,2015,LAN,NL,rolliji01,144,128.0,144,134.0,0,0,0,0,0,134,0,0,0,0,0.0,13.0,3.0
100964,2015,NYA,AL,rominau01,1,1.0,1,1.0,0,0,1,0,0,0,0,0,0,0,0.0,0.0,0.0
100979,2015,BOS,AL,rossro01,54,0.0,5,54.0,54,0,0,0,0,0,0,0,0,0,0.0,0.0,0.0
100984,2015,LAN,NL,ruggiju01,21,13.0,21,16.0,0,0,0,0,0,0,16,0,2,16,0.0,8.0,0.0
100987,2015,NYA,AL,rumbeni01,17,0.0,1,17.0,17,0,0,0,0,0,0,0,0,0,0.0,0.0,0.0
100992,2015,BOS,AL,rutlejo01,39,19.0,39,35.0,0,0,0,30,5,0,0,0,0,0,4.0,3.0,5.0
100993,2015,NYA,AL,ryanbr01,47,29.0,47,43.0,1,0,3,26,14,6,0,0,2,2,0.0,5.0,3.0
100997,2015,NYA,AL,sabatcc01,29,29.0,1,29.0,29,0,0,0,0,0,0,0,0,0,0.0,0.0,0.0
101010,2015,NYA,AL,sanchga02,2,0.0,2,0.0,0,0,0,0,0,0,0,0,0,0,0.0,2.0,0.0
101013,2015,BOS,AL,sandopa01,126,122.0,126,123.0,0,0,0,0,123,0,0,0,0,0,0.0,4.0,0.0
101018,2015,HOU,AL,santado01,14,10.0,14,13.0,0,0,0,0,0,0,3,1,9,13,0.0,3.0,0.0
101022,2015,LAN,NL,santose01,12,0.0,12,12.0,12,0,0,0,0,0,0,0,0,0,0.0,0.0,0.0
101023,2015,NYA,AL,santose01,2,0.0,1,2.0,2,0,0,0,0,0,0,0,0,0,0.0,0.0,0.0
101029,2015,LAN,NL,schebsc01,19,5.0,19,13.0,0,0,0,0,0,0,7,0,6,13,0.0,12.0,0.0
101040,2015,LAN,NL,seageco01,27,25.0,27,26.0,0,0,0,0,6,21,0,0,0,0,0.0,2.0,0.0
101044,2015,NYA,AL,severlu01,11,11.0,1,11.0,11,0,0,0,0,0,0,0,0,0,0.0,0.0,0.0
101048,2015,BOS,AL,shawtr01,65,55.0,65,63.0,0,0,55,0,8,0,1,0,0,1,0.0,2.0,2.0
101051,2015,NYA,AL,shrevch01,59,0.0,3,59.0,59,0,0,0,0,0,0,0,0,0,0.0,0.0,0.0
101056,2015,HOU,AL,singljo02,19,13.0,19,14.0,0,0,14,0,0,0,0,0,0,0,4.0,4.0,0.0
101057,2015,HOU,AL,sippto01,60,0.0,3,60.0,60,0,0,0,0,0,0,0,0,0,0.0,0.0,0.0
101087,2015,HOU,AL,springe01,102,101.0,102,102.0,0,0,0,0,0,0,0,10,93,102,0.0,0.0,1.0
101091,2015,HOU,AL,stassma01,11,4.0,11,10.0,0,10,0,0,0,0,0,0,0,0,1.0,1.0,0.0
101097,2015,HOU,AL,straida01,4,3.0,0,4.0,4,0,0,0,0,0,0,0,0,0,0.0,0.0,0.0
101109,2015,LAN,NL,surkaer01,1,0.0,1,1.0,1,0,0,0,0,0,0,0,0,0,0.0,0.0,0.0
101115,2015,BOS,AL,swihabl01,84,78.0,84,83.0,0,83,0,0,0,0,0,0,0,0,0.0,4.0,0.0
101121,2015,NYA,AL,tanakma01,24,23.0,4,24.0,24,0,0,0,0,0,0,0,0,0,0.0,0.0,0.0
101125,2015,BOS,AL,tazawju01,61,0.0,4,61.0,61,0,0,0,0,0,0,0,0,0,0.0,0.0,0.0
101129,2015,NYA,AL,teixema01,111,108.0,111,108.0,0,0,108,0,0,0,0,0,0,0,3.0,2.0,0.0
101135,2015,HOU,AL,thatcjo01,43,0.0,3,43.0,43,0,0,0,0,0,0,0,0,0,0.0,0.0,0.0
101140,2015,LAN,NL,thomaia01,9,1.0,9,9.0,9,0,0,0,0,0,0,0,0,0,0.0,0.0,0.0
101154,2015,LAN,NL,torrero01,8,0.0,8,6.0,0,0,0,4,3,0,0,0,0,0,0.0,2.0,2.0
101155,2015,NYA,AL,tracyma01,1,0.0,0,1.0,1,0,0,0,0,0,0,0,0,0,0.0,0.0,0.0
101162,2015,LAN,NL,tsaoch01,5,0.0,5,5.0,5,0,0,0,0,0,0,0,0,0,0.0,0.0,0.0
101163,2015,HOU,AL,tuckepr01,98,76.0,98,90.0,0,0,0,0,0,0,79,0,14,90,3.0,15.0,2.0
101167,2015,LAN,NL,turneju01,126,98.0,126,110.0,0,0,10,5,100,1,0,0,0,0,0.0,19.0,0.0
101169,2015,BOS,AL,ueharko01,43,0.0,1,43.0,43,0,0,0,0,0,0,0,0,0,0.0,0.0,0.0
101175,2015,LAN,NL,uribeju01,29,22.0,29,24.0,0,0,0,0,24,0,0,0,0,0,0.0,5.0,0.0
101179,2015,LAN,NL,utleych01,34,30.0,34,30.0,0,0,2,26,3,0,0,0,0,0,1.0,4.0,0.0
101181,2015,HOU,AL,valbulu01,132,122.0,132,128.0,0,0,31,1,99,0,0,0,0,0,2.0,6.0,0.0
101186,2015,LAN,NL,vanslsc01,96,53.0,96,88.0,0,0,21,0,0,0,55,3,22,74,1.0,25.0,0.0
101189,2015,BOS,AL,varvaan01,9,0.0,0,9.0,9,0,0,0,0,0,0,0,0,0,0.0,0.0,0.0
101191,2015,HOU,AL,velasvi01,19,7.0,1,19.0,19,0,0,0,0,0,0,0,0,0,0.0,0.0,0.0
101200,2015,BOS,AL,victosh01,33,26.0,33,32.0,0,0,0,0,0,0,0,0,32,32,0.0,5.0,0.0
101203,2015,HOU,AL,villajo01,53,28.0,53,42.0,0,0,0,3,12,22,5,2,0,7,4.0,10.0,9.0
101223,2015,NYA,AL,warread01,43,17.0,2,43.0,43,0,0,0,0,0,0,0,0,0,0.0,0.0,0.0
101230,2015,BOS,AL,weeksje01,3,2.0,3,3.0,0,0,0,3,0,0,0,0,0,0,0.0,0.0,0.0
101233,2015,LAN,NL,westma03,2,0.0,2,2.0,2,0,0,0,0,0,0,0,0,0,0.0,0.0,0.0
101234,2015,NYA,AL,whitlch01,4,4.0,0,4.0,4,0,0,0,0,0,0,0,0,0,0.0,0.0,0.0
101235,2015,LAN,NL,wielajo01,2,2.0,1,2.0,2,0,0,0,0,0,0,0,0,0,0.0,0.0,0.0
101241,2015,NYA,AL,willima07,8,7.0,8,8.0,0,0,0,0,0,0,0,8,0,8,0.0,0.0,0.0
101248,2015,NYA,AL,wilsoju10,74,0.0,6,74.0,74,0,0,0,0,0,0,0,0,0,0.0,0.0,0.0
101252,2015,HOU,AL,wojcias01,5,3.0,0,5.0,5,0,0,0,0,0,0,0,0,0,0.0,0.0,0.0
101256,2015,LAN,NL,woodal02,12,12.0,11,12.0,12,0,0,0,0,0,0,0,0,0,0.0,0.0,0.0
101262,2015,BOS,AL,wrighst01,16,9.0,1,16.0,16,0,0,0,0,0,0,0,0,0,0.0,0.0,0.0
101269,2015,NYA,AL,youngch04,140,77.0,140,129.0,0,0,0,0,0,0,55,15,76,129,2.0,13.0,14.0
101281,2016,BOS,AL,abadfe01,18,0.0,2,18.0,18,0,0,0,0,0,0,0,0,0,0.0,0.0,0.0
101285,2016,NYA,AL,ackledu01,28,17.0,28,22.0,0,0,13,1,0,0,0,0,9,9,3.0,6.0,0.0
101307,2016,HOU,AL,altuvjo01,161,160.0,161,148.0,0,0,0,148,0,1,0,0,0,0,13.0,0.0,1.0
101314,2016,LAN,NL,anderbr04,4,3.0,4,4.0,4,0,0,0,0,0,0,0,0,0,0.0,0.0,0.0
101339,2016,NYA,AL,austity01,31,23.0,31,29.0,0,0,27,0,0,0,2,0,3,5,1.0,3.0,0.0
101341,2016,LAN,NL,avilalu01,27,0.0,26,27.0,27,0,0,0,0,0,0,0,0,0,0.0,0.0,0.0
101347,2016,LAN,NL,baezpe01,73,0.0,67,73.0,73,0,0,0,0,0,0,0,0,0,0.0,0.0,0.0
101352,2016,NYA,AL,barbajo01,13,0.0,0,13.0,13,0,0,0,0,0,0,0,0,0,0.0,0.0,0.0
101353,2016,LAN,NL,barneau01,21,7.0,21,16.0,0,9,0,7,1,0,0,0,0,0,0.0,8.0,1.0
101358,2016,BOS,AL,barnema01,62,0.0,2,62.0,62,0,0,0,0,0,0,0,0,0,0.0,0.0,0.0
101378,2016,NYA,AL,beltrca01,99,92.0,99,60.0,0,0,0,0,0,0,0,0,60,60,34.0,7.0,0.0
101380,2016,BOS,AL,beninan01,34,30.0,34,32.0,0,0,0,0,0,0,29,5,0,32,0.0,3.0,0.0
101386,2016,NYA,AL,betande01,73,0.0,7,73.0,73,0,0,0,0,0,0,0,0,0,0.0,0.0,0.0
101389,2016,BOS,AL,bettsmo01,158,157.0,158,157.0,0,0,0,0,0,0,0,0,157,157,0.0,1.0,0.0
101396,2016,LAN,NL,blantjo01,75,0.0,71,75.0,75,0,0,0,0,0,0,0,0,0,0.0,0.0,0.0
101399,2016,NYA,AL,bleieri01,23,0.0,4,23.0,23,0,0,0,0,0,0,0,0,0,0.0,0.0,0.0
101401,2016,BOS,AL,bogaexa01,157,157.0,157,157.0,0,0,0,0,0,157,0,0,0,0,0.0,0.0,0.0
101402,2016,LAN,NL,bolsimi01,6,6.0,5,6.0,6,0,0,0,0,0,0,0,0,0,0.0,0.0,0.0
101418,2016,BOS,AL,bradlja02,156,155.0,156,156.0,0,0,0,0,0,0,0,156,0,156,0.0,0.0,1.0
101423,2016,HOU,AL,bregmal01,49,48.0,49,45.0,0,0,0,3,40,6,1,0,0,1,3.0,1.0,0.0
101424,2016,BOS,AL,brentbr01,25,18.0,25,22.0,0,0,0,0,0,0,22,0,0,22,2.0,5.0,2.0
101439,2016,BOS,AL,buchhcl01,37,21.0,4,37.0,37,0,0,0,0,0,0,0,0,0,0.0,0.0,0.0
101453,2016,NYA,AL,butlebi03,12,8.0,12,3.0,0,0,3,0,0,0,0,0,0,0,6.0,4.0,0.0
101488,2016,BOS,AL,castiru01,9,2.0,9,4.0,0,0,0,0,0,0,2,1,1,4,4.0,1.0,5.0
101491,2016,HOU,AL,castrja01,113,102.0,113,113.0,0,111,3,0,0,0,0,0,0,0,0.0,2.0,0.0
101493,2016,NYA,AL,castrst01,151,146.0,151,150.0,0,0,0,150,0,3,0,0,0,0,0.0,3.0,1.0
101503,2016,NYA,AL,cessalu01,17,9.0,0,17.0,17,0,0,0,0,0,0,0,0,0,0.0,0.0,0.0
101509,2016,NYA,AL,chapmar01,31,0.0,4,31.0,31,0,0,0,0,0,0,0,0,0,0.0,0.0,0.0
101510,2016,HOU,AL,chapmke02,9,0.0,0,9.0,9,0,0,0,0,0,0,0,0,0,0.0,0.0,0.0
101513,2016,LAN,NL,chaveje01,23,0.0,22,23.0,23,0,0,0,0,0,0,0,0,0,0.0,0.0,0.0
101528,2016,NYA,AL,clippty01,29,0.0,1,29.0,29,0,0,0,0,0,0,0,0,0,0.0,0.0,0.0
101533,2016,NYA,AL,cokeph01,3,0.0,1,3.0,3,0,0,0,0,0,0,0,0,0,0.0,0.0,0.0
101538,2016,LAN,NL,colemlo01,61,0.0,57,61.0,61,0,0,0,0,0,0,0,0,0,0.0,0.0,0.0
101552,2016,HOU,AL,correca01,153,152.0,153,153.0,0,0,0,0,0,153,0,0,0,0,0.0,1.0,0.0
101563,2016,LAN,NL,crawfca02,30,21.0,30,21.0,0,0,0,0,0,0,21,0,0,21,4.0,8.0,0.0
101571,2016,BOS,AL,cuevawi01,3,0.0,0,3.0,3,0,0,0,0,0,0,0,0,0,0.0,0.0,0.0
101572,2016,LAN,NL,culbech01,34,19.0,34,26.0,0,0,0,10,4,11,2,0,0,2,0.0,11.0,1.0
101586,2016,NYA,AL,davisik02,8,4.0,8,8.0,0,0,8,0,0,0,0,0,0,0,0.0,1.0,1.0
101590,2016,LAN,NL,daytogr01,25,0.0,23,25.0,25,0,0,0,0,0,0,0,0,0,0.0,0.0,0.0
101600,2016,LAN,NL,deleojo03,4,4.0,3,4.0,4,0,0,0,0,0,0,0,0,0,0.0,0.0,0.0
101613,2016,HOU,AL,devench02,48,5.0,6,48.0,48,0,0,0,0,0,0,0,0,0,0.0,0.0,0.0
101642,2016,HOU,AL,duffyma02,3,0.0,3,1.0,0,0,0,0,1,0,0,0,0,0,0.0,2.0,0.0
101659,2016,BOS,AL,eliasro01,3,1.0,1,3.0,3,0,0,0,0,0,0,0,0,0,0.0,0.0,0.0
101661,2016,LAN,NL,ellisaj01,53,42.0,53,46.0,0,46,0,0,0,0,0,0,0,0,0.0,9.0,0.0
101663,2016,NYA,AL,ellsbja01,148,138.0,148,148.0,0,0,0,0,0,0,0,148,0,148,0.0,4.0,2.0
101666,2016,NYA,AL,eovalna01,24,21.0,3,24.0,24,0,0,0,0,0,0,0,0,0,0.0,0.0,0.0
101676,2016,LAN,NL,ethiean01,16,3.0,16,4.0,0,0,0,0,0,0,4,0,0,4,1.0,12.0,0.0
101684,2016,HOU,AL,feldmsc01,26,5.0,2,26.0,26,0,0,0,0,0,0,0,0,0,0.0,0.0,0.0
101686,2016,HOU,AL,felizmi01,47,0.0,2,47.0,47,0,0,0,0,0,0,0,0,0,0.0,0.0,0.0
101689,2016,HOU,AL,fieldjo03,15,0.0,2,15.0,15,0,0,0,0,0,0,0,0,0,0.0,0.0,0.0
101690,2016,LAN,NL,fieldjo03,22,0.0,21,22.0,22,0,0,0,0,0,0,0,0,0,0.0,0.0,0.0
101692,2016,LAN,NL,fienca01,25,0.0,25,25.0,25,0,0,0,0,0,0,0,0,0,0.0,0.0,0.0
101694,2016,HOU,AL,fiersmi01,31,30.0,0,31.0,31,0,0,0,0,0,0,0,0,0,0.0,0.0,0.0
101697,2016,HOU,AL,fistedo01,32,32.0,3,32.0,32,0,0,0,0,0,0,0,0,0,0.0,0.0,0.0
101722,2016,LAN,NL,friasca01,1,0.0,1,1.0,1,0,0,0,0,0,0,0,0,0,0.0,0.0,0.0
101733,2016,NYA,AL,gamelbe01,6,2.0,6,5.0,0,0,0,0,0,0,0,0,5,5,0.0,1.0,0.0
101743,2016,LAN,NL,garciyi01,9,0.0,9,9.0,9,0,0,0,0,0,0,0,0,0,0.0,0.0,0.0
101744,2016,NYA,AL,gardnbr01,148,139.0,148,147.0,0,0,0,0,0,0,147,3,0,147,0.0,5.0,1.0
101749,2016,HOU,AL,gattiev01,128,117.0,128,55.0,0,55,0,0,0,0,0,0,0,0,71.0,11.0,0.0
101759,2016,HOU,AL,gileske01,69,0.0,7,69.0,69,0,0,0,0,0,0,0,0,0,0.0,0.0,0.0
101776,2016,HOU,AL,gomezca01,85,81.0,85,78.0,0,0,0,0,0,0,0,78,0,78,5.0,1.0,3.0
101779,2016,LAN,NL,gonzaad01,156,148.0,156,151.0,0,0,151,0,0,0,0,0,0,0,2.0,6.0,0.0
101784,2016,HOU,AL,gonzama01,141,118.0,141,132.0,0,0,92,14,22,11,18,1,0,19,3.0,13.0,3.0
101788,2016,NYA,AL,goodyni01,27,0.0,3,27.0,27,0,0,0,0,0,0,0,0,0,0.0,0.0,0.0
101797,2016,HOU,AL,gourryu01,36,32.0,36,27.0,0,0,5,0,21,0,1,0,0,1,7.0,3.0,0.0
101801,2016,LAN,NL,grandya01,126,108.0,126,117.0,0,115,4,0,0,0,0,0,0,0,0.0,16.0,0.0
101806,2016,NYA,AL,greench03,12,8.0,2,12.0,12,0,0,0,0,0,0,0,0,0,0.0,0.0,0.0
101809,2016,HOU,AL,gregelu01,59,0.0,3,59.0,59,0,0,0,0,0,0,0,0,0,0.0,0.0,0.0
101810,2016,NYA,AL,gregodi01,153,148.0,153,153.0,0,0,0,0,0,153,0,0,0,0,0.0,2.0,0.0
101825,2016,HOU,AL,gustaja01,14,0.0,0,14.0,14,0,0,0,0,0,0,0,0,0,0.0,0.0,0.0
101838,2016,BOS,AL,hanigry01,35,30.0,35,34.0,0,34,0,0,0,0,0,0,0,0,1.0,1.0,0.0
101847,2016,HOU,AL,harriwi02,66,0.0,7,66.0,66,0,0,0,0,0,0,0,0,0,0.0,0.0,0.0
101850,2016,LAN,NL,hatchch02,37,0.0,34,37.0,37,0,0,0,0,0,0,0,0,0,0.0,0.0,0.0
101854,2016,NYA,AL,headlch01,140,135.0,140,140.0,0,0,0,0,140,0,0,0,0,0,1.0,5.0,0.0
101860,2016,NYA,AL,hellebe01,10,0.0,0,10.0,10,0,0,0,0,0,0,0,0,0,0.0,0.0,0.0
101862,2016,BOS,AL,hembrhe01,38,0.0,1,38.0,38,0,0,0,0,0,0,0,0,0,0.0,0.0,0.0
101869,2016,LAN,NL,hernaen02,109,47.0,109,75.0,0,0,0,11,5,2,41,22,7,62,1.0,51.0,0.0
101872,2016,BOS,AL,hernama02,40,10.0,40,25.0,0,0,0,14,10,2,0,0,0,0,2.0,12.0,5.0
101874,2016,HOU,AL,hernate01,41,27.0,41,38.0,0,0,0,0,0,0,22,15,6,38,0.0,6.0,2.0
101883,2016,NYA,AL,hicksaa01,123,92.0,123,119.0,0,0,0,0,0,0,25,24,86,119,4.0,6.0,6.0
101885,2016,BOS,AL,hillaa01,47,30.0,47,44.0,0,0,0,4,44,0,0,0,0,0,1.0,13.0,0.0
101887,2016,LAN,NL,hillri01,6,6.0,6,6.0,6,0,0,0,0,0,0,0,0,0,0.0,0.0,0.0
101892,2016,BOS,AL,holadbr01,14,10.0,14,14.0,0,13,0,0,1,0,0,0,0,0,1.0,0.0,1.0
101894,2016,NYA,AL,holdejo02,8,0.0,0,8.0,8,0,0,0,0,0,0,0,0,0,0.0,0.0,0.0
101897,2016,BOS,AL,holtbr01,94,76.0,94,90.0,0,0,0,8,17,7,64,0,5,68,1.0,10.0,2.0
101904,2016,LAN,NL,howeljp01,64,0.0,61,64.0,64,0,0,0,0,0,0,0,0,0,0.0,0.0,0.0
101906,2016,HOU,AL,hoytja01,22,0.0,1,22.0,22,0,0,0,0,0,0,0,0,0,0.0,0.0,0.0
101931,2016,LAN,NL,janseke01,72,0.0,68,72.0,72,0,0,0,0,0,0,0,0,0,0.0,0.0,0.0
101949,2016,LAN,NL,johnsmi04,7,0.0,7,4.0,0,0,0,3,0,0,1,0,0,1,0.0,5.0,1.0
101957,2016,NYA,AL,judgeaa01,27,24.0,27,27.0,0,0,0,0,0,0,0,0,27,27,0.0,1.0,0.0
101964,2016,LAN,NL,kazmisc01,27,26.0,26,26.0,26,0,0,0,0,0,0,0,0,0,0.0,1.0,0.0
101970,2016,BOS,AL,kellyjo05,20,6.0,2,20.0,20,0,0,0,0,0,0,0,0,0,0.0,0.0,0.0
101974,2016,HOU,AL,kempto01,59,28.0,59,44.0,0,0,0,5,0,0,37,1,1,39,8.0,19.0,8.0
101975,2016,LAN,NL,kendrho01,146,124.0,146,133.0,0,0,11,32,17,0,94,0,0,94,1.0,19.0,0.0
101979,2016,LAN,NL,kershcl01,23,21.0,21,21.0,21,0,0,0,0,0,0,0,0,0,0.0,1.0,1.0
101980,2016,HOU,AL,keuchda01,26,26.0,1,26.0,26,0,0,0,0,0,0,0,0,0,0.0,0.0,0.0
101984,2016,BOS,AL,kimbrcr01,57,0.0,3,57.0,57,0,0,0,0,0,0,0,0,0,0.0,0.0,0.0
102000,2016,HOU,AL,kratzer01,15,9.0,14,14.0,1,13,0,0,0,0,0,0,0,0,1.0,1.0,0.0
102009,2016,BOS,AL,lamarry01,6,1.0,5,4.0,1,0,0,0,0,0,2,0,1,3,0.0,1.0,2.0
102018,2016,BOS,AL,layneto01,34,0.0,0,34.0,34,0,0,0,0,0,0,0,0,0,0.0,0.0,0.0
102019,2016,NYA,AL,layneto01,29,0.0,0,29.0,29,0,0,0,0,0,0,0,0,0,0.0,0.0,0.0
102028,2016,BOS,AL,leonsa01,78,68.0,78,74.0,0,74,0,0,0,0,0,0,0,0,2.0,8.0,0.0
102031,2016,LAN,NL,liberad01,58,0.0,55,58.0,58,0,0,0,0,0,0,0,0,0,0.0,0.0,0.0
102032,2016,BOS,AL,lightpa01,2,0.0,1,2.0,2,0,0,0,0,0,0,0,0,0,0.0,0.0,0.0
102064,2016,LAN,NL,maedake01,35,32.0,34,32.0,32,0,0,0,0,0,0,0,0,0,0.0,1.0,2.0
102080,2016,HOU,AL,marisja01,118,85.0,118,105.0,0,0,0,0,0,0,26,74,5,105,5.0,4.0,12.0
102085,2016,BOS,AL,marrede01,13,3.0,13,12.0,0,0,0,6,4,4,0,0,0,0,1.0,2.0,1.0
102096,2016,BOS,AL,martimi02,4,1.0,4,3.0,0,0,0,0,0,1,0,0,2,2,1.0,0.0,1.0
102117,2016,NYA,AL,mccanbr01,130,114.0,130,92.0,0,92,3,0,0,0,0,0,0,0,32.0,15.0,0.0
102119,2016,LAN,NL,mccarbr01,10,9.0,10,10.0,10,0,0,0,0,0,0,0,0,0,0.0,0.0,0.0
102121,2016,HOU,AL,mcculla02,14,14.0,1,14.0,14,0,0,0,0,0,0,0,0,0,0.0,0.0,0.0
102127,2016,HOU,AL,mchugco01,33,33.0,3,33.0,33,0,0,0,0,0,0,0,0,0,0.0,0.0,0.0
102146,2016,NYA,AL,millean01,44,0.0,4,44.0,44,0,0,0,0,0,0,0,0,0,0.0,0.0,0.0
102149,2016,BOS,AL,millemi01,1,0.0,1,1.0,0,0,0,1,0,0,0,0,0,0,0.0,0.0,0.0
102156,2016,NYA,AL,mitchbr01,5,5.0,0,5.0,5,0,0,0,0,0,0,0,0,0,0.0,0.0,0.0
102159,2016,BOS,AL,moncayo01,8,4.0,8,5.0,0,0,0,0,5,0,0,0,0,0,3.0,1.0,2.0
102170,2016,HOU,AL,moranco01,9,6.0,9,8.0,0,0,0,0,8,0,0,0,0,0,0.0,1.0,0.0
102190,2016,NYA,AL,mulleco01,3,0.0,2,3.0,3,0,0,0,0,0,0,0,0,0,0.0,0.0,0.0
102196,2016,HOU,AL,musgrjo01,11,10.0,1,11.0,11,0,0,0,0,0,0,0,0,0,0.0,0.0,0.0
102211,2016,HOU,AL,neshepa01,60,0.0,4,60.0,60,0,0,0,0,0,0,0,0,0,0.0,0.0,0.0
102224,2016,LAN,NL,norribu01,13,9.0,13,13.0,13,0,0,0,0,0,0,0,0,0,0.0,0.0,0.0
102227,2016,NYA,AL,novaiv01,21,15.0,3,21.0,21,0,0,0,0,0,0,0,0,0,0.0,0.0,0.0
102248,2016,NYA,AL,olsonty01,1,0.0,0,1.0,1,0,0,0,0,0,0,0,0,0,0.0,0.0,0.0
102254,2016,BOS,AL,ortizda01,151,140.0,151,1.0,0,0,1,0,0,0,0,0,0,0,140.0,11.0,0.0
102256,2016,BOS,AL,osullse01,5,4.0,0,5.0,5,0,0,0,0,0,0,0,0,0,0.0,0.0,0.0
102261,2016,BOS,AL,owenshe02,5,5.0,0,5.0,5,0,0,0,0,0,0,0,0,0,0.0,0.0,0.0
102271,2016,NYA,AL,parkebl01,16,0.0,0,16.0,16,0,0,0,0,0,0,0,0,0,0.0,0.0,0.0
102274,2016,NYA,AL,parmech01,6,2.0,6,6.0,0,0,6,0,0,0,0,0,0,0,0.0,0.0,0.0
102280,2016,HOU,AL,paulida01,3,1.0,0,3.0,3,0,0,0,0,0,0,0,0,0,0.0,0.0,0.0
102283,2016,NYA,AL,pazosja01,7,0.0,0,7.0,7,0,0,0,0,0,0,0,0,0,0.0,0.0,0.0
102284,2016,HOU,AL,peacobr01,10,5.0,1,10.0,10,0,0,0,0,0,0,0,0,0,0.0,0.0,0.0
102288,2016,LAN,NL,pederjo01,137,114.0,137,132.0,0,0,0,0,0,0,0,132,0,132,0.0,17.0,1.0
102289,2016,BOS,AL,pedrodu01,154,151.0,154,152.0,0,0,0,152,0,0,0,0,0,0,0.0,2.0,1.0
102327,2016,NYA,AL,pindebr01,1,0.0,0,1.0,1,0,0,0,0,0,0,0,0,0,0.0,0.0,0.0
102329,2016,NYA,AL,pinedmi01,32,32.0,1,32.0,32,0,0,0,0,0,0,0,0,0,0.0,0.0,0.0
102339,2016,BOS,AL,pomerdr01,14,13.0,1,14.0,14,0,0,0,0,0,0,0,0,0,0.0,0.0,0.0
102342,2016,BOS,AL,porceri01,33,33.0,2,33.0,33,0,0,0,0,0,0,0,0,0,0.0,0.0,0.0
102349,2016,BOS,AL,priceda01,35,35.0,4,35.0,35,0,0,0,0,0,0,0,0,0,0.0,0.0,0.0
102351,2016,LAN,NL,puigya01,104,81.0,104,95.0,0,0,0,0,0,0,5,4,90,95,0.0,17.0,0.0
102364,2016,BOS,AL,ramirha01,147,144.0,147,133.0,0,0,133,0,0,0,0,0,0,0,11.0,3.0,0.0
102372,2016,BOS,AL,ramirno01,14,0.0,0,14.0,14,0,0,0,0,0,0,0,0,0,0.0,0.0,0.0
102379,2016,HOU,AL,rasmuco01,107,95.0,107,103.0,0,0,0,0,0,0,87,21,11,103,2.0,9.0,0.0
102381,2016,LAN,NL,ravinjo01,10,0.0,10,10.0,10,0,0,0,0,0,0,0,0,0,0.0,0.0,0.0
102387,2016,LAN,NL,reddijo01,47,38.0,47,42.0,0,0,0,0,0,0,0,0,42,42,0.0,7.0,0.0
102390,2016,HOU,AL,reedaj01,45,35.0,45,35.0,0,0,35,0,0,0,0,0,0,0,9.0,8.0,0.0
102393,2016,NYA,AL,refsnro01,58,44.0,58,55.0,0,0,25,8,1,0,5,0,23,27,0.0,2.0,4.0
102422,2016,HOU,AL,rodgebr01,5,1.0,0,5.0,5,0,0,0,0,0,0,0,0,0,0.0,0.0,0.0
102426,2016,NYA,AL,rodrial01,65,57.0,65,1.0,0,0,0,0,1,0,0,0,0,0,57.0,8.0,0.0
102427,2016,BOS,AL,rodried05,20,20.0,1,20.0,20,0,0,0,0,0,0,0,0,0,0.0,0.0,0.0
102442,2016,NYA,AL,rominau01,62,46.0,62,56.0,0,50,6,0,0,0,0,0,0,0,5.0,5.0,1.0
102454,2016,BOS,AL,rossro01,54,0.0,4,54.0,54,0,0,0,0,0,0,0,0,0,0.0,0.0,0.0
102462,2016,LAN,NL,ruizca01,14,9.0,14,9.0,0,9,0,0,0,0,0,0,0,0,0.0,5.0,0.0
102469,2016,BOS,AL,rutlejo01,28,12.0,28,23.0,0,0,0,5,17,1,0,0,0,0,0.0,7.0,1.0
102472,2016,LAN,NL,ryuhy01,1,1.0,1,1.0,1,0,0,0,0,0,0,0,0,0,0.0,0.0,0.0
102475,2016,NYA,AL,sabatcc01,30,30.0,1,30.0,30,0,0,0,0,0,0,0,0,0,0.0,0.0,0.0
102488,2016,NYA,AL,sanchga02,53,53.0,53,36.0,0,36,0,0,0,0,0,0,0,0,17.0,0.0,0.0
102491,2016,BOS,AL,sandopa01,3,1.0,3,2.0,0,0,0,0,2,0,0,0,0,0,0.0,2.0,0.0
102517,2016,BOS,AL,scottro02,7,0.0,0,7.0,7,0,0,0,0,0,0,0,0,0,0.0,0.0,0.0
102520,2016,LAN,NL,seageco01,157,149.0,157,155.0,0,0,0,0,0,155,0,0,0,0,0.0,7.0,0.0
102522,2016,LAN,NL,segedro01,40,17.0,40,26.0,0,0,9,0,6,0,7,0,7,13,0.0,18.0,0.0
102526,2016,NYA,AL,severlu01,22,11.0,0,22.0,22,0,0,0,0,0,0,0,0,0,0.0,0.0,0.0
102530,2016,BOS,AL,shawtr01,145,127.0,145,140.0,0,0,50,0,105,0,1,0,0,1,2.0,8.0,2.0
102535,2016,NYA,AL,shrevch01,37,0.0,1,37.0,37,0,0,0,0,0,0,0,0,0,0.0,0.0,0.0
102541,2016,HOU,AL,sippto01,60,0.0,4,60.0,60,0,0,0,0,0,0,0,0,0,0.0,0.0,0.0
102544,2016,BOS,AL,smithca02,3,0.0,0,3.0,3,0,0,0,0,0,0,0,0,0,0.0,0.0,0.0
102562,2016,NYA,AL,solando01,9,6.0,9,8.0,0,0,0,6,2,0,0,0,0,0,1.0,0.0,1.0
102572,2016,HOU,AL,springe01,162,161.0,162,148.0,0,0,0,0,0,0,0,1,147,148,12.0,0.0,1.0
102575,2016,HOU,AL,stassma01,9,2.0,9,8.0,0,8,0,0,0,0,0,0,0,0,0.0,2.0,1.0
102577,2016,LAN,NL,stewabr01,7,5.0,7,7.0,7,0,0,0,0,0,0,0,0,0,0.0,0.0,0.0
102588,2016,LAN,NL,stripro01,22,14.0,19,22.0,22,0,0,0,0,0,0,0,0,0,0.0,0.0,0.0
102605,2016,NYA,AL,swarzan01,26,0.0,4,26.0,26,0,0,0,0,0,0,0,0,0,0.0,0.0,0.0
102606,2016,BOS,AL,swihabl01,19,19.0,19,19.0,0,6,0,0,0,0,13,0,0,13,0.0,0.0,0.0
102610,2016,NYA,AL,tanakma01,31,31.0,1,31.0,31,0,0,0,0,0,0,0,0,0,0.0,0.0,0.0
102612,2016,LAN,NL,tayloch03,34,11.0,34,21.0,0,0,0,7,10,5,0,0,0,0,0.0,15.0,0.0
102615,2016,BOS,AL,tazawju01,53,0.0,2,53.0,53,0,0,0,0,0,0,0,0,0,0.0,0.0,0.0
102617,2016,NYA,AL,teixema01,116,104.0,116,110.0,0,0,110,0,0,0,0,0,0,0,4.0,4.0,0.0
102622,2016,LAN,NL,tepesni01,1,1.0,1,1.0,1,0,0,0,0,0,0,0,0,0,0.0,0.0,0.0
102625,2016,LAN,NL,thomptr01,80,61.0,80,71.0,0,0,0,0,0,0,24,32,28,71,0.0,13.0,0.0
102630,2016,LAN,NL,tolesan01,48,23.0,48,32.0,0,0,0,0,0,0,18,9,8,32,0.0,23.0,1.0
102639,2016,NYA,AL,torrero01,72,47.0,72,63.0,0,0,0,14,34,15,0,0,2,2,4.0,3.0,9.0
102646,2016,LAN,NL,tsaoch01,2,0.0,1,2.0,2,0,0,0,0,0,0,0,0,0,0.0,0.0,0.0
102647,2016,HOU,AL,tuckepr01,48,34.0,48,21.0,0,0,0,0,0,0,19,0,3,21,22.0,12.0,1.0
102652,2016,LAN,NL,turneju01,151,140.0,151,144.0,0,0,1,0,144,0,0,0,0,0,2.0,10.0,0.0
102654,2016,BOS,AL,ueharko01,50,0.0,3,50.0,50,0,0,0,0,0,0,0,0,0,0.0,0.0,0.0
102659,2016,LAN,NL,uriasju01,18,15.0,17,18.0,18,0,0,0,0,0,0,0,0,0,0.0,0.0,0.0
102661,2016,LAN,NL,utleych01,138,118.0,138,134.0,0,0,0,134,1,0,0,0,0,0,0.0,15.0,0.0
102663,2016,HOU,AL,valbulu01,90,84.0,90,86.0,0,0,8,1,81,0,0,0,0,0,0.0,4.0,0.0
102666,2016,LAN,NL,vanslsc01,52,22.0,52,35.0,0,0,7,0,0,0,19,1,10,29,0.0,19.0,2.0
102670,2016,BOS,AL,vazquch01,57,49.0,57,56.0,0,56,0,0,0,0,0,0,0,0,1.0,3.0,0.0
102672,2016,LAN,NL,venabwi01,12,3.0,12,5.0,0,0,0,0,0,0,1,0,4,5,0.0,9.0,0.0
102696,2016,LAN,NL,walteza01,3,1.0,3,2.0,0,0,1,0,0,0,1,0,1,1,0.0,2.0,0.0
102699,2016,NYA,AL,warread01,29,0.0,1,29.0,29,0,0,0,0,0,0,0,0,0,0.0,0.0,0.0
102712,2016,HOU,AL,whitety01,86,64.0,85,62.0,1,0,58,2,3,0,0,0,0,0,15.0,14.0,1.0
102720,2016,NYA,AL,willima07,12,7.0,12,11.0,0,0,0,0,0,0,2,2,7,11,1.0,0.0,2.0
102736,2016,LAN,NL,woodal02,15,10.0,14,14.0,14,0,0,0,0,0,0,0,0,0,0.0,0.0,1.0
102740,2016,HOU,AL,worthda01,16,8.0,16,13.0,0,0,0,6,5,2,0,0,0,0,2.0,4.0,1.0
102745,2016,BOS,AL,wrighst01,25,24.0,2,24.0,24,0,0,0,0,0,0,0,0,0,0.0,0.0,1.0
102746,2016,NYA,AL,yateski01,41,0.0,3,41.0,41,0,0,0,0,0,0,0,0,0,0.0,0.0,0.0
102752,2016,BOS,AL,youngch04,76,53.0,76,69.0,0,0,0,0,0,0,63,3,3,69,2.0,16.0,1.0
102753,2016,NYA,AL,younger03,6,0.0,6,2.0,0,0,0,0,0,0,0,2,0,2,4.0,0.0,4.0
102757,2016,BOS,AL,zieglbr01,33,0.0,1,33.0,33,0,0,0,0,0,0,0,0,0,0.0,0.0,0.0
102763,2017,BOS,AL,abadfe01,48,0.0,4,48.0,48,0,0,0,0,0,0,0,0,0,0.0,0.0,0.0
102796,2017,HOU,AL,altuvjo01,153,151.0,153,149.0,0,0,0,149,0,0,0,0,0,0,3.0,1.0,1.0
102812,2017,NYA,AL,andujmi01,5,1.0,5,3.0,0,0,0,0,3,0,0,0,0,0,2.0,1.0,0.0
102813,2017,HOU,AL,aokino01,71,56.0,70,68.0,1,0,0,0,0,0,56,0,16,67,1.0,5.0,1.0
102829,2017,NYA,AL,austity01,20,11.0,20,14.0,0,0,8,0,0,0,0,0,7,7,6.0,3.0,0.0
102832,2017,LAN,NL,avilalu01,61,0.0,58,61.0,61,0,0,0,0,0,0,0,0,0,0.0,0.0,0.0
102838,2017,LAN,NL,baezpe01,66,0.0,61,66.0,66,0,0,0,0,0,0,0,0,0,0.0,0.0,0.0
102844,2017,LAN,NL,barneau01,102,53.0,102,76.0,0,55,0,21,1,0,0,0,0,0,1.0,34.0,0.0
102848,2017,BOS,AL,barnema01,70,0.0,4,70.0,70,0,0,0,0,0,0,0,0,0,0.0,0.0,0.0
102869,2017,LAN,NL,bellico01,132,127.0,132,128.0,0,0,93,0,0,0,39,4,5,46,1.0,4.0,0.0
102873,2017,HOU,AL,beltrca01,129,118.0,129,14.0,0,0,0,0,0,0,13,0,1,14,107.0,11.0,0.0
102874,2017,BOS,AL,beninan01,151,143.0,151,149.0,0,0,0,0,0,0,123,30,0,149,0.0,8.0,0.0
102880,2017,NYA,AL,betande01,66,0.0,6,66.0,66,0,0,0,0,0,0,0,0,0,0.0,0.0,0.0
102883,2017,BOS,AL,bettsmo01,153,153.0,153,153.0,0,0,0,0,0,0,0,0,153,153,0.0,0.0,0.0
102886,2017,NYA,AL,birdgr01,48,41.0,48,46.0,0,0,46,0,0,0,0,0,0,0,2.0,6.0,0.0
102898,2017,BOS,AL,bogaexa01,148,143.0,148,146.0,0,0,0,0,0,146,0,0,0,0,0.0,0.0,2.0
102911,2017,BOS,AL,boyerbl01,32,0.0,0,32.0,32,0,0,0,0,0,0,0,0,0,0.0,0.0,0.0
102916,2017,BOS,AL,bradlja02,133,131.0,133,132.0,0,0,0,0,0,0,0,132,0,132,0.0,2.0,0.0
102923,2017,HOU,AL,bregmal01,155,148.0,155,153.0,0,0,0,4,132,30,0,0,0,0,2.0,2.0,2.0
102941,2017,LAN,NL,buehlwa01,8,0.0,8,8.0,8,0,0,0,0,0,0,0,0,0,0.0,0.0,0.0
102976,2017,NYA,AL,cartech02,62,49.0,62,56.0,0,0,56,0,0,0,0,0,2,2,1.0,6.0,0.0
102980,2017,LAN,NL,castifa01,2,0.0,2,2.0,2,0,0,0,0,0,0,0,0,0,0.0,0.0,0.0
102986,2017,NYA,AL,castrst01,112,110.0,112,109.0,0,0,0,109,0,0,0,0,0,0,2.0,2.0,0.0
102991,2017,HOU,AL,centeju01,22,15.0,22,22.0,0,22,0,0,0,0,0,0,0,0,0.0,1.0,0.0
102995,2017,NYA,AL,cessalu01,10,5.0,0,10.0,10,0,0,0,0,0,0,0,0,0,0.0,0.0,0.0
102999,2017,NYA,AL,chapmar01,52,0.0,7,52.0,52,0,0,0,0,0,0,0,0,0,0.0,0.0,0.0
103006,2017,NYA,AL,choiji01,6,4.0,6,6.0,0,0,6,0,0,0,0,0,0,0,0.0,2.0,0.0
103009,2017,LAN,NL,cingrto01,22,0.0,21,22.0,22,0,0,0,0,0,0,0,0,0,0.0,0.0,0.0
103016,2017,HOU,AL,clippty01,16,0.0,1,16.0,16,0,0,0,0,0,0,0,0,0,0.0,0.0,0.0
103017,2017,NYA,AL,clippty01,40,0.0,5,40.0,40,0,0,0,0,0,0,0,0,0,0.0,0.0,0.0
103035,2017,NYA,AL,coopega03,13,13.0,13,13.0,0,0,13,0,0,0,0,0,0,0,0.0,0.0,0.0
103039,2017,HOU,AL,correca01,109,109.0,109,108.0,0,0,0,0,0,108,0,0,0,0,1.0,0.0,0.0
103055,2017,LAN,NL,culbech01,15,2.0,15,14.0,0,0,0,2,1,11,0,0,0,0,0.0,2.0,0.0
103062,2017,BOS,AL,darnach01,2,0.0,2,1.0,0,0,0,1,0,0,0,0,0,0,0.0,1.0,1.0
103065,2017,LAN,NL,darviyu01,9,9.0,9,9.0,9,0,0,0,0,0,0,0,0,0,0.0,0.0,0.0
103070,2017,HOU,AL,davisjd01,25,14.0,24,25.0,2,0,2,0,22,0,0,0,0,0,0.0,5.0,0.0
103072,2017,BOS,AL,davisra01,17,8.0,17,14.0,0,0,0,0,0,0,6,4,4,14,2.0,1.0,3.0
103077,2017,LAN,NL,daytogr01,29,0.0,26,29.0,29,0,0,0,0,0,0,0,0,0,0.0,0.0,0.0
103094,2017,HOU,AL,devench02,62,0.0,3,62.0,62,0,0,0,0,0,0,0,0,0,0.0,0.0,0.0
103095,2017,BOS,AL,deverra01,58,56.0,58,56.0,0,0,0,0,56,0,0,0,0,0,1.0,2.0,0.0
103097,2017,HOU,AL,diazda01,10,1.0,0,10.0,10,0,0,0,0,0,0,0,0,0,0.0,0.0,0.0
103106,2017,LAN,NL,dicksok01,7,1.0,7,5.0,0,0,0,0,0,0,5,0,0,5,0.0,5.0,0.0
103134,2017,LAN,NL,eibnebr01,17,7.0,17,11.0,0,0,0,0,0,0,6,5,3,11,0.0,5.0,1.0
103136,2017,BOS,AL,eliasro01,1,0.0,0,1.0,1,0,0,0,0,0,0,0,0,0,0.0,0.0,0.0
103139,2017,NYA,AL,ellsbja01,112,93.0,112,97.0,0,0,0,0,0,0,0,97,0,97,8.0,10.0,7.0
103155,2017,LAN,NL,ethiean01,22,8.0,22,8.0,0,0,0,0,0,0,8,0,0,8,0.0,14.0,0.0
103160,2017,LAN,NL,farmeky01,20,1.0,20,8.0,0,3,1,0,4,0,0,0,0,0,0.0,13.0,0.0
103169,2017,HOU,AL,felizmi01,46,0.0,3,46.0,46,0,0,0,0,0,0,0,0,0,0.0,0.0,0.0
103173,2017,LAN,NL,fieldjo03,57,0.0,55,57.0,57,0,0,0,0,0,0,0,0,0,0.0,0.0,0.0
103176,2017,HOU,AL,fiersmi01,30,28.0,2,29.0,29,0,0,0,0,0,0,0,0,0,0.0,0.0,1.0
103178,2017,HOU,AL,fishede01,53,39.0,53,48.0,0,0,0,0,0,0,38,3,12,48,3.0,5.0,5.0
103179,2017,BOS,AL,fistedo01,18,15.0,1,18.0,18,0,0,0,0,0,0,0,0,0,0.0,0.0,0.0
103191,2017,LAN,NL,fontwi01,3,0.0,3,3.0,3,0,0,0,0,0,0,0,0,0,0.0,0.0,0.0
103192,2017,LAN,NL,forsylo01,119,101.0,119,113.0,0,0,1,80,42,2,3,0,0,3,0.0,13.0,0.0
103194,2017,NYA,AL,fowledu01,1,1.0,1,1.0,0,0,0,0,0,0,0,0,1,1,0.0,0.0,0.0
103200,2017,NYA,AL,frazicl01,39,35.0,39,37.0,0,0,0,0,0,0,30,0,7,37,2.0,2.0,1.0
103202,2017,NYA,AL,frazito01,66,61.0,66,66.0,0,0,0,0,66,0,0,0,0,0,0.0,2.0,0.0
103206,2017,LAN,NL,freemmi01,4,0.0,4,1.0,0,0,0,0,1,0,0,0,0,0,0.0,3.0,0.0
103221,2017,NYA,AL,gallegi01,16,0.0,0,16.0,16,0,0,0,0,0,0,0,0,0,0.0,0.0,0.0
103232,2017,NYA,AL,garcija02,8,8.0,1,8.0,8,0,0,0,0,0,0,0,0,0,0.0,0.0,0.0
103239,2017,NYA,AL,gardnbr01,151,139.0,151,138.0,0,0,0,0,0,0,122,22,0,138,7.0,9.0,2.0
103247,2017,HOU,AL,gattiev01,84,76.0,84,50.0,0,49,1,0,0,0,0,0,0,0,29.0,7.0,0.0
103256,2017,NYA,AL,germado01,7,0.0,0,7.0,7,0,0,0,0,0,0,0,0,0,0.0,0.0,0.0
103259,2017,HOU,AL,gileske01,63,0.0,4,63.0,63,0,0,0,0,0,0,0,0,0,0.0,0.0,0.0
103279,2017,LAN,NL,gonzaad01,71,57.0,71,60.0,0,0,60,0,0,0,0,0,0,0,0.0,14.0,0.0
103283,2017,HOU,AL,gonzama01,134,120.0,134,133.0,0,0,31,22,19,38,47,0,2,48,0.0,8.0,2.0
103299,2017,HOU,AL,gourryu01,139,137.0,139,135.0,0,0,131,1,7,0,0,0,0,0,3.0,2.0,0.0
103301,2017,LAN,NL,grandcu01,36,31.0,36,33.0,0,0,0,0,0,0,26,6,8,33,0.0,3.0,1.0
103303,2017,LAN,NL,grandya01,129,113.0,129,117.0,0,117,0,0,0,0,0,0,0,0,0.0,15.0,0.0
103308,2017,NYA,AL,grayso01,11,11.0,0,11.0,11,0,0,0,0,0,0,0,0,0,0.0,0.0,0.0
103310,2017,NYA,AL,greench03,40,1.0,1,40.0,40,0,0,0,0,0,0,0,0,0,0.0,0.0,0.0
103313,2017,HOU,AL,gregelu01,65,0.0,5,65.0,65,0,0,0,0,0,0,0,0,0,0.0,0.0,0.0
103314,2017,NYA,AL,gregodi01,136,133.0,136,135.0,0,0,0,0,0,135,0,0,0,0,1.0,3.0,0.0
103323,2017,HOU,AL,guduare01,22,0.0,0,22.0,22,0,0,0,0,0,0,0,0,0,0.0,0.0,0.0
103328,2017,HOU,AL,gustaja01,6,0.0,0,6.0,6,0,0,0,0,0,0,0,0,0,0.0,0.0,0.0
103330,2017,LAN,NL,gutiefr01,35,14.0,35,17.0,0,0,0,0,0,0,17,0,0,17,0.0,21.0,0.0
103352,2017,HOU,AL,harriwi02,46,0.0,2,46.0,46,0,0,0,0,0,0,0,0,0,0.0,0.0,0.0
103355,2017,LAN,NL,hatchch02,26,0.0,24,26.0,26,0,0,0,0,0,0,0,0,0,0.0,0.0,0.0
103360,2017,NYA,AL,headlch01,147,136.0,147,128.0,0,0,45,1,86,0,0,0,0,0,14.0,11.0,0.0
103367,2017,NYA,AL,hellebe01,9,0.0,0,9.0,9,0,0,0,0,0,0,0,0,0,0.0,0.0,0.0
103370,2017,BOS,AL,hembrhe01,62,0.0,4,62.0,62,0,0,0,0,0,0,0,0,0,0.0,0.0,0.0
103378,2017,LAN,NL,hernaen02,140,71.0,140,111.0,0,0,3,9,14,24,28,34,18,73,1.0,52.0,1.0
103381,2017,BOS,AL,hernama02,21,18.0,21,20.0,0,0,0,6,9,5,0,0,0,0,0.0,0.0,2.0
103382,2017,HOU,AL,hernate01,1,0.0,1,1.0,0,0,0,0,0,0,0,0,1,1,0.0,0.0,0.0
103386,2017,NYA,AL,herrero01,2,0.0,0,2.0,2,0,0,0,0,0,0,0,0,0,0.0,0.0,0.0
103391,2017,NYA,AL,hicksaa01,88,76.0,88,84.0,0,0,0,0,0,0,22,52,14,84,0.0,11.0,0.0
103393,2017,NYA,AL,higasky01,9,5.0,9,8.0,0,8,0,0,0,0,0,0,0,0,1.0,1.0,0.0
103396,2017,LAN,NL,hillri01,25,25.0,23,25.0,25,0,0,0,0,0,0,0,0,0,0.0,0.0,0.0
103399,2017,NYA,AL,holdejo02,37,0.0,4,37.0,37,0,0,0,0,0,0,0,0,0,0.0,0.0,0.0
103402,2017,NYA,AL,hollima01,105,96.0,105,8.0,0,0,8,0,0,0,0,0,0,0,90.0,8.0,0.0
103404,2017,BOS,AL,holtbr01,64,37.0,64,53.0,0,0,2,31,9,0,10,0,2,11,3.0,10.0,9.0
103411,2017,HOU,AL,hoytja01,43,0.0,3,43.0,43,0,0,0,0,0,0,0,0,0,0.0,0.0,0.0
103432,2017,HOU,AL,jankojo01,3,0.0,0,3.0,3,0,0,0,0,0,0,0,0,0,0.0,0.0,0.0
103434,2017,LAN,NL,janseke01,65,0.0,59,65.0,65,0,0,0,0,0,0,0,0,0,0.0,0.0,0.0
103445,2017,BOS,AL,johnsbr02,5,5.0,1,5.0,5,0,0,0,0,0,0,0,0,0,0.0,0.0,0.0
103457,2017,NYA,AL,judgeaa01,155,151.0,155,141.0,0,0,0,0,0,0,0,0,141,141,11.0,3.0,1.0
103461,2017,NYA,AL,kahnlto01,32,0.0,2,32.0,32,0,0,0,0,0,0,0,0,0,0.0,0.0,0.0
103466,2017,BOS,AL,kellyjo05,54,0.0,5,54.0,54,0,0,0,0,0,0,0,0,0,0.0,0.0,0.0
103470,2017,HOU,AL,kempto01,17,10.0,17,14.0,0,0,0,0,0,0,10,4,0,14,1.0,1.0,4.0
103473,2017,BOS,AL,kendrky01,2,2.0,1,2.0,2,0,0,0,0,0,0,0,0,0,0.0,0.0,0.0
103476,2017,LAN,NL,kershcl01,27,27.0,24,27.0,27,0,0,0,0,0,0,0,0,0,0.0,0.0,0.0
103477,2017,HOU,AL,keuchda01,23,23.0,1,23.0,23,0,0,0,0,0,0,0,0,0,0.0,0.0,0.0
103479,2017,BOS,AL,kimbrcr01,67,0.0,6,67.0,67,0,0,0,0,0,0,0,0,0,0.0,0.0,0.0
103497,2017,NYA,AL,kozmape01,11,3.0,11,10.0,0,0,0,1,0,9,0,0,0,0,0.0,1.0,2.0
103499,2017,NYA,AL,kratzer01,4,0.0,4,2.0,0,2,0,0,0,0,0,0,0,0,2.0,2.0,0.0
103514,2017,NYA,AL,layneto01,19,0.0,3,19.0,19,0,0,0,0,0,0,0,0,0,0.0,0.0,0.0
103526,2017,BOS,AL,leonsa01,85,77.0,85,84.0,0,84,0,0,0,0,0,0,0,0,0.0,2.0,0.0
103529,2017,LAN,NL,liberad01,4,0.0,4,4.0,4,0,0,0,0,0,0,0,0,0,0.0,0.0,0.0
103533,2017,BOS,AL,lintz01,25,15.0,25,23.0,0,0,0,10,9,6,0,0,0,0,1.0,4.0,1.0
103534,2017,HOU,AL,liriafr01,20,0.0,1,20.0,20,0,0,0,0,0,0,0,0,0,0.0,0.0,0.0
103540,2017,LAN,NL,locasti01,3,0.0,3,2.0,0,0,0,0,0,0,2,0,0,2,0.0,1.0,2.0
103564,2017,BOS,AL,maddoau01,13,0.0,0,13.0,13,0,0,0,0,0,0,0,0,0,0.0,0.0,0.0
103567,2017,LAN,NL,maedake01,30,25.0,28,29.0,29,0,0,0,0,0,0,0,0,0,0.0,1.0,0.0
103581,2017,HOU,AL,marisja01,106,65.0,106,102.0,0,0,0,0,0,0,6,93,3,102,1.0,6.0,9.0
103587,2017,BOS,AL,marrede01,71,48.0,71,68.0,0,0,1,11,53,6,0,0,0,0,0.0,1.0,10.0
103589,2017,HOU,AL,martefr01,32,4.0,2,32.0,32,0,0,0,0,0,0,0,0,0,0.0,0.0,0.0
103598,2017,BOS,AL,martiky01,2,0.0,0,2.0,2,0,0,0,0,0,0,0,0,0,0.0,0.0,0.0
103613,2017,HOU,AL,maybica01,21,14.0,21,20.0,0,0,0,0,0,0,5,15,3,20,1.0,1.0,2.0
103621,2017,HOU,AL,mccanbr01,97,96.0,97,95.0,0,95,0,0,0,0,0,0,0,0,2.0,1.0,0.0
103623,2017,LAN,NL,mccarbr01,19,16.0,18,19.0,19,0,0,0,0,0,0,0,0,0,0.0,0.0,0.0
103625,2017,HOU,AL,mcculla02,22,22.0,1,22.0,22,0,0,0,0,0,0,0,0,0,0.0,0.0,0.0
103633,2017,HOU,AL,mchugco01,12,12.0,1,12.0,12,0,0,0,0,0,0,0,0,0,0.0,0.0,0.0
103662,2017,NYA,AL,mitchbr01,20,1.0,4,20.0,20,0,1,0,0,0,0,0,0,0,0.0,0.0,0.0
103672,2017,NYA,AL,montgjo01,29,29.0,2,29.0,29,0,0,0,0,0,0,0,0,0,0.0,0.0,0.0
103678,2017,HOU,AL,moranco01,7,2.0,7,7.0,0,0,4,0,3,1,0,0,0,0,0.0,2.0,0.0
103679,2017,BOS,AL,morelmi01,149,128.0,149,138.0,1,0,138,0,0,0,0,0,0,0,9.0,14.0,0.0
103689,2017,LAN,NL,morrobr01,45,0.0,43,45.0,45,0,0,0,0,0,0,0,0,0,0.0,0.0,0.0
103691,2017,HOU,AL,mortoch02,25,25.0,1,25.0,25,0,0,0,0,0,0,0,0,0,0.0,0.0,0.0
103702,2017,HOU,AL,musgrjo01,38,15.0,4,38.0,38,0,0,0,0,0,0,0,0,0,0.0,0.0,0.0
103732,2017,BOS,AL,nunezed02,38,38.0,38,34.0,0,0,0,26,4,5,0,0,0,0,4.0,0.0,0.0
103761,2017,LAN,NL,pareded02,10,0.0,10,10.0,10,0,0,0,0,0,0,0,0,0,0.0,0.0,0.0
103766,2017,HOU,AL,paulida01,6,6.0,0,6.0,6,0,0,0,0,0,0,0,0,0,0.0,0.0,0.0
103769,2017,HOU,AL,peacobr01,34,21.0,4,34.0,34,0,0,0,0,0,0,0,0,0,0.0,0.0,0.0
103771,2017,LAN,NL,pederjo01,102,74.0,102,96.0,0,0,0,0,0,0,4,92,0,96,0.0,16.0,1.0
103772,2017,BOS,AL,pedrodu01,105,103.0,105,98.0,0,0,0,98,0,0,0,0,0,0,7.0,2.0,0.0
103808,2017,NYA,AL,pinedmi01,17,17.0,2,17.0,17,0,0,0,0,0,0,0,0,0,0.0,0.0,0.0
103819,2017,BOS,AL,pomerdr01,32,32.0,1,32.0,32,0,0,0,0,0,0,0,0,0,0.0,0.0,0.0
103820,2017,BOS,AL,porceri01,33,33.0,2,33.0,33,0,0,0,0,0,0,0,0,0,0.0,0.0,0.0
103829,2017,BOS,AL,priceda01,16,11.0,1,16.0,16,0,0,0,0,0,0,0,0,0,0.0,0.0,0.0
103834,2017,LAN,NL,puigya01,152,135.0,152,145.0,0,0,0,0,0,0,0,0,145,145,0.0,12.0,0.0
103845,2017,BOS,AL,ramirha01,133,125.0,133,18.0,0,0,18,0,0,0,0,0,0,0,108.0,7.0,0.0
103851,2017,BOS,AL,ramirno01,2,0.0,0,2.0,2,0,0,0,0,0,0,0,0,0,0.0,0.0,0.0
103858,2017,LAN,NL,ravinjo01,14,0.0,14,14.0,14,0,0,0,0,0,0,0,0,0,0.0,0.0,0.0
103863,2017,HOU,AL,reddijo01,134,121.0,134,130.0,0,0,1,0,0,0,48,11,102,129,3.0,6.0,2.0
103864,2017,BOS,AL,reedad01,29,0.0,2,29.0,29,0,0,0,0,0,0,0,0,0,0.0,0.0,0.0
103866,2017,HOU,AL,reedaj01,2,1.0,2,1.0,0,0,1,0,0,0,0,0,0,0,1.0,0.0,0.0
103868,2017,NYA,AL,refsnro01,20,7.0,20,17.0,0,0,4,2,0,0,8,0,3,11,1.0,6.0,1.0
103892,2017,NYA,AL,roberda08,30,0.0,2,30.0,30,0,0,0,0,0,0,0,0,0,0.0,0.0,0.0
103901,2017,BOS,AL,rodried05,25,24.0,3,25.0,25,0,0,0,0,0,0,0,0,0,0.0,0.0,0.0
103915,2017,NYA,AL,rominau01,80,62.0,80,77.0,0,67,12,0,0,0,0,0,0,0,1.0,9.0,0.0
103916,2017,LAN,NL,romose01,30,0.0,30,30.0,30,0,0,0,0,0,0,0,0,0,0.0,0.0,0.0
103930,2017,BOS,AL,rossro01,8,0.0,1,8.0,8,0,0,0,0,0,0,0,0,0,0.0,0.0,0.0
103943,2017,BOS,AL,rutlejo01,37,26.0,37,37.0,0,0,5,16,20,0,0,0,0,0,0.0,3.0,0.0
103945,2017,LAN,NL,ryuhy01,25,24.0,23,25.0,25,0,0,0,0,0,0,0,0,0,0.0,0.0,0.0
103947,2017,NYA,AL,sabatcc01,27,27.0,2,27.0,27,0,0,0,0,0,0,0,0,0,0.0,0.0,0.0
103952,2017,BOS,AL,salech01,32,32.0,1,32.0,32,0,0,0,0,0,0,0,0,0,0.0,0.0,0.0
103960,2017,NYA,AL,sanchga02,122,117.0,122,104.0,0,104,2,0,0,0,0,0,0,0,18.0,3.0,0.0
103963,2017,BOS,AL,sandopa01,32,27.0,32,29.0,0,0,0,1,29,0,0,0,0,0,2.0,3.0,0.0
103987,2017,BOS,AL,scottro02,57,0.0,6,57.0,57,0,0,0,0,0,0,0,0,0,0.0,0.0,0.0
103991,2017,LAN,NL,seageco01,145,135.0,145,138.0,0,0,0,0,0,138,0,0,0,0,1.0,9.0,0.0
103993,2017,LAN,NL,segedro01,13,4.0,13,11.0,0,0,6,0,5,0,1,0,0,1,0.0,3.0,0.0
103995,2017,BOS,AL,selskst01,8,1.0,8,3.0,0,0,0,0,2,0,0,1,0,1,2.0,3.0,2.0
103998,2017,NYA,AL,severlu01,31,31.0,2,31.0,31,0,0,0,0,0,0,0,0,0,0.0,0.0,0.0
104009,2017,NYA,AL,shrevch01,44,0.0,3,44.0,44,0,0,0,0,0,0,0,0,0,0.0,0.0,0.0
104016,2017,HOU,AL,sippto01,46,0.0,5,46.0,46,0,0,0,0,0,0,0,0,0,0.0,0.0,0.0
104023,2017,BOS,AL,smithca02,8,0.0,1,8.0,8,0,0,0,0,0,0,0,0,0,0.0,0.0,0.0
104024,2017,NYA,AL,smithca03,9,2.0,1,9.0,9,0,0,0,0,0,0,0,0,0,0.0,0.0,0.0
104051,2017,HOU,AL,springe01,140,137.0,140,131.0,0,0,0,0,0,0,0,84,78,131,7.0,2.0,0.0
104057,2017,HOU,AL,stassma01,14,6.0,14,12.0,0,11,1,0,0,0,0,0,0,0,2.0,3.0,0.0
104062,2017,LAN,NL,stewabr01,17,4.0,16,17.0,17,0,0,0,0,0,0,0,0,0,0.0,0.0,0.0
104072,2017,LAN,NL,stripro01,51,2.0,48,49.0,49,0,0,0,0,0,0,0,0,0,0.0,0.0,2.0
104087,2017,BOS,AL,swihabl01,6,0.0,6,4.0,0,4,0,0,0,0,0,0,0,0,2.0,1.0,4.0
104093,2017,NYA,AL,tanakma01,30,30.0,1,30.0,30,0,0,0,0,0,0,0,0,0,0.0,0.0,0.0
104096,2017,BOS,AL,taylobe03,14,0.0,2,14.0,14,0,0,0,0,0,0,0,0,0,0.0,0.0,0.0
104097,2017,LAN,NL,tayloch03,140,125.0,140,131.0,0,0,0,22,8,14,48,49,0,96,0.0,13.0,0.0
104109,2017,LAN,NL,thomptr01,27,12.0,27,19.0,0,0,0,0,0,0,7,9,8,19,0.0,7.0,2.0
104111,2017,LAN,NL,tolesan01,31,19.0,31,28.0,0,0,0,0,0,0,21,10,0,28,0.0,10.0,0.0
104112,2017,HOU,AL,tollias01,3,0.0,1,3.0,3,0,0,0,0,0,0,0,0,0,0.0,0.0,0.0
104121,2017,NYA,AL,torrero01,108,85.0,108,105.0,0,0,0,54,26,36,0,0,1,1,1.0,7.0,5.0
104123,2017,BOS,AL,travisa01,33,19.0,33,21.0,0,0,21,0,0,0,0,0,0,0,6.0,10.0,1.0
104134,2017,LAN,NL,turneju01,130,124.0,130,121.0,0,0,0,0,121,0,0,0,0,0,5.0,6.0,0.0
104142,2017,LAN,NL,uriasju01,5,5.0,5,5.0,5,0,0,0,0,0,0,0,0,0,0.0,0.0,0.0
104144,2017,LAN,NL,utleych01,127,81.0,127,94.0,0,0,17,80,0,0,0,0,0,0,3.0,44.0,0.0
104153,2017,LAN,NL,vanslsc01,29,7.0,29,19.0,0,0,9,0,0,0,11,1,1,12,0.0,18.0,0.0
104157,2017,BOS,AL,vazquch01,99,87.0,99,96.0,0,95,0,0,2,0,0,0,0,0,2.0,1.0,1.0
104159,2017,BOS,AL,velazhe01,8,3.0,1,8.0,8,0,0,0,0,0,0,0,0,0,0.0,0.0,0.0
104160,2017,LAN,NL,verdual01,15,4.0,15,10.0,0,0,0,0,0,0,3,6,3,10,0.0,7.0,0.0
104163,2017,HOU,AL,verlaju01,5,5.0,0,5.0,5,0,0,0,0,0,0,0,0,0,0.0,0.0,0.0
104179,2017,NYA,AL,wadety01,30,14.0,30,27.0,0,0,0,15,0,7,5,0,2,7,1.0,4.0,3.0
104188,2017,NYA,AL,warread01,46,0.0,4,46.0,46,0,0,0,0,0,0,0,0,0,0.0,0.0,0.0
104190,2017,LAN,NL,watsoto01,24,0.0,24,24.0,24,0,0,0,0,0,0,0,0,0,0.0,0.0,0.0
104195,2017,NYA,AL,webbty01,7,0.0,0,7.0,7,0,0,0,0,0,0,0,0,0,0.0,0.0,0.0
104203,2017,HOU,AL,whitety01,22,13.0,22,21.0,1,0,19,4,0,0,2,0,0,2,0.0,4.0,0.0
104210,2017,NYA,AL,willima07,5,5.0,5,5.0,0,0,0,0,0,0,0,5,1,5,0.0,0.0,0.0
104227,2017,LAN,NL,woodal02,27,25.0,27,27.0,27,0,0,0,0,0,0,0,0,0,0.0,0.0,0.0
104234,2017,BOS,AL,workmbr01,33,0.0,1,33.0,33,0,0,0,0,0,0,0,0,0,0.0,0.0,0.0
104238,2017,BOS,AL,wrighst01,5,5.0,0,5.0,5,0,0,0,0,0,0,0,0,0,0.0,0.0,0.0
104246,2017,BOS,AL,youngch04,90,65.0,90,46.0,0,0,0,0,0,0,39,0,8,46,26.0,19.0,3.0
104262,2018,NYA,AL,adamsch01,3,1.0,1,3.0,3,0,0,0,0,0,0,0,0,0,0.0,0.0,0.0
104275,2018,LAN,NL,alexasc01,73,1.0,67,73.0,73,0,0,0,0,0,0,0,0,0,0.0,0.0,0.0
104288,2018,HOU,AL,altuvjo01,137,136.0,137,130.0,0,0,0,130,0,0,0,0,0,0,6.0,1.0,0.0
104305,2018,NYA,AL,andujmi01,149,145.0,149,136.0,0,0,0,0,136,0,0,0,0,0,14.0,4.0,0.0
104321,2018,NYA,AL,austity01,34,33.0,34,27.0,0,0,27,0,0,0,0,0,0,0,7.0,0.0,0.0
104326,2018,LAN,NL,axforjo01,5,0.0,5,5.0,5,0,0,0,0,0,0,0,0,0,0.0,0.0,0.0
104330,2018,LAN,NL,baezpe01,55,0.0,53,55.0,55,0,0,0,0,0,0,0,0,0,0.0,0.0,0.0
104338,2018,LAN,NL,barneau01,100,59.0,100,79.0,0,61,0,19,0,0,0,0,0,0,0.0,31.0,1.0
104342,2018,BOS,AL,barnema01,62,0.0,4,62.0,62,0,0,0,0,0,0,0,0,0,0.0,0.0,0.0
104368,2018,BOS,AL,beeksja01,2,1.0,0,2.0,2,0,0,0,0,0,0,0,0,0,0.0,0.0,0.0
104374,2018,LAN,NL,bellico01,162,135.0,162,161.0,0,0,110,0,0,0,1,78,5,81,0.0,15.0,0.0
104378,2018,BOS,AL,beninan01,148,142.0,148,144.0,0,0,0,0,0,0,129,24,0,144,0.0,5.0,0.0
104382,2018,NYA,AL,betande01,66,0.0,5,66.0,66,0,0,0,0,0,0,0,0,0,0.0,0.0,0.0
104384,2018,BOS,AL,bettsmo01,136,131.0,136,131.0,0,0,0,1,0,0,0,14,120,131,3.0,4.0,0.0
104389,2018,NYA,AL,birdgr01,82,72.0,82,74.0,0,0,74,0,0,0,0,0,0,0,4.0,7.0,0.0
104400,2018,BOS,AL,bogaexa01,136,134.0,136,136.0,0,0,0,0,0,136,0,0,0,0,0.0,1.0,0.0
104418,2018,BOS,AL,bradlja02,144,137.0,144,143.0,0,0,0,0,0,0,0,135,15,143,1.0,0.0,2.0
104420,2018,BOS,AL,brasiry01,34,0.0,3,34.0,34,0,0,0,0,0,0,0,0,0,0.0,0.0,0.0
104424,2018,HOU,AL,bregmal01,157,157.0,157,157.0,0,0,0,2,136,28,1,0,0,1,0.0,0.0,0.0
104433,2018,NYA,AL,brittza01,25,0.0,1,25.0,25,0,0,0,0,0,0,0,0,0,0.0,0.0,0.0
104441,2018,LAN,NL,buehlwa01,24,23.0,22,24.0,24,0,0,0,0,0,0,0,0,0,0.0,0.0,0.0
104452,2018,BOS,AL,butleda01,2,2.0,2,2.0,0,2,0,0,0,0,0,0,0,0,0.0,0.0,0.0
104494,2018,NYA,AL,cessalu01,16,5.0,1,16.0,16,0,0,0,0,0,0,0,0,0,0.0,0.0,0.0
104497,2018,NYA,AL,chapmar01,55,0.0,7,55.0,55,0,0,0,0,0,0,0,0,0,0.0,0.0,0.0
104499,2018,LAN,NL,chargjt01,39,0.0,35,39.0,39,0,0,0,0,0,0,0,0,0,0.0,0.0,0.0
104512,2018,LAN,NL,cingrto01,30,0.0,30,30.0,30,0,0,0,0,0,0,0,0,0,0.0,0.0,0.0
104520,2018,NYA,AL,coleaj01,28,0.0,2,28.0,28,0,0,0,0,0,0,0,0,0,0.0,0.0,0.0
104522,2018,HOU,AL,colege01,32,32.0,3,32.0,32,0,0,0,0,0,0,0,0,0,0.0,0.0,0.0
104537,2018,LAN,NL,corcida01,2,0.0,2,2.0,2,0,0,0,0,0,0,0,0,0,0.0,0.0,0.0
104541,2018,HOU,AL,correca01,110,110.0,110,109.0,0,0,0,0,0,109,0,0,0,0,1.0,0.0,0.0
104558,2018,BOS,AL,cuevawi01,9,1.0,2,9.0,9,0,0,0,0,0,0,0,0,0,0.0,0.0,0.0
104574,2018,HOU,AL,davisjd01,42,25.0,42,40.0,1,0,13,0,23,0,5,0,0,5,0.0,3.0,3.0
104581,2018,HOU,AL,deetzde01,4,0.0,0,4.0,4,0,0,0,0,0,0,0,0,0,0.0,0.0,0.0
104598,2018,HOU,AL,devench02,50,1.0,1,50.0,50,0,0,0,0,0,0,0,0,0,0.0,0.0,0.0
104599,2018,BOS,AL,deverra01,121,115.0,121,116.0,0,0,0,0,116,0,0,0,0,0,2.0,3.0,2.0
104615,2018,LAN,NL,doziebr01,47,40.0,47,45.0,0,0,0,45,0,0,0,0,0,0,0.0,2.0,0.0
104623,2018,NYA,AL,drurybr01,18,14.0,18,16.0,0,0,2,5,9,0,0,0,0,0,1.0,3.0,0.0
104649,2018,BOS,AL,eovalna01,12,11.0,2,12.0,12,0,0,0,0,0,0,0,0,0,0.0,0.0,0.0
104662,2018,LAN,NL,farmeky01,39,14.0,39,24.0,0,1,1,0,22,0,0,0,0,0,0.0,21.0,0.0
104667,2018,HOU,AL,federti01,10,8.0,10,10.0,0,10,0,0,0,0,0,0,0,0,0.0,0.0,0.0
104669,2018,LAN,NL,ferguca01,30,3.0,28,29.0,29,0,0,0,0,0,0,0,0,0,0.0,0.0,1.0
104673,2018,LAN,NL,fieldjo03,45,0.0,45,45.0,45,0,0,0,0,0,0,0,0,0,0.0,0.0,0.0
104680,2018,HOU,AL,fishede01,42,24.0,42,37.0,0,0,0,0,0,0,26,9,3,37,2.0,4.0,5.0
104689,2018,LAN,NL,florody01,29,0.0,24,29.0,29,0,0,0,0,0,0,0,0,0,0.0,0.0,0.0
104694,2018,LAN,NL,fontwi01,6,0.0,6,6.0,6,0,0,0,0,0,0,0,0,0,0.0,0.0,0.0
104697,2018,LAN,NL,forsylo01,70,49.0,70,61.0,0,0,1,51,12,0,0,0,0,0,0.0,11.0,1.0
104705,2018,NYA,AL,frazicl01,15,9.0,15,10.0,0,0,0,0,0,0,9,1,0,10,1.0,3.0,1.0
104711,2018,LAN,NL,freesda01,19,12.0,19,15.0,0,0,14,0,3,0,0,0,0,0,0.0,5.0,0.0
104720,2018,LAN,NL,galero01,3,0.0,3,2.0,0,2,0,0,0,0,0,0,0,0,0.0,1.0,0.0
104724,2018,NYA,AL,gallegi01,4,0.0,1,4.0,4,0,0,0,0,0,0,0,0,0,0.0,0.0,0.0
104741,2018,LAN,NL,garciyi01,25,0.0,25,25.0,25,0,0,0,0,0,0,0,0,0,0.0,0.0,0.0
104743,2018,NYA,AL,gardnbr01,140,130.0,140,136.0,0,0,0,0,0,0,107,34,0,136,0.0,8.0,0.0
104747,2018,HOU,AL,gattiev01,128,106.0,128,2.0,0,2,0,0,0,0,0,0,0,0,110.0,21.0,0.0
104757,2018,NYA,AL,germado01,21,14.0,2,21.0,21,0,0,0,0,0,0,0,0,0,0.0,0.0,0.0
104759,2018,HOU,AL,gileske01,34,0.0,1,34.0,34,0,0,0,0,0,0,0,0,0,0.0,0.0,0.0
104770,2018,LAN,NL,goedder01,26,0.0,25,26.0,26,0,0,0,0,0,0,0,0,0,0.0,0.0,0.0
104788,2018,HOU,AL,gonzama01,145,136.0,145,140.0,0,0,24,32,3,39,73,2,1,73,1.0,7.0,1.0
104802,2018,HOU,AL,gourryu01,136,132.0,136,129.0,0,0,109,15,21,2,0,0,0,0,8.0,4.0,0.0
104806,2018,LAN,NL,grandya01,140,111.0,140,137.0,0,135,2,0,0,0,0,0,0,0,0.0,21.0,0.0
104812,2018,NYA,AL,grayso01,30,23.0,1,30.0,30,0,0,0,0,0,0,0,0,0,0.0,0.0,0.0
104813,2018,NYA,AL,greench03,63,0.0,3,63.0,63,0,0,0,0,0,0,0,0,0,0.0,0.0,0.0
104816,2018,NYA,AL,gregodi01,134,130.0,134,132.0,0,0,0,0,0,132,0,0,0,0,0.0,3.0,0.0
104824,2018,HOU,AL,guduare01,3,0.0,0,3.0,3,0,0,0,0,0,0,0,0,0,0.0,0.0,0.0
104841,2018,NYA,AL,haleda02,3,0.0,0,3.0,3,0,0,0,0,0,0,0,0,0,0.0,0.0,0.0
104842,2018,BOS,AL,haleyju01,4,0.0,0,4.0,4,0,0,0,0,0,0,0,0,0,0.0,0.0,0.0
104857,2018,NYA,AL,happja01,11,11.0,0,11.0,11,0,0,0,0,0,0,0,0,0,0.0,0.0,0.0
104862,2018,HOU,AL,harriwi02,61,0.0,2,61.0,61,0,0,0,0,0,0,0,0,0,0.0,0.0,0.0
104871,2018,NYA,AL,hechaad01,18,11.0,18,18.0,0,0,0,0,4,16,0,0,0,0,0.0,0.0,0.0
104876,2018,BOS,AL,hembrhe01,67,0.0,6,67.0,67,0,0,0,0,0,0,0,0,0,0.0,0.0,0.0
104884,2018,LAN,NL,hernaen02,145,104.0,145,135.0,1,0,8,41,9,22,18,63,19,87,0.0,28.0,0.0
104897,2018,NYA,AL,hicksaa01,137,131.0,137,131.0,0,0,0,0,0,0,0,131,0,131,3.0,6.0,0.0
104900,2018,NYA,AL,higasky01,29,20.0,29,27.0,0,27,0,0,0,0,0,0,0,0,2.0,2.0,1.0
104902,2018,LAN,NL,hillri01,25,24.0,23,25.0,25,0,0,0,0,0,0,0,0,0,0.0,0.0,0.0
104907,2018,NYA,AL,holdejo02,60,1.0,6,60.0,60,0,0,0,0,0,0,0,0,0,0.0,0.0,0.0
104913,2018,BOS,AL,holtbr01,109,84.0,109,98.0,0,0,7,56,5,23,6,0,11,16,2.0,15.0,1.0
104919,2018,HOU,AL,hoytja01,1,0.0,0,1.0,1,0,0,0,0,0,0,0,0,0,0.0,0.0,0.0
104921,2018,LAN,NL,hudsoda01,40,1.0,37,40.0,40,0,0,0,0,0,0,0,0,0,0.0,0.0,0.0
104940,2018,HOU,AL,jamesjo02,6,3.0,0,6.0,6,0,0,0,0,0,0,0,0,0,0.0,0.0,0.0
104943,2018,LAN,NL,janseke01,69,0.0,65,69.0,69,0,0,0,0,0,0,0,0,0,0.0,0.0,0.0
104952,2018,BOS,AL,johnsbr02,38,13.0,2,38.0,38,0,0,0,0,0,0,0,0,0,0.0,0.0,0.0
104964,2018,NYA,AL,judgeaa01,112,108.0,112,91.0,0,0,0,0,0,0,0,1,90,91,19.0,3.0,0.0
104968,2018,NYA,AL,kahnlto01,24,0.0,2,24.0,24,0,0,0,0,0,0,0,0,0,0.0,0.0,0.0
104977,2018,BOS,AL,kellyjo05,73,0.0,6,73.0,73,0,0,0,0,0,0,0,0,0,0.0,0.0,0.0
104979,2018,LAN,NL,kempma01,146,119.0,146,120.0,0,0,0,0,0,0,75,0,51,120,5.0,27.0,0.0
104980,2018,HOU,AL,kempto01,97,76.0,97,89.0,0,0,0,7,0,0,61,32,2,85,2.0,11.0,1.0
104985,2018,LAN,NL,kershcl01,27,26.0,25,26.0,26,0,0,0,0,0,0,0,0,0,0.0,1.0,0.0
104986,2018,HOU,AL,keuchda01,34,34.0,1,34.0,34,0,0,0,0,0,0,0,0,0,0.0,0.0,0.0
104990,2018,BOS,AL,kimbrcr01,63,0.0,7,63.0,63,0,0,0,0,0,0,0,0,0,0.0,0.0,0.0
104996,2018,BOS,AL,kinslia01,37,35.0,37,37.0,0,0,0,37,0,0,0,0,0,0,0.0,2.0,0.0
105009,2018,NYA,AL,kontoge01,1,0.0,0,1.0,1,0,0,0,0,0,0,0,0,0,0.0,0.0,0.0
105037,2018,BOS,AL,leonsa01,89,78.0,89,87.0,0,87,0,0,0,0,0,0,0,0,0.0,2.0,0.0
105040,2018,LAN,NL,liberad01,17,0.0,17,17.0,17,0,0,0,0,0,0,0,0,0,0.0,0.0,0.0
105042,2018,BOS,AL,lintz01,37,13.0,37,32.0,0,0,0,4,1,23,0,6,0,6,1.0,3.0,6.0
105047,2018,NYA,AL,loaisjo01,9,4.0,1,9.0,9,0,0,0,0,0,0,0,0,0,0.0,0.0,0.0
105049,2018,LAN,NL,locasti01,18,3.0,18,5.0,0,0,0,0,0,0,1,4,0,5,0.0,5.0,9.0
105073,2018,NYA,AL,lynnla01,11,9.0,1,11.0,11,0,0,0,0,0,0,0,0,0,0.0,0.0,0.0
105077,2018,LAN,NL,machama01,66,65.0,66,66.0,0,0,0,0,16,51,0,0,0,0,0.0,0.0,0.0
105078,2018,LAN,NL,madsory01,9,0.0,9,9.0,9,0,0,0,0,0,0,0,0,0,0.0,0.0,0.0
105080,2018,LAN,NL,maedake01,41,20.0,39,39.0,39,0,0,0,0,0,0,0,0,0,0.0,2.0,0.0
105086,2018,HOU,AL,maldoma01,41,34.0,41,40.0,0,40,0,0,0,0,0,0,0,0,0.0,1.0,0.0
105094,2018,HOU,AL,marisja01,103,57.0,103,98.0,0,0,0,0,0,0,1,96,1,98,2.0,5.0,11.0
105105,2018,BOS,AL,martijd02,150,150.0,150,57.0,0,0,0,0,0,0,32,0,25,57,93.0,0.0,0.0
105127,2018,HOU,AL,mccanbr01,63,56.0,63,62.0,0,62,0,0,0,0,0,0,0,0,1.0,3.0,1.0
105132,2018,HOU,AL,mcculla02,25,22.0,1,25.0,25,0,0,0,0,0,0,0,0,0,0.0,0.0,0.0
105133,2018,NYA,AL,mccutan01,25,25.0,25,24.0,0,0,0,0,0,0,12,0,15,24,1.0,0.0,0.0
105142,2018,HOU,AL,mchugco01,58,0.0,5,58.0,58,0,0,0,0,0,0,0,0,0,0.0,0.0,0.0
105143,2018,NYA,AL,mckinbi01,2,2.0,2,2.0,0,0,0,0,0,0,2,0,0,2,0.0,0.0,0.0
105187,2018,NYA,AL,montgjo01,6,6.0,0,6.0,6,0,0,0,0,0,0,0,0,0,0.0,0.0,0.0
105194,2018,BOS,AL,morelmi01,124,104.0,124,116.0,0,0,116,0,0,0,0,0,0,0,1.0,11.0,1.0
105202,2018,HOU,AL,mortoch02,30,30.0,3,30.0,30,0,0,0,0,0,0,0,0,0,0.0,0.0,0.0
105210,2018,LAN,NL,muncyma01,137,102.0,137,121.0,0,0,84,13,38,0,6,0,0,6,1.0,30.0,0.0
105222,2018,LAN,NL,nealza01,1,0.0,1,1.0,1,0,0,0,0,0,0,0,0,0,0.0,0.0,0.0
105242,2018,BOS,AL,nunezed02,127,121.0,127,116.0,0,0,0,74,45,0,0,0,0,0,10.0,6.0,0.0
105268,2018,HOU,AL,osunaro01,23,0.0,1,23.0,23,0,0,0,0,0,0,0,0,0,0.0,0.0,0.0
105280,2018,LAN,NL,pareded02,15,0.0,13,15.0,15,0,0,0,0,0,0,0,0,0,0.0,0.0,0.0
105287,2018,HOU,AL,peacobr01,61,1.0,3,61.0,61,0,0,0,0,0,0,0,0,0,0.0,0.0,0.0
105288,2018,BOS,AL,pearcst01,50,36.0,50,34.0,0,0,31,0,0,0,2,0,2,4,11.0,10.0,0.0
105290,2018,LAN,NL,pederjo01,148,88.0,148,132.0,0,0,0,0,0,0,116,32,2,132,0.0,36.0,0.0
105291,2018,BOS,AL,pedrodu01,3,3.0,3,3.0,0,0,0,3,0,0,0,0,0,0,0.0,0.0,0.0
105305,2018,HOU,AL,perezci01,8,0.0,1,8.0,8,0,0,0,0,0,0,0,0,0,0.0,0.0,0.0
105315,2018,NYA,AL,peterja01,3,2.0,3,3.0,0,0,0,0,0,0,2,0,1,3,0.0,0.0,0.0
105323,2018,BOS,AL,phillbr01,9,5.0,9,8.0,0,0,0,5,4,0,0,0,0,0,2.0,3.0,0.0
105340,2018,BOS,AL,pomerdr01,26,11.0,3,26.0,26,0,0,0,0,0,0,0,0,0,0.0,0.0,0.0
105343,2018,BOS,AL,porceri01,33,33.0,3,33.0,33,0,0,0,0,0,0,0,0,0,0.0,0.0,0.0
105347,2018,BOS,AL,poynebo01,20,0.0,2,20.0,20,0,0,0,0,0,0,0,0,0,0.0,0.0,0.0
105349,2018,HOU,AL,pressry01,26,0.0,2,26.0,26,0,0,0,0,0,0,0,0,0,0.0,0.0,0.0
105351,2018,BOS,AL,priceda01,30,30.0,0,30.0,30,0,0,0,0,0,0,0,0,0,0.0,0.0,0.0
105354,2018,LAN,NL,puigya01,125,107.0,125,118.0,0,0,0,0,0,0,0,0,118,118,0.0,15.0,0.0
105363,2018,BOS,AL,ramirha01,44,44.0,44,25.0,0,0,25,0,0,0,0,0,0,0,19.0,0.0,0.0
105378,2018,HOU,AL,reddijo01,134,119.0,134,128.0,0,0,0,0,0,0,43,0,111,128,4.0,10.0,2.0
105380,2018,HOU,AL,reedaj01,1,1.0,1,1.0,0,0,1,0,0,0,0,0,0,0,0.0,0.0,0.0
105387,2018,BOS,AL,rendato01,1,0.0,1,0.0,0,0,0,0,0,0,0,0,0,0,0.0,0.0,1.0
105411,2018,NYA,AL,roberda08,69,0.0,4,69.0,69,0,0,0,0,0,0,0,0,0,0.0,0.0,0.0
105414,2018,NYA,AL,robinsh01,25,17.0,25,24.0,0,0,0,0,0,0,7,2,17,24,1.0,0.0,3.0
105422,2018,BOS,AL,rodried05,27,23.0,1,27.0,27,0,0,0,0,0,0,0,0,0,0.0,0.0,0.0
105438,2018,NYA,AL,rominau01,77,68.0,77,76.0,0,76,0,0,0,0,0,0,0,0,0.0,3.0,0.0
105441,2018,HOU,AL,rondohe01,63,0.0,7,63.0,63,0,0,0,0,0,0,0,0,0,0.0,0.0,0.0
105447,2018,LAN,NL,rosscza01,17,0.0,16,17.0,17,0,0,0,0,0,0,0,0,0,0.0,0.0,0.0
105459,2018,LAN,NL,ryuhy01,16,15.0,16,15.0,15,0,0,0,0,0,0,0,0,0,0.0,1.0,0.0
105462,2018,NYA,AL,sabatcc01,29,29.0,0,29.0,29,0,0,0,0,0,0,0,0,0,0.0,0.0,0.0
105468,2018,BOS,AL,salech01,27,27.0,1,27.0,27,0,0,0,0,0,0,0,0,0,0.0,0.0,0.0
105476,2018,NYA,AL,sanchga02,89,86.0,89,76.0,0,76,0,0,0,0,0,0,0,0,12.0,3.0,0.0
105482,2018,LAN,NL,santade01,2,0.0,2,1.0,1,0,0,0,0,0,0,0,0,0,0.0,1.0,0.0
105498,2018,BOS,AL,scottro02,9,0.0,1,9.0,9,0,0,0,0,0,0,0,0,0,0.0,0.0,0.0
105501,2018,LAN,NL,seageco01,26,24.0,26,25.0,0,0,0,0,0,25,0,0,0,0,0.0,2.0,0.0
105506,2018,NYA,AL,severlu01,32,32.0,2,32.0,32,0,0,0,0,0,0,0,0,0,0.0,0.0,0.0
105514,2018,NYA,AL,sheffju01,3,0.0,0,3.0,3,0,0,0,0,0,0,0,0,0,0.0,0.0,0.0
105520,2018,NYA,AL,shrevch01,40,0.0,3,40.0,40,0,0,0,0,0,0,0,0,0,0.0,0.0,0.0
105528,2018,HOU,AL,sippto01,54,0.0,3,54.0,54,0,0,0,0,0,0,0,0,0,0.0,0.0,0.0
105536,2018,BOS,AL,smithca02,18,0.0,1,18.0,18,0,0,0,0,0,0,0,0,0,0.0,0.0,0.0
105541,2018,HOU,AL,smithjo05,56,0.0,6,56.0,56,0,0,0,0,0,0,0,0,0,0.0,0.0,0.0
105569,2018,HOU,AL,springe01,140,136.0,140,128.0,0,0,0,0,0,0,1,80,77,128,10.0,2.0,2.0
105574,2018,NYA,AL,stantmi03,158,157.0,158,72.0,0,0,0,0,0,0,36,0,37,72,86.0,1.0,0.0
105575,2018,HOU,AL,stassma01,88,65.0,88,82.0,0,82,0,0,0,0,0,0,0,0,1.0,9.0,2.0
105580,2018,LAN,NL,stewabr01,9,2.0,9,9.0,9,0,0,0,0,0,0,0,0,0,0.0,0.0,0.0
105593,2018,HOU,AL,strawmy01,9,2.0,9,9.0,0,0,0,0,0,0,1,3,5,9,0.0,0.0,4.0
105595,2018,LAN,NL,stripro01,36,21.0,35,33.0,33,0,0,0,0,0,0,0,0,0,0.0,0.0,3.0
105611,2018,BOS,AL,swihabl01,82,41.0,82,60.0,0,28,10,1,3,0,9,0,14,21,14.0,19.0,7.0
105615,2018,NYA,AL,tanakma01,27,27.0,3,27.0,27,0,0,0,0,0,0,0,0,0,0.0,0.0,0.0
105617,2018,NYA,AL,tarplst01,10,0.0,0,10.0,10,0,0,0,0,0,0,0,0,0,0.0,0.0,0.0
105621,2018,LAN,NL,tayloch03,155,128.0,155,142.0,0,0,0,12,0,81,24,50,0,63,0.0,18.0,1.0
105633,2018,BOS,AL,thornty01,25,0.0,0,25.0,25,0,0,0,0,0,0,0,0,0,0.0,0.0,0.0
105637,2018,LAN,NL,tolesan01,17,5.0,17,10.0,0,0,0,0,0,0,2,8,1,10,0.0,9.0,0.0
105641,2018,NYA,AL,torregl01,123,119.0,123,123.0,0,0,0,109,0,21,0,0,0,0,0.0,2.0,0.0
105643,2018,NYA,AL,torrero01,41,24.0,41,38.0,0,0,0,20,11,9,0,0,0,0,0.0,4.0,0.0
105647,2018,BOS,AL,travisa01,19,6.0,19,10.0,0,0,3,0,0,0,6,0,1,7,5.0,8.0,1.0
105656,2018,HOU,AL,tuckeky01,28,15.0,28,23.0,0,0,0,0,0,0,20,1,3,23,0.0,5.0,2.0
105664,2018,LAN,NL,turneju01,103,94.0,103,96.0,0,0,0,0,96,0,0,0,0,0,4.0,7.0,0.0
105670,2018,LAN,NL,uriasju01,3,0.0,3,3.0,3,0,0,0,0,0,0,0,0,0,0.0,0.0,0.0
105673,2018,LAN,NL,utleych01,87,35.0,87,51.0,0,0,2,50,0,0,0,0,0,0,0.0,46.0,0.0
105676,2018,HOU,AL,valdefr01,8,5.0,0,8.0,8,0,0,0,0,0,0,0,0,0,0.0,0.0,0.0
105681,2018,LAN,NL,valerbr01,20,4.0,20,7.0,0,0,0,5,3,0,0,0,1,1,0.0,14.0,0.0
105687,2018,BOS,AL,vazquch01,80,67.0,80,76.0,0,75,0,0,2,0,0,0,0,0,2.0,4.0,1.0
105690,2018,BOS,AL,velazhe01,47,8.0,3,47.0,47,0,0,0,0,0,0,0,0,0,0.0,0.0,0.0
105691,2018,LAN,NL,vendipa01,15,0.0,14,15.0,15,0,0,0,0,0,0,0,0,0,0.0,0.0,0.0
105694,2018,LAN,NL,verdual01,37,16.0,37,28.0,0,0,0,0,0,0,12,8,16,28,0.0,13.0,0.0
105696,2018,HOU,AL,verlaju01,34,34.0,2,34.0,34,0,0,0,0,0,0,0,0,0,0.0,0.0,0.0
105707,2018,NYA,AL,voitlu01,39,35.0,39,32.0,0,0,32,0,0,0,0,0,1,1,4.0,4.0,0.0
105713,2018,NYA,AL,wadety01,36,15.0,36,34.0,0,0,0,26,1,2,1,1,5,7,0.0,2.0,9.0
105716,2018,BOS,AL,waldema01,8,0.0,2,8.0,8,0,0,0,0,0,0,0,0,0,0.0,0.0,0.0
105719,2018,NYA,AL,walkene01,113,95.0,113,102.0,0,0,42,32,25,0,1,0,15,16,5.0,13.0,0.0
105723,2018,NYA,AL,warread01,24,0.0,3,24.0,24,0,0,0,0,0,0,0,0,0,0.0,0.0,0.0
105736,2018,HOU,AL,whitety01,66,53.0,66,42.0,0,0,42,0,0,0,0,0,0,0,20.0,6.0,0.0
105763,2018,LAN,NL,woodal02,33,27.0,31,33.0,33,0,0,0,0,0,0,0,0,0,0.0,0.0,0.0
105767,2018,BOS,AL,workmbr01,43,0.0,4,43.0,43,0,0,0,0,0,0,0,0,0,0.0,0.0,0.0
105771,2018,BOS,AL,wrighst01,20,4.0,2,20.0,20,0,0,0,0,0,0,0,0,0,0.0,0.0,0.0
105791,2019,HOU,AL,abreubr01,7,0.0,0,7.0,7,0,0,0,0,0,0,0,0,0,0.0,0.0,0.0
105801,2019,NYA,AL,adamsch01,13,0.0,0,13.0,13,0,0,0,0,0,0,0,0,0,0.0,0.0,0.0
105817,2019,LAN,NL,alexasc01,28,0.0,27,28.0,28,0,0,0,0,0,0,0,0,0,0.0,0.0,0.0
105837,2019,HOU,AL,altuvjo01,124,121.0,124,121.0,0,0,0,121,0,1,0,0,0,0,2.0,2.0,0.0
105840,2019,HOU,AL,alvaryo01,87,83.0,87,10.0,0,0,0,0,0,0,10,0,0,10,74.0,4.0,0.0
105856,2019,NYA,AL,andujmi01,12,12.0,12,4.0,0,0,0,0,4,0,0,0,0,0,8.0,0.0,0.0
105863,2019,HOU,AL,armenro01,5,2.0,0,5.0,5,0,0,0,0,0,0,0,0,0,0.0,0.0,0.0
105882,2019,LAN,NL,baezpe01,71,0.0,66,71.0,71,0,0,0,0,0,0,0,0,0,0.0,0.0,0.0
105890,2019,LAN,NL,barneau01,75,62.0,75,65.0,0,64,0,1,0,0,0,0,0,0,0.0,12.0,0.0
105893,2019,BOS,AL,barnema01,70,0.0,8,70.0,70,0,0,0,0,0,0,0,0,0,0.0,0.0,0.0
105901,2019,NYA,AL,barreja01,2,0.0,0,2.0,2,0,0,0,0,0,0,0,0,0,0.0,0.0,0.0
105911,2019,LAN,NL,beatyma01,99,57.0,99,75.0,0,0,35,0,9,0,34,0,2,35,2.0,32.0,1.0
105918,2019,LAN,NL,bellico01,156,151.0,156,153.0,0,0,36,0,0,0,0,25,115,136,0.0,3.0,0.0
105923,2019,BOS,AL,beninan01,138,134.0,138,136.0,0,0,0,0,0,0,131,12,0,136,1.0,2.0,1.0
105927,2019,NYA,AL,betande01,1,0.0,0,1.0,1,0,0,0,0,0,0,0,0,0,0.0,0.0,0.0
105929,2019,BOS,AL,bettsmo01,150,148.0,150,143.0,0,0,0,0,0,0,0,17,132,143,7.0,0.0,1.0
105930,2019,HOU,AL,biagijo01,13,0.0,1,13.0,13,0,0,0,0,0,0,0,0,0,0.0,0.0,0.0
105938,2019,NYA,AL,birdgr01,10,10.0,10,10.0,0,0,10,0,0,0,0,0,0,0,0.0,0.0,0.0
105951,2019,BOS,AL,bogaexa01,155,154.0,155,153.0,0,0,0,0,0,153,0,0,0,0,1.0,1.0,0.0
105969,2019,BOS,AL,bradlja02,147,138.0,147,145.0,0,0,0,0,0,0,0,144,3,145,0.0,4.0,1.0
105970,2019,HOU,AL,brantmi02,148,143.0,148,123.0,0,0,0,0,0,0,120,0,9,123,25.0,5.0,0.0
105972,2019,BOS,AL,brasiry01,62,0.0,5,62.0,62,0,0,0,0,0,0,0,0,0,0.0,0.0,0.0
105976,2019,HOU,AL,bregmal01,156,156.0,156,151.0,0,0,0,0,99,65,0,0,0,0,6.0,0.0,0.0
105978,2019,BOS,AL,breweco01,58,0.0,1,58.0,58,0,0,0,0,0,0,0,0,0,0.0,0.0,0.0
105983,2019,NYA,AL,brittza01,66,0.0,5,66.0,66,0,0,0,0,0,0,0,0,0,0.0,0.0,0.0
105996,2019,LAN,NL,buehlwa01,30,30.0,29,30.0,30,0,0,0,0,0,0,0,0,0,0.0,0.0,0.0
106030,2019,BOS,AL,cashnan01,25,6.0,2,25.0,25,0,0,0,0,0,0,0,0,0,0.0,0.0,0.0
106046,2019,BOS,AL,centeju01,7,3.0,7,5.0,0,5,0,0,0,0,0,0,0,0,1.0,3.0,0.0
106049,2019,NYA,AL,cessalu01,43,0.0,2,43.0,43,0,0,0,0,0,0,0,0,0,0.0,0.0,0.0
106050,2019,BOS,AL,chacijh01,6,5.0,0,6.0,6,0,0,0,0,0,0,0,0,0,0.0,0.0,0.0
106054,2019,NYA,AL,chapmar01,60,0.0,3,60.0,60,0,0,0,0,0,0,0,0,0,0.0,0.0,0.0
106056,2019,LAN,NL,chargjt01,21,0.0,19,21.0,21,0,0,0,0,0,0,0,0,0,0.0,0.0,0.0
106059,2019,BOS,AL,chavimi01,95,85.0,95,93.0,0,0,49,45,5,0,0,0,0,0,1.0,4.0,1.0
106061,2019,HOU,AL,chiriro01,114,106.0,114,112.0,0,112,0,0,0,0,0,0,0,0,0.0,2.0,0.0
106077,2019,HOU,AL,colege01,33,33.0,3,33.0,33,0,0,0,0,0,0,0,0,0,0.0,0.0,0.0
106093,2019,HOU,AL,correca01,75,75.0,75,75.0,0,0,0,0,0,75,0,0,0,0,0.0,0.0,0.0
106094,2019,NYA,AL,cortene01,33,1.0,2,33.0,33,0,0,0,0,0,0,0,0,0,0.0,0.0,0.0
106113,2019,LAN,NL,darnatr01,1,0.0,1,0.0,0,0,0,0,0,0,0,0,0,0,0.0,1.0,0.0
106146,2019,HOU,AL,devench02,61,1.0,7,61.0,61,0,0,0,0,0,0,0,0,0,0.0,0.0,0.0
106147,2019,BOS,AL,deverra01,156,152.0,156,152.0,0,0,0,0,152,1,0,0,0,0,1.0,4.0,0.0
106148,2019,HOU,AL,diazal02,69,55.0,69,62.0,0,0,26,25,19,5,4,0,0,4,2.0,9.0,3.0
106185,2019,NYA,AL,dullry01,3,0.0,0,3.0,3,0,0,0,0,0,0,0,0,0,0.0,0.0,0.0
106209,2019,NYA,AL,encared01,44,44.0,44,12.0,0,0,12,0,0,0,0,0,0,0,32.0,0.0,0.0
106212,2019,BOS,AL,eovalna01,23,12.0,1,23.0,23,0,0,0,0,0,0,0,0,0,0.0,0.0,0.0
106220,2019,NYA,AL,estrath01,35,16.0,35,28.0,0,0,0,17,0,9,2,0,2,4,1.0,3.0,7.0
106233,2019,LAN,NL,ferguca01,46,2.0,42,46.0,46,0,0,0,0,0,0,0,0,0,0.0,0.0,0.0
106239,2019,HOU,AL,fishede01,17,13.0,17,14.0,0,0,0,0,0,0,11,0,5,14,2.0,0.0,1.0
106246,2019,LAN,NL,florody01,50,0.0,46,50.0,50,0,0,0,0,0,0,0,0,0,0.0,0.0,0.0
106253,2019,NYA,AL,fordmi01,50,36.0,50,30.0,1,0,29,0,0,0,0,0,0,0,14.0,12.0,0.0
106262,2019,NYA,AL,frazicl01,69,59.0,69,53.0,0,0,0,0,0,0,17,0,36,53,15.0,4.0,1.0
106268,2019,LAN,NL,freesda01,79,39.0,79,50.0,0,0,50,0,2,0,0,0,0,0,3.0,36.0,0.0
106277,2019,LAN,NL,galero01,5,4.0,5,4.0,0,4,0,0,0,0,0,0,0,0,0.0,1.0,0.0
106298,2019,LAN,NL,garciyi01,64,0.0,61,64.0,64,0,0,0,0,0,0,0,0,0,0.0,0.0,0.0
106299,2019,NYA,AL,gardnbr01,141,131.0,141,140.0,0,0,0,0,0,0,45,98,0,140,1.0,3.0,1.0
106300,2019,LAN,NL,garliky01,30,9.0,30,15.0,0,0,0,0,0,0,12,0,5,15,0.0,18.0,1.0
106310,2019,NYA,AL,gearrco01,18,0.0,1,18.0,18,0,0,0,0,0,0,0,0,0,0.0,0.0,0.0
106315,2019,NYA,AL,germado01,27,24.0,3,27.0,27,0,0,0,0,0,0,0,0,0,0.0,0.0,0.0
106332,2019,LAN,NL,gonsoto01,11,6.0,10,11.0,11,0,0,0,0,0,0,0,0,0,0.0,0.0,0.0
106348,2019,HOU,AL,gourryu01,144,143.0,144,143.0,0,0,110,4,42,0,0,0,0,0,1.0,1.0,0.0
106356,2019,NYA,AL,greench03,54,15.0,2,54.0,54,0,0,0,0,0,0,0,0,0,0.0,0.0,0.0
106361,2019,NYA,AL,gregodi01,82,79.0,82,80.0,0,0,0,0,0,80,0,0,0,0,1.0,0.0,1.0
106364,2019,HOU,AL,greinza01,10,10.0,1,10.0,10,0,0,0,0,0,0,0,0,0,0.0,0.0,0.0
106371,2019,HOU,AL,guduare01,7,0.0,0,7.0,7,0,0,0,0,0,0,0,0,0,0.0,0.0,0.0
106386,2019,LAN,NL,gyorkje01,24,6.0,24,16.0,0,0,7,1,9,0,0,0,0,0,1.0,12.0,1.0
106392,2019,NYA,AL,haleda02,20,0.0,0,20.0,20,0,0,0,0,0,0,0,0,0,0.0,0.0,0.0
106403,2019,NYA,AL,happja01,32,30.0,2,31.0,31,0,0,0,0,0,0,0,0,0,0.0,1.0,0.0
106408,2019,HOU,AL,harriwi02,68,0.0,5,68.0,68,0,0,0,0,0,0,0,0,0,0.0,0.0,0.0
106414,2019,NYA,AL,harvejo01,9,0.0,1,9.0,9,0,0,0,0,0,0,0,0,0,0.0,0.0,0.0
106426,2019,NYA,AL,hellebe01,6,0.0,0,6.0,6,0,0,0,0,0,0,0,0,0,0.0,0.0,0.0
106429,2019,BOS,AL,hembrhe01,45,0.0,0,45.0,45,0,0,0,0,0,0,0,0,0,0.0,0.0,0.0
106437,2019,BOS,AL,hernada02,29,1.0,2,29.0,29,0,0,0,0,0,0,0,0,0,0.0,0.0,0.0
106439,2019,LAN,NL,hernaen02,130,100.0,130,122.0,0,0,2,85,1,11,10,20,17,43,0.0,22.0,1.0
106441,2019,BOS,AL,hernago01,20,12.0,20,15.0,0,0,0,0,0,0,6,2,7,15,1.0,2.0,3.0
106443,2019,BOS,AL,hernama02,61,29.0,61,50.0,0,0,0,48,0,2,0,0,0,0,3.0,19.0,4.0
106451,2019,NYA,AL,hicksaa01,59,56.0,59,58.0,0,0,0,0,0,0,0,58,0,58,1.0,1.0,0.0
106454,2019,NYA,AL,higasky01,18,14.0,18,18.0,0,18,0,0,0,0,0,0,0,0,0.0,0.0,0.0
106457,2019,LAN,NL,hillri01,13,13.0,11,13.0,13,0,0,0,0,0,0,0,0,0,0.0,0.0,0.0
106464,2019,NYA,AL,holdejo02,34,1.0,2,34.0,34,0,0,0,0,0,0,0,0,0,0.0,0.0,0.0
106469,2019,BOS,AL,holtbr01,87,73.0,87,82.0,0,0,11,60,4,6,4,0,6,9,1.0,12.0,1.0
106496,2019,HOU,AL,jamesjo02,49,1.0,3,49.0,49,0,0,0,0,0,0,0,0,0,0.0,0.0,0.0
106499,2019,LAN,NL,janseke01,62,0.0,59,62.0,62,0,0,0,0,0,0,0,0,0,0.0,0.0,0.0
106510,2019,BOS,AL,johnsbr02,22,7.0,3,21.0,21,0,0,0,0,0,0,0,0,0,0.0,0.0,1.0
106520,2019,NYA,AL,judgeaa01,102,99.0,102,92.0,0,0,0,0,0,0,0,0,92,92,10.0,2.0,0.0
106523,2019,NYA,AL,kahnlto01,72,0.0,6,72.0,72,0,0,0,0,0,0,0,0,0,0.0,0.0,0.0
106533,2019,BOS,AL,kelletr01,10,0.0,0,10.0,10,0,0,0,0,0,0,0,0,0,0.0,0.0,0.0
106535,2019,LAN,NL,kellyjo05,55,0.0,52,55.0,55,0,0,0,0,0,0,0,0,0,0.0,0.0,0.0
106539,2019,HOU,AL,kempto01,66,41.0,66,52.0,0,0,0,29,0,0,14,11,0,25,6.0,12.0,2.0
106543,2019,LAN,NL,kershcl01,29,28.0,28,29.0,29,0,0,0,0,0,0,0,0,0,0.0,0.0,0.0
106553,2019,NYA,AL,kingmi01,1,0.0,0,1.0,1,0,0,0,0,0,0,0,0,0,0.0,0.0,0.0
106564,2019,LAN,NL,kolarad01,27,0.0,25,27.0,26,0,1,0,0,0,0,0,0,0,0.0,0.0,0.0
106571,2019,NYA,AL,lailbr01,1,0.0,0,1.0,1,0,0,0,0,0,0,0,0,0,0.0,0.0,0.0
106572,2019,BOS,AL,lakintr01,16,3.0,0,16.0,16,0,0,0,0,0,0,0,0,0,0.0,0.0,0.0
106586,2019,NYA,AL,lemahdj01,145,142.0,145,144.0,0,0,40,75,52,0,0,0,0,0,1.0,1.0,1.0
106588,2019,BOS,AL,leonsa01,65,50.0,65,65.0,0,65,1,0,0,0,0,0,0,0,1.0,1.0,0.0
106593,2019,BOS,AL,lintz01,13,6.0,13,11.0,0,0,0,8,0,2,0,1,0,1,0.0,1.0,1.0
106597,2019,NYA,AL,loaisjo01,15,4.0,0,15.0,15,0,0,0,0,0,0,0,0,0,0.0,0.0,0.0
106622,2019,LAN,NL,luxga01,23,19.0,23,22.0,0,0,0,22,0,0,0,0,0,0,1.0,4.0,0.0
106627,2019,NYA,AL,lyonsty01,11,0.0,0,11.0,11,0,0,0,0,0,0,0,0,0,0.0,0.0,0.0
106630,2019,LAN,NL,maedake01,41,26.0,38,37.0,37,0,0,0,0,0,0,0,0,0,0.0,3.0,1.0
106637,2019,HOU,AL,maldoma01,27,24.0,27,27.0,0,26,1,0,0,0,0,0,0,0,0.0,1.0,0.0
106641,2019,NYA,AL,mantijo01,1,0.0,0,1.0,1,0,0,0,0,0,0,0,0,0,0.0,0.0,0.0
106645,2019,HOU,AL,marisja01,120,73.0,120,109.0,0,0,0,0,0,0,0,109,0,109,6.0,7.0,10.0
106658,2019,HOU,AL,martico02,5,5.0,0,5.0,5,0,0,0,0,0,0,0,0,0,0.0,0.0,0.0
106660,2019,BOS,AL,martijd02,146,144.0,146,38.0,0,0,0,0,0,0,15,0,24,38,107.0,2.0,0.0
106666,2019,LAN,NL,martiru01,83,52.0,83,69.0,4,60,0,0,7,0,0,0,0,0,0.0,20.0,0.0
106672,2019,NYA,AL,maybica01,82,65.0,82,77.0,0,0,0,0,0,0,46,3,36,77,2.0,4.0,3.0
106673,2019,LAN,NL,maydu01,14,4.0,13,14.0,14,0,0,0,0,0,0,0,0,0,0.0,0.0,0.0
106675,2019,HOU,AL,mayfija01,26,16.0,26,26.0,0,0,0,5,1,21,0,0,0,0,0.0,2.0,2.0
106690,2019,HOU,AL,mchugco01,35,8.0,2,35.0,35,0,0,0,0,0,0,0,0,0,0.0,0.0,0.0
106719,2019,HOU,AL,mileywa01,33,33.0,3,33.0,33,0,0,0,0,0,0,0,0,0,0.0,0.0,0.0
106737,2019,NYA,AL,montgjo01,2,1.0,0,2.0,2,0,0,0,0,0,0,0,0,0,0.0,0.0,0.0
106743,2019,NYA,AL,moralke01,19,17.0,19,7.0,0,0,7,0,0,0,0,0,0,0,10.0,2.0,0.0
106748,2019,BOS,AL,morelmi01,91,77.0,91,85.0,0,0,85,0,0,0,0,0,0,0,4.0,14.0,0.0
106758,2019,LAN,NL,muncyma01,141,130.0,141,139.0,0,0,65,70,35,0,0,0,0,0,0.0,9.0,0.0
106772,2019,LAN,NL,negrokr01,30,14.0,30,22.0,0,0,0,3,3,4,2,7,6,15,0.0,7.0,5.0
106795,2019,BOS,AL,nunezed02,60,38.0,60,43.0,1,0,0,31,8,6,0,0,0,0,12.0,13.0,5.0
106814,2019,HOU,AL,osunaro01,66,0.0,4,66.0,66,0,0,0,0,0,0,0,0,0,0.0,0.0,0.0
106817,2019,NYA,AL,ottavad01,73,0.0,5,73.0,73,0,0,0,0,0,0,0,0,0,0.0,0.0,0.0
106818,2019,BOS,AL,owingch01,26,11.0,26,19.0,0,0,0,12,1,7,1,0,0,1,1.0,6.0,8.0
106835,2019,NYA,AL,paxtoja01,29,29.0,3,29.0,29,0,0,0,0,0,0,0,0,0,0.0,0.0,0.0
106839,2019,HOU,AL,peacobr01,23,15.0,0,23.0,23,0,0,0,0,0,0,0,0,0,0.0,0.0,0.0
106840,2019,BOS,AL,pearcst01,29,23.0,29,23.0,0,0,19,0,0,0,4,0,0,4,5.0,4.0,0.0
106841,2019,LAN,NL,pederjo01,149,109.0,149,136.0,0,0,20,0,0,0,84,2,39,122,2.0,32.0,1.0
106842,2019,BOS,AL,pedrodu01,6,6.0,6,4.0,0,0,0,4,0,0,0,0,0,0,2.0,0.0,0.0
106852,2019,HOU,AL,perezci01,5,0.0,1,5.0,5,0,0,0,0,0,0,0,0,0,0.0,0.0,0.0
106886,2019,LAN,NL,polloaj01,86,77.0,86,80.0,0,0,0,0,0,0,18,62,0,80,1.0,8.0,0.0
106891,2019,BOS,AL,porceri01,32,32.0,3,32.0,32,0,0,0,0,0,0,0,0,0,0.0,0.0,0.0
106894,2019,BOS,AL,poynebo01,13,1.0,1,13.0,13,0,0,0,0,0,0,0,0,0,0.0,0.0,0.0
106896,2019,HOU,AL,pressry01,55,0.0,4,55.0,55,0,0,0,0,0,0,0,0,0,0.0,0.0,0.0
106897,2019,BOS,AL,priceda01,22,22.0,1,22.0,22,0,0,0,0,0,0,0,0,0,0.0,0.0,0.0
106911,2019,BOS,AL,ramirer02,1,0.0,0,1.0,1,0,0,0,0,0,0,0,0,0,0.0,0.0,0.0
106929,2019,HOU,AL,reddijo01,141,130.0,141,133.0,0,0,4,0,0,0,29,9,119,133,4.0,9.0,1.0
106955,2019,LAN,NL,riosed01,28,7.0,28,16.0,0,0,12,0,5,0,1,0,0,1,1.0,18.0,0.0
106969,2019,HOU,AL,rodgebr01,3,0.0,0,3.0,3,0,0,0,0,0,0,0,0,0,0.0,0.0,0.0
106975,2019,BOS,AL,rodried05,34,34.0,3,34.0,34,0,0,0,0,0,0,0,0,0,0.0,0.0,0.0
106991,2019,NYA,AL,rominau01,73,62.0,72,71.0,1,70,0,0,0,0,0,0,0,0,0.0,2.0,0.0
106994,2019,HOU,AL,rondohe01,62,1.0,6,62.0,62,0,0,0,0,0,0,0,0,0,0.0,0.0,0.0
106997,2019,NYA,AL,rosaad01,1,0.0,0,1.0,1,0,0,0,0,0,0,0,0,0,0.0,0.0,0.0
107004,2019,LAN,NL,rosscza01,7,0.0,5,7.0,7,0,0,0,0,0,0,0,0,0,0.0,0.0,0.0
107015,2019,LAN,NL,ryuhy01,30,29.0,28,29.0,29,0,0,0,0,0,0,0,0,0,0.0,1.0,0.0
107016,2019,NYA,AL,sabatcc01,23,22.0,2,23.0,23,0,0,0,0,0,0,0,0,0,0.0,0.0,0.0
107017,2019,LAN,NL,sadleca02,24,1.0,23,24.0,24,0,0,0,0,0,0,0,0,0,0.0,0.0,0.0
107023,2019,BOS,AL,salech01,25,25.0,0,25.0,25,0,0,0,0,0,0,0,0,0,0.0,0.0,0.0
107026,2019,HOU,AL,sanchaa01,4,4.0,0,4.0,4,0,0,0,0,0,0,0,0,0,0.0,0.0,0.0
107031,2019,NYA,AL,sanchga02,106,101.0,106,90.0,0,90,0,0,0,0,0,0,0,0,15.0,5.0,0.0
107038,2019,LAN,NL,santade01,3,0.0,3,3.0,3,0,0,0,0,0,0,0,0,0,0.0,0.0,0.0
107043,2019,LAN,NL,sborzjo01,7,0.0,7,7.0,7,0,0,0,0,0,0,0,0,0,0.0,0.0,0.0
107049,2019,LAN,NL,schulja02,4,0.0,4,4.0,4,0,0,0,0,0,0,0,0,0,0.0,0.0,0.0
107056,2019,LAN,NL,seageco01,134,125.0,134,132.0,0,0,0,0,0,132,0,0,0,0,0.0,7.0,0.0
107063,2019,NYA,AL,severlu01,3,3.0,0,3.0,3,0,0,0,0,0,0,0,0,0,0.0,0.0,0.0
107067,2019,BOS,AL,shawami01,14,0.0,0,14.0,14,0,0,0,0,0,0,0,0,0,0.0,0.0,0.0
107093,2019,HOU,AL,smithjo05,28,0.0,1,28.0,28,0,0,0,0,0,0,0,0,0,0.0,0.0,0.0
107094,2019,BOS,AL,smithjo07,18,2.0,2,18.0,18,0,0,0,0,0,0,0,0,0,0.0,0.0,0.0
107100,2019,LAN,NL,smithwi05,54,46.0,54,46.0,0,46,0,0,0,0,0,0,0,0,1.0,7.0,0.0
107104,2019,HOU,AL,sneedcy01,8,0.0,0,8.0,8,0,0,0,0,0,0,0,0,0,0.0,0.0,0.0
107121,2019,HOU,AL,springe01,122,119.0,122,109.0,0,0,0,0,0,0,0,75,59,109,13.0,3.0,0.0
107128,2019,NYA,AL,stantmi03,18,18.0,18,13.0,0,0,0,0,0,0,10,0,3,13,5.0,0.0,0.0
107131,2019,HOU,AL,stassma01,31,26.0,31,30.0,1,26,3,0,0,0,0,0,0,0,1.0,1.0,0.0
107137,2019,LAN,NL,stewabr01,3,0.0,3,3.0,3,0,0,0,0,0,0,0,0,0,0.0,0.0,0.0
107150,2019,HOU,AL,strawmy01,56,27.0,56,46.0,0,0,0,4,0,26,8,11,2,18,3.0,6.0,14.0
107153,2019,LAN,NL,stripro01,32,15.0,27,32.0,32,0,0,0,0,0,0,0,0,0,0.0,0.0,0.0
107157,2019,HOU,AL,stubbga01,19,6.0,19,17.0,0,11,0,0,0,0,7,0,1,7,0.0,3.0,4.0
107174,2019,BOS,AL,swihabl01,12,6.0,12,10.0,0,8,1,0,0,0,1,0,0,1,0.0,5.0,0.0
107177,2019,NYA,AL,tanakma01,32,31.0,1,32.0,32,0,0,0,0,0,0,0,0,0,0.0,0.0,0.0
107179,2019,NYA,AL,tarplst01,21,1.0,0,21.0,21,0,0,0,0,0,0,0,0,0,0.0,0.0,0.0
107182,2019,NYA,AL,tauchmi01,87,77.0,87,86.0,0,0,0,0,0,0,59,14,19,86,0.0,1.0,1.0
107185,2019,LAN,NL,tayloch03,124,90.0,124,115.0,0,0,0,20,6,39,56,20,3,69,0.0,21.0,2.0
107186,2019,BOS,AL,taylojo02,52,1.0,5,52.0,52,0,0,0,0,0,0,0,0,0,0.0,0.0,0.0
107197,2019,BOS,AL,thornty01,16,0.0,2,16.0,16,0,0,0,0,0,0,0,0,0,0.0,0.0,0.0
107203,2019,HOU,AL,toroab01,25,20.0,25,24.0,0,0,1,0,24,0,0,0,0,0,0.0,3.0,1.0
107205,2019,NYA,AL,torregl01,144,142.0,144,139.0,0,0,0,65,0,77,0,0,0,0,5.0,2.0,0.0
107210,2019,BOS,AL,travisa01,59,37.0,59,45.0,0,0,29,0,0,0,18,0,1,19,9.0,14.0,1.0
107218,2019,HOU,AL,tuckeky01,22,12.0,22,19.0,0,0,4,0,0,0,11,0,11,19,1.0,4.0,3.0
107220,2019,NYA,AL,tulowtr01,5,4.0,5,4.0,0,0,0,0,0,4,0,0,0,0,0.0,1.0,0.0
107222,2019,LAN,NL,turneju01,135,122.0,135,124.0,0,0,0,1,124,0,0,0,0,0,3.0,13.0,0.0
107228,2019,LAN,NL,uriasju01,37,8.0,35,37.0,37,0,0,0,0,0,0,0,0,0,0.0,0.0,0.0
107230,2019,HOU,AL,urquijo01,9,7.0,2,9.0,9,0,0,0,0,0,0,0,0,0,0.0,0.0,0.0
107231,2019,NYA,AL,urshegi01,132,112.0,132,124.0,0,0,1,0,123,0,1,0,0,1,3.0,9.0,2.0
107233,2019,HOU,AL,valdefr01,26,8.0,0,26.0,26,0,0,0,0,0,0,0,0,0,0.0,0.0,0.0
107235,2019,NYA,AL,valerbr01,12,9.0,12,12.0,0,0,0,12,0,0,0,0,0,0,0.0,0.0,1.0
107242,2019,BOS,AL,vazquch01,138,122.0,138,126.0,0,119,10,2,4,0,0,0,0,0,11.0,12.0,1.0
107246,2019,BOS,AL,velazhe01,34,8.0,3,34.0,34,0,0,0,0,0,0,0,0,0,0.0,0.0,0.0
107250,2019,LAN,NL,verdual01,106,82.0,106,97.0,0,0,0,0,0,0,22,61,25,97,0.0,17.0,0.0
107252,2019,HOU,AL,verlaju01,34,34.0,1,34.0,34,0,0,0,0,0,0,0,0,0,0.0,0.0,0.0
107261,2019,NYA,AL,voitlu01,118,115.0,118,83.0,0,0,83,0,0,0,0,0,0,0,34.0,2.0,0.0
107267,2019,NYA,AL,wadety01,43,28.0,43,40.0,0,0,0,18,5,4,14,2,2,18,2.0,2.0,6.0
107270,2019,BOS,AL,waldema01,70,0.0,5,70.0,70,0,0,0,0,0,0,0,0,0,0.0,0.0,0.0
107289,2019,BOS,AL,weberry01,18,3.0,0,18.0,18,0,0,0,0,0,0,0,0,0,0.0,0.0,0.0
107294,2019,HOU,AL,whitety01,71,59.0,71,49.0,4,0,48,0,0,0,0,0,0,0,19.0,7.0,0.0
107295,2019,LAN,NL,whitety01,12,5.0,12,8.0,0,0,8,0,0,0,0,0,0,0,0.0,5.0,0.0
107330,2019,BOS,AL,workmbr01,73,0.0,7,73.0,73,0,0,0,0,0,0,0,0,0,0.0,0.0,0.0
107335,2019,BOS,AL,wrighst01,6,0.0,0,6.0,6,0,0,0,0,0,0,0,0,0,0.0,0.0,0.0
