,playerID,yearID,stint,teamID,lgID,W,L,G,GS,CG,SHO,SV,IPouts,H,ER,HR,BB,SO,BAOpp,ERA,IBB,WP,HBP,BK,BFP,GF,R,SH,SF,GIDP
43351,anderbr04,2015,1,LAN,NL,10,9,31,31,1,0,0,541,194,74,18,46,116,0.278,3.69,2.0,4,2.0,2,750.0,0,82,3.0,2.0,23.0
43358,arojo01,2015,1,BOS,AL,0,1,6,0,0,0,0,31,15,8,2,4,8,0.341,6.97,0.0,0,0.0,0,49.0,2,8,0.0,1.0,0.0
43364,avilalu01,2015,2,LAN,NL,0,1,23,0,0,0,0,47,13,9,2,5,18,0.224,5.17,0.0,1,1.0,0,66.0,2,9,1.0,1.0,1.0
43368,baezpe01,2015,1,LAN,NL,4,2,52,0,0,0,0,153,47,19,4,11,60,0.247,3.35,1.0,1,1.0,1,208.0,8,22,3.0,3.0,2.0
43369,bailean01,2015,1,NYA,AL,0,1,10,0,0,0,0,26,9,5,2,5,6,0.265,5.19,1.0,0,0.0,0,41.0,3,8,0.0,2.0,0.0
43371,bakersc02,2015,1,LAN,NL,0,1,2,2,0,0,0,33,11,7,4,3,8,0.262,5.73,0.0,1,0.0,0,45.0,0,7,0.0,0.0,0.0
43375,barnema01,2015,1,BOS,AL,3,4,32,2,0,0,0,129,56,26,9,15,39,0.311,5.44,0.0,4,2.0,0,199.0,7,28,2.0,0.0,4.0
43383,beachbr01,2015,1,LAN,NL,0,1,2,2,0,0,0,24,10,7,1,6,5,0.313,7.88,2.0,0,0.0,0,39.0,0,7,1.0,0.0,1.0
43394,betande01,2015,1,NYA,AL,6,4,74,0,0,0,9,252,45,14,6,40,131,0.157,1.5,2.0,9,3.0,0,332.0,17,17,1.0,1.0,4.0
43403,bolsimi01,2015,1,LAN,NL,6,6,21,21,0,0,0,328,104,44,11,45,98,0.251,3.62,3.0,6,1.0,1,466.0,0,49,3.0,2.0,13.0
43411,breslcr01,2015,1,BOS,AL,0,4,45,2,0,0,1,195,69,30,12,23,46,0.279,4.15,5.0,2,2.0,0,280.0,18,33,3.0,5.0,7.0
43422,buchaja01,2015,1,HOU,AL,0,0,5,0,0,0,0,27,5,2,1,4,5,0.161,2.0,0.0,2,1.0,0,37.0,1,2,1.0,0.0,0.0
43423,buchhcl01,2015,1,BOS,AL,7,7,18,18,1,0,0,340,114,41,6,23,107,0.26,3.26,0.0,3,5.0,0,469.0,0,48,1.0,2.0,13.0
43426,burawda01,2015,1,NYA,AL,0,0,1,0,0,0,0,2,3,4,1,1,1,0.6,54.0,0.0,0,0.0,0,6.0,0,4,0.0,0.0,0.0
43438,capuach01,2015,1,NYA,AL,0,4,22,4,0,0,0,122,52,36,6,22,38,0.31,7.97,1.0,0,3.0,0,196.0,7,38,2.0,1.0,2.0
43440,carmofa01,2015,1,HOU,AL,3,5,20,11,0,0,0,254,90,41,9,26,42,0.275,4.36,2.0,1,1.0,0,357.0,6,48,0.0,3.0,9.0
43441,carpeda01,2015,1,NYA,AL,0,1,22,0,0,0,0,56,20,10,3,7,11,0.286,4.82,1.0,0,1.0,0,82.0,2,11,3.0,1.0,2.0
43459,chapmke02,2015,1,HOU,AL,0,0,3,0,0,0,0,16,4,2,1,3,8,0.211,3.38,0.0,0,0.0,0,22.0,0,2,0.0,0.0,0.0
43481,cookry01,2015,2,BOS,AL,0,0,5,0,0,0,0,13,13,13,4,4,3,0.481,27.0,0.0,1,0.0,0,31.0,1,14,0.0,0.0,0.0
43489,cothaca01,2015,1,NYA,AL,1,0,12,0,0,0,0,29,14,7,4,1,11,0.326,6.52,0.0,0,0.0,0,45.0,4,7,1.0,0.0,0.0
43492,couloda01,2015,1,LAN,NL,0,0,5,0,0,0,0,25,9,7,0,6,7,0.265,7.56,0.0,1,0.0,0,40.0,3,7,0.0,0.0,0.0
43500,davieky01,2015,1,NYA,AL,0,0,1,0,0,0,0,7,3,0,0,0,2,0.3,0.0,0.0,0,0.0,0,10.0,1,0,0.0,0.0,1.0
43505,dedunsa01,2015,1,HOU,AL,0,1,9,2,0,0,1,63,24,16,3,9,17,0.293,6.86,0.0,3,3.0,0,96.0,4,16,1.0,1.0,3.0
43514,depaujo02,2015,1,NYA,AL,0,0,1,0,0,0,0,10,2,1,1,4,2,0.182,2.7,0.0,0,0.0,0,15.0,1,1,0.0,0.0,1.0
43545,eovalna01,2015,1,NYA,AL,14,3,27,27,0,0,0,463,175,72,10,49,121,0.285,4.2,0.0,8,3.0,0,673.0,0,72,3.0,3.0,14.0
43553,feldmsc01,2015,1,HOU,AL,5,5,18,18,0,0,0,325,115,47,13,27,61,0.275,3.9,1.0,8,0.0,0,451.0,0,49,1.0,5.0,15.0
43554,felizmi01,2015,1,HOU,AL,0,0,5,0,0,0,0,24,9,7,2,4,7,0.273,7.88,0.0,0,1.0,1,38.0,5,7,0.0,0.0,0.0
43559,fieldjo03,2015,1,HOU,AL,4,1,54,0,0,0,0,152,39,20,2,19,67,0.21,3.55,3.0,1,1.0,0,209.0,19,20,2.0,1.0,0.0
43562,fiersmi01,2015,2,HOU,AL,2,1,10,9,1,1,0,187,45,23,10,21,59,0.197,3.32,0.0,2,1.0,0,252.0,0,26,0.0,2.0,1.0
43576,friasca01,2015,1,LAN,NL,5,5,17,13,0,0,0,233,88,35,7,26,43,0.297,4.06,1.0,3,3.0,0,333.0,1,38,4.0,4.0,11.0
43588,garciyi01,2015,1,LAN,NL,3,5,59,1,0,0,1,170,44,21,8,10,68,0.209,3.34,1.0,1,2.0,0,225.0,15,23,0.0,2.0,0.0
43611,goodyni01,2015,1,NYA,AL,0,0,7,0,0,0,0,17,6,3,0,3,3,0.273,4.76,0.0,0,1.0,0,26.0,5,3,0.0,0.0,1.0
43621,gregelu01,2015,1,HOU,AL,7,3,64,0,0,0,31,183,48,21,5,10,59,0.213,3.1,2.0,1,2.0,0,239.0,53,24,2.0,0.0,6.0
43623,greinza01,2015,1,LAN,NL,19,3,32,32,1,0,0,668,148,41,14,40,200,0.187,1.66,1.0,7,5.0,0,843.0,0,43,6.0,2.0,15.0
43651,harriwi02,2015,1,HOU,AL,5,5,68,0,0,0,2,213,42,15,8,22,68,0.168,1.9,1.0,2,1.0,0,276.0,18,18,2.0,1.0,4.0
43653,hatchch02,2015,1,LAN,NL,3,5,49,0,0,0,4,117,35,16,4,13,45,0.238,3.69,2.0,3,3.0,0,166.0,12,19,2.0,1.0,4.0
43659,hembrhe01,2015,1,BOS,AL,2,0,22,0,0,0,0,76,25,10,5,9,15,0.258,3.55,2.0,1,0.0,0,106.0,9,10,0.0,0.0,3.0
43667,hillri01,2015,1,BOS,AL,2,1,4,4,1,1,0,87,14,5,2,5,36,0.141,1.55,0.0,0,2.0,0,106.0,0,5,0.0,0.0,3.0
43669,hinojda01,2015,1,BOS,AL,0,0,1,0,0,0,0,5,0,0,0,3,2,0.0,0.0,0.0,0,1.0,0,9.0,1,0,0.0,0.0,0.0
43678,howeljp01,2015,1,LAN,NL,6,1,65,0,0,0,1,132,47,7,3,14,39,0.272,1.43,1.0,3,2.0,1,190.0,18,9,0.0,1.0,6.0
43681,huffda01,2015,1,LAN,NL,0,0,3,1,0,0,0,18,11,6,2,1,4,0.407,9.0,0.0,0,1.0,0,30.0,1,6,1.0,0.0,0.0
43696,janseke01,2015,1,LAN,NL,2,1,54,0,0,0,36,157,33,14,6,8,80,0.176,2.41,0.0,0,2.0,0,200.0,50,14,0.0,2.0,0.0
43706,johnsbr02,2015,1,BOS,AL,0,1,1,1,0,0,0,13,3,4,0,4,3,0.214,8.31,0.0,0,0.0,0,19.0,0,4,0.0,1.0,1.0
43709,johnsji04,2015,2,LAN,NL,0,3,23,0,0,0,1,56,32,21,3,6,17,0.381,10.13,0.0,1,4.0,0,95.0,2,22,0.0,1.0,4.0
43711,jonesga02,2015,1,NYA,AL,0,0,1,0,0,0,0,2,0,0,0,1,0,0.0,0.0,0.0,0,1.0,0,4.0,1,0,0.0,0.0,0.0
43718,kazmisc01,2015,2,HOU,AL,2,6,13,13,0,0,0,220,78,34,13,24,54,0.27,4.17,0.0,3,6.0,0,323.0,0,42,2.0,2.0,4.0
43722,kellyjo05,2015,1,BOS,AL,10,6,25,25,0,0,0,403,145,72,15,49,110,0.276,4.82,0.0,9,6.0,0,587.0,0,76,0.0,5.0,12.0
43727,kershcl01,2015,1,LAN,NL,16,7,33,33,4,3,0,698,163,55,15,42,301,0.194,2.13,1.0,9,5.0,3,890.0,0,62,4.0,0.0,8.0
43728,keuchda01,2015,1,HOU,AL,20,8,33,33,3,2,0,696,185,64,17,51,216,0.217,2.48,0.0,9,2.0,0,911.0,0,68,1.0,3.0,21.0
43745,latosma01,2015,2,LAN,NL,0,3,6,5,0,0,0,73,31,18,3,6,18,0.323,6.66,1.0,1,0.0,1,106.0,1,19,2.0,2.0,2.0
43747,layneto01,2015,1,BOS,AL,2,1,64,0,0,0,1,143,41,21,3,27,45,0.234,3.97,2.0,1,2.0,0,207.0,9,22,2.0,1.0,3.0
43754,leeza01,2015,1,LAN,NL,0,1,1,1,0,0,0,14,11,7,1,1,3,0.478,13.5,0.0,0,0.0,0,24.0,0,7,0.0,0.0,1.0
43760,liberad01,2015,1,LAN,NL,2,2,39,0,0,0,0,89,26,14,3,9,29,0.232,4.25,4.0,1,0.0,0,122.0,5,14,0.0,1.0,2.0
43762,lindgja01,2015,1,NYA,AL,0,0,7,0,0,0,0,21,5,4,3,4,8,0.208,5.14,0.0,0,0.0,0,29.0,2,4,0.0,1.0,1.0
43781,machije01,2015,2,BOS,AL,1,0,26,0,0,0,4,69,21,13,5,8,20,0.236,5.09,0.0,2,0.0,0,98.0,9,14,0.0,1.0,1.0
43792,martich02,2015,1,NYA,AL,0,2,24,0,0,0,1,62,28,13,2,6,18,0.304,5.66,1.0,3,1.0,0,99.0,8,13,0.0,0.0,0.0
43799,masteju01,2015,1,BOS,AL,4,2,18,9,0,0,0,178,68,37,7,27,49,0.289,5.61,0.0,7,10.0,1,273.0,4,38,0.0,1.0,5.0
43811,mccarbr01,2015,1,LAN,NL,3,0,4,4,0,0,0,69,24,15,9,4,29,0.267,5.87,0.0,0,0.0,0,94.0,0,15,0.0,0.0,1.0
43812,mcculla02,2015,1,HOU,AL,6,7,22,22,1,0,0,377,106,45,10,43,129,0.226,3.22,2.0,8,5.0,1,520.0,0,49,0.0,3.0,11.0
43817,mchugco01,2015,1,HOU,AL,19,7,32,32,0,0,0,611,207,88,19,53,171,0.263,3.89,2.0,5,9.0,0,859.0,0,89,5.0,4.0,12.0
43825,mendero01,2015,2,BOS,AL,0,0,3,0,0,0,0,6,3,1,1,1,1,0.375,4.5,0.0,0,0.0,0,9.0,2,1,0.0,0.0,1.0
43827,mileywa01,2015,1,BOS,AL,11,11,32,32,1,0,0,581,201,96,17,64,147,0.265,4.46,0.0,10,4.0,1,831.0,0,98,3.0,2.0,13.0
43828,millean01,2015,1,NYA,AL,3,2,60,0,0,0,36,185,33,14,5,20,100,0.151,2.04,1.0,2,5.0,0,246.0,53,16,1.0,2.0,1.0
43833,mitchbr01,2015,1,NYA,AL,0,2,20,2,0,0,1,89,37,21,4,16,29,0.296,6.37,1.0,6,2.0,0,143.0,8,24,0.0,0.0,4.0
43840,morendi01,2015,1,NYA,AL,1,0,4,0,0,0,0,31,9,6,1,3,8,0.225,5.23,0.0,1,2.0,0,45.0,1,6,0.0,0.0,0.0
43850,mujiced01,2015,1,BOS,AL,1,1,11,0,0,0,0,41,15,7,3,3,8,0.294,4.61,0.0,0,1.0,2,56.0,4,7,1.0,0.0,4.0
43860,neshepa01,2015,1,HOU,AL,3,6,66,0,0,0,1,164,49,22,8,12,51,0.24,3.62,1.0,1,2.0,0,223.0,8,25,4.0,1.0,3.0
43861,nicasju01,2015,1,LAN,NL,1,3,53,1,0,0,1,175,59,25,1,32,65,0.263,3.86,6.0,2,1.0,0,260.0,12,25,3.0,0.0,5.0
43872,novaiv01,2015,1,NYA,AL,6,11,17,17,0,0,0,282,99,53,13,33,63,0.269,5.07,0.0,5,7.0,0,413.0,0,54,3.0,2.0,7.0
43876,oberhbr01,2015,1,HOU,AL,2,2,8,8,0,0,0,115,44,19,4,17,27,0.293,4.46,0.0,2,1.0,0,171.0,0,21,1.0,2.0,5.0
43881,ogandal01,2015,1,BOS,AL,3,1,64,0,0,0,0,196,59,29,12,28,53,0.242,3.99,2.0,1,3.0,2,277.0,16,29,0.0,2.0,5.0
43892,owenshe02,2015,1,BOS,AL,4,4,11,11,0,0,0,189,62,32,7,24,50,0.255,4.57,0.0,4,3.0,1,272.0,0,35,0.0,2.0,4.0
43899,pazosja01,2015,1,NYA,AL,0,0,11,0,0,0,0,15,3,0,0,3,3,0.176,0.0,0.0,1,0.0,0,21.0,1,0,1.0,0.0,0.0
43900,peacobr01,2015,1,HOU,AL,0,1,1,1,0,0,0,15,5,3,0,2,3,0.278,5.4,0.0,0,1.0,0,22.0,0,3,0.0,1.0,1.0
43904,peraljo01,2015,1,LAN,NL,3,1,33,0,0,0,3,87,28,14,6,8,24,0.248,4.34,1.0,1,0.0,0,121.0,7,14,0.0,0.0,1.0
43908,perezol01,2015,2,HOU,AL,0,3,22,0,0,0,0,36,14,9,2,4,14,0.275,6.75,1.0,1,0.0,0,55.0,4,12,0.0,0.0,0.0
43916,pindebr01,2015,1,NYA,AL,0,2,25,0,0,0,0,83,28,9,4,14,25,0.262,2.93,1.0,0,0.0,1,122.0,10,9,0.0,1.0,2.0
43917,pinedmi01,2015,1,NYA,AL,12,10,27,27,1,0,0,482,176,78,21,21,156,0.278,4.37,0.0,4,3.0,0,668.0,0,83,4.0,6.0,9.0
43920,porceri01,2015,1,BOS,AL,9,15,28,28,0,0,0,516,196,94,25,38,149,0.287,4.92,0.0,12,10.0,1,737.0,0,103,2.0,5.0,21.0
43926,quallch01,2015,1,HOU,AL,3,5,60,0,0,0,4,148,46,24,6,9,46,0.247,4.38,1.0,3,2.0,0,202.0,17,24,1.0,4.0,2.0
43933,ramirjo02,2015,1,NYA,AL,0,0,3,0,0,0,0,9,6,5,0,4,2,0.4,15.0,0.0,3,1.0,0,20.0,1,5,0.0,0.0,0.0
43936,ramirno01,2015,1,BOS,AL,0,1,17,0,0,0,0,39,13,6,3,7,13,0.25,4.15,0.0,1,2.0,0,61.0,3,12,0.0,0.0,2.0
43943,ravinjo01,2015,1,LAN,NL,2,1,9,0,0,0,0,28,13,7,3,4,12,0.31,6.75,0.0,1,1.0,0,47.0,4,7,0.0,0.0,0.0
43969,rodried05,2015,1,BOS,AL,10,6,21,21,0,0,0,365,120,52,13,37,98,0.255,3.85,1.0,4,4.0,1,522.0,0,55,5.0,4.0,8.0
43972,rodrist02,2015,1,LAN,NL,0,0,18,0,0,0,0,31,10,3,0,3,8,0.263,2.61,0.0,0,0.0,0,42.0,4,3,0.0,1.0,0.0
43975,rogeres01,2015,1,NYA,AL,1,1,18,0,0,0,0,99,41,23,5,14,31,0.306,6.27,0.0,6,2.0,0,153.0,3,29,0.0,3.0,4.0
43989,rossro01,2015,1,BOS,AL,0,2,54,0,0,0,6,182,59,26,7,20,53,0.254,3.86,2.0,1,3.0,0,259.0,18,28,2.0,2.0,8.0
43992,rumbeni01,2015,1,NYA,AL,1,1,17,0,0,0,0,47,16,7,2,5,15,0.254,4.02,1.0,2,0.0,1,68.0,6,8,0.0,0.0,1.0
43995,ryanbr01,2015,1,NYA,AL,0,0,1,0,0,0,0,6,2,0,0,0,0,0.25,0.0,0.0,0,0.0,0,8.0,1,0,0.0,0.0,0.0
43999,sabatcc01,2015,1,NYA,AL,6,10,29,29,1,0,0,502,188,88,28,50,137,0.285,4.73,3.0,5,6.0,1,726.0,0,92,5.0,6.0,20.0
44010,santose01,2015,1,LAN,NL,0,0,12,0,0,0,0,40,13,7,2,7,15,0.245,4.73,1.0,4,0.0,0,61.0,6,7,0.0,1.0,1.0
44011,santose01,2015,2,NYA,AL,0,0,2,0,0,0,0,9,3,2,1,0,3,0.25,6.0,0.0,0,0.0,0,12.0,2,2,0.0,0.0,0.0
44019,severlu01,2015,1,NYA,AL,5,3,11,11,0,0,0,187,53,20,9,22,56,0.229,2.89,0.0,2,2.0,1,255.0,0,21,0.0,0.0,6.0
44023,shrevch01,2015,1,NYA,AL,6,2,59,0,0,0,0,175,49,20,10,33,64,0.228,3.09,2.0,4,1.0,0,251.0,13,21,2.0,0.0,5.0
44026,sippto01,2015,1,HOU,AL,3,4,60,0,0,0,0,163,41,12,5,15,62,0.208,1.99,1.0,4,1.0,0,216.0,12,13,2.0,1.0,2.0
44044,straida01,2015,1,HOU,AL,0,1,4,3,0,0,0,50,16,10,2,8,14,0.239,5.4,0.0,1,1.0,0,76.0,0,11,0.0,0.0,0.0
44052,surkaer01,2015,1,LAN,NL,0,0,1,0,0,0,0,10,4,4,2,1,4,0.308,10.8,0.0,0,2.0,0,16.0,0,4,0.0,0.0,0.0
44056,tanakma01,2015,1,NYA,AL,12,7,24,24,1,0,0,462,126,60,25,27,139,0.221,3.51,0.0,4,1.0,0,609.0,0,66,1.0,8.0,7.0
44057,tazawju01,2015,1,BOS,AL,2,7,61,0,0,0,3,176,65,27,5,13,56,0.28,4.14,1.0,9,1.0,1,247.0,13,28,0.0,1.0,5.0
44061,thatcjo01,2015,1,HOU,AL,1,3,43,0,0,0,0,68,23,8,1,12,26,0.274,3.18,0.0,0,0.0,0,100.0,3,8,2.0,2.0,3.0
44065,thomaia01,2015,2,LAN,NL,1,1,9,1,0,0,0,54,16,8,1,6,18,0.239,4.0,0.0,0,0.0,0,73.0,3,8,0.0,0.0,3.0
44075,tracyma01,2015,1,NYA,AL,0,0,1,0,0,0,0,6,2,0,0,2,1,0.222,0.0,0.0,0,0.0,0,11.0,1,3,0.0,0.0,0.0
44078,tsaoch01,2015,1,LAN,NL,1,1,5,0,0,0,0,21,15,8,3,3,7,0.441,10.29,1.0,0,0.0,0,37.0,0,9,0.0,0.0,0.0
44080,ueharko01,2015,1,BOS,AL,2,4,43,0,0,0,25,121,28,10,3,9,47,0.188,2.23,1.0,4,0.0,0,160.0,38,14,1.0,1.0,1.0
44084,varvaan01,2015,1,BOS,AL,0,1,9,0,0,0,0,33,14,5,0,6,8,0.311,4.09,1.0,1,0.0,0,51.0,2,5,0.0,0.0,0.0
44086,velasvi01,2015,1,HOU,AL,1,1,19,7,0,0,0,167,50,27,5,21,58,0.24,4.37,0.0,3,2.0,0,231.0,5,28,0.0,0.0,6.0
44106,warread01,2015,1,NYA,AL,7,7,43,17,0,0,1,394,114,48,10,39,104,0.236,3.29,1.0,7,7.0,0,534.0,5,51,2.0,2.0,14.0
44113,westma03,2015,1,LAN,NL,0,0,2,0,0,0,0,9,2,0,0,1,2,0.2,0.0,0.0,0,0.0,0,11.0,2,0,0.0,0.0,1.0
44114,whitlch01,2015,1,NYA,AL,1,2,4,4,0,0,0,58,20,9,3,5,16,0.26,4.19,0.0,2,2.0,0,84.0,0,9,0.0,0.0,0.0
44115,wielajo01,2015,1,LAN,NL,0,1,2,2,0,0,0,26,10,8,2,5,4,0.294,8.31,1.0,0,0.0,0,40.0,0,8,0.0,1.0,0.0
44122,wilsoju10,2015,1,NYA,AL,5,0,74,0,0,0,0,183,49,21,3,20,66,0.223,3.1,0.0,4,2.0,0,244.0,3,21,2.0,0.0,7.0
44126,wojcias01,2015,1,HOU,AL,0,1,5,3,0,0,0,49,23,13,2,7,16,0.329,7.16,0.0,1,0.0,0,79.0,2,13,0.0,2.0,0.0
44129,woodal02,2015,2,LAN,NL,5,6,12,12,0,0,0,211,66,34,7,23,49,0.253,4.35,2.0,1,2.0,1,292.0,0,36,4.0,2.0,9.0
44134,wrighst01,2015,1,BOS,AL,5,4,16,9,0,0,0,218,67,33,12,27,52,0.239,4.09,0.0,2,1.0,0,310.0,3,38,1.0,1.0,2.0
44144,abadfe01,2016,2,BOS,AL,0,2,18,0,0,0,0,38,13,9,2,8,12,0.255,6.39,0.0,1,1.0,0,60.0,7,9,0.0,0.0,1.0
44159,anderbr04,2016,1,LAN,NL,1,2,4,3,0,0,0,34,25,15,4,4,5,0.446,11.91,0.0,2,0.0,0,62.0,0,15,1.0,1.0,0.0
44172,avilalu01,2016,1,LAN,NL,3,0,27,0,0,0,0,59,12,7,0,10,28,0.176,3.2,4.0,1,2.0,0,82.0,3,8,2.0,0.0,1.0
44174,baezpe01,2016,1,LAN,NL,3,2,73,0,0,0,0,222,52,25,11,22,83,0.195,3.04,0.0,3,2.0,2,295.0,10,27,1.0,2.0,3.0
44178,barbajo01,2016,1,NYA,AL,1,2,13,0,0,0,0,39,13,11,2,5,15,0.26,7.62,0.0,0,2.0,0,57.0,5,11,0.0,0.0,0.0
44182,barnema01,2016,1,BOS,AL,4,3,62,0,0,0,1,200,62,30,6,31,71,0.248,4.05,1.0,4,3.0,0,287.0,13,32,2.0,1.0,3.0
44198,betande01,2016,1,NYA,AL,3,6,73,0,0,0,12,219,54,25,5,28,126,0.201,3.08,0.0,6,1.0,0,299.0,20,31,1.0,1.0,4.0
44204,blantjo01,2016,1,LAN,NL,7,2,75,0,0,0,0,240,55,22,7,26,80,0.194,2.48,4.0,3,2.0,0,315.0,15,23,0.0,3.0,5.0
44206,bleieri01,2016,1,NYA,AL,0,0,23,0,0,0,0,69,20,5,0,4,13,0.233,1.96,0.0,0,1.0,0,92.0,8,6,0.0,1.0,3.0
44208,bolsimi01,2016,1,LAN,NL,1,4,6,6,0,0,0,83,33,21,7,9,25,0.303,6.83,1.0,0,2.0,0,122.0,0,21,2.0,0.0,2.0
44227,buchhcl01,2016,1,BOS,AL,8,10,37,21,0,0,0,418,130,74,21,55,93,0.25,4.78,1.0,1,5.0,0,588.0,7,80,2.0,6.0,17.0
44256,cessalu01,2016,1,NYA,AL,4,4,17,9,0,0,0,211,64,34,16,14,46,0.241,4.35,0.0,2,3.0,0,285.0,5,36,1.0,1.0,3.0
44261,chapmar01,2016,1,NYA,AL,3,0,31,0,0,0,20,94,20,7,2,8,44,0.179,2.01,0.0,2,0.0,1,120.0,29,8,0.0,0.0,2.0
44263,chapmke02,2016,1,HOU,AL,0,0,9,0,0,0,0,24,15,8,0,4,6,0.395,9.0,0.0,0,0.0,0,42.0,1,8,0.0,0.0,1.0
44267,chaveje01,2016,2,LAN,NL,1,0,23,0,0,0,0,77,28,12,3,8,21,0.277,4.21,3.0,0,0.0,0,109.0,3,14,0.0,0.0,3.0
44276,clippty01,2016,2,NYA,AL,2,3,29,0,0,0,2,76,20,7,3,11,26,0.211,2.49,2.0,4,1.0,0,107.0,7,9,0.0,0.0,1.0
44278,cokeph01,2016,1,NYA,AL,0,0,3,0,0,0,0,18,7,4,1,4,1,0.292,6.0,0.0,0,1.0,0,29.0,2,5,0.0,0.0,1.0
44282,colemlo01,2016,1,LAN,NL,2,1,61,0,0,0,0,144,45,25,5,24,45,0.25,4.69,2.0,3,3.0,0,211.0,11,27,2.0,2.0,3.0
44299,cuevawi01,2016,1,BOS,AL,0,1,3,0,0,0,0,15,5,2,0,6,3,0.294,3.6,0.0,0,0.0,0,24.0,2,2,1.0,0.0,0.0
44307,daytogr01,2016,1,LAN,NL,0,1,25,0,0,0,0,79,14,6,4,6,39,0.149,2.05,0.0,0,1.0,0,101.0,0,7,0.0,0.0,0.0
44314,deleojo03,2016,1,LAN,NL,2,0,4,4,0,0,0,51,19,12,5,7,15,0.288,6.35,1.0,0,3.0,0,80.0,0,17,3.0,1.0,0.0
44323,devench02,2016,1,HOU,AL,4,4,48,5,0,0,1,325,79,26,4,20,104,0.206,2.16,0.0,2,3.0,0,408.0,16,26,1.0,1.0,10.0
44348,eliasro01,2016,1,BOS,AL,0,1,3,1,0,0,0,23,15,11,2,5,3,0.417,12.91,1.0,0,0.0,0,41.0,2,11,0.0,0.0,1.0
44350,eovalna01,2016,1,NYA,AL,9,8,24,21,0,0,0,374,123,66,23,40,97,0.255,4.76,2.0,5,1.0,0,525.0,2,66,1.0,1.0,8.0
44362,feldmsc01,2016,1,HOU,AL,5,3,26,5,0,0,0,186,64,20,8,13,42,0.264,2.9,3.0,0,3.0,0,265.0,9,27,4.0,3.0,4.0
44364,felizmi01,2016,1,HOU,AL,8,1,47,0,0,0,0,195,55,32,10,22,95,0.224,4.43,0.0,6,0.0,0,270.0,17,33,0.0,2.0,1.0
44367,fieldjo03,2016,1,HOU,AL,0,0,15,0,0,0,0,47,23,12,2,3,20,0.343,6.89,0.0,0,0.0,0,71.0,7,14,0.0,1.0,2.0
44368,fieldjo03,2016,2,LAN,NL,1,0,22,0,0,0,0,58,20,6,2,8,22,0.256,2.79,2.0,0,1.0,0,87.0,5,8,0.0,0.0,1.0
44370,fienca01,2016,2,LAN,NL,0,1,25,0,0,0,0,77,24,12,8,7,23,0.245,4.21,3.0,0,0.0,0,106.0,5,12,1.0,0.0,0.0
44371,fiersmi01,2016,1,HOU,AL,11,8,31,30,0,0,0,506,187,84,26,42,134,0.28,4.48,0.0,17,7.0,0,724.0,0,89,3.0,5.0,6.0
44373,fistedo01,2016,1,HOU,AL,12,13,32,32,0,0,0,541,195,93,24,62,115,0.276,4.64,1.0,10,7.0,0,779.0,0,98,0.0,3.0,20.0
44382,friasca01,2016,1,LAN,NL,0,0,1,0,0,0,0,12,2,0,0,1,3,0.143,0.0,0.0,0,0.0,0,15.0,1,0,0.0,0.0,0.0
44392,garciyi01,2016,1,LAN,NL,0,0,9,0,0,0,0,25,9,3,0,1,4,0.31,3.24,0.0,0,1.0,0,35.0,1,3,2.0,2.0,1.0
44402,gileske01,2016,1,HOU,AL,2,5,69,0,0,0,15,197,60,30,8,25,102,0.234,4.11,1.0,14,2.0,0,286.0,24,32,2.0,1.0,0.0
44419,goodyni01,2016,1,NYA,AL,0,0,27,0,0,0,0,87,30,15,7,12,34,0.265,4.66,1.0,0,1.0,0,128.0,10,15,1.0,1.0,1.0
44427,greench03,2016,1,NYA,AL,2,4,12,8,0,0,1,137,49,24,12,15,52,0.272,4.73,0.0,1,1.0,0,198.0,4,26,1.0,1.0,3.0
44429,gregelu01,2016,1,HOU,AL,4,3,59,0,0,0,15,173,38,21,5,18,67,0.183,3.28,2.0,6,2.0,0,230.0,25,23,0.0,2.0,3.0
44442,gustaja01,2016,1,HOU,AL,1,0,14,0,0,0,0,46,13,6,2,4,16,0.232,3.52,0.0,2,0.0,0,60.0,4,6,0.0,0.0,1.0
44453,harriwi02,2016,1,HOU,AL,1,2,66,0,0,0,12,192,52,16,3,15,69,0.22,2.25,1.0,4,1.0,0,255.0,19,17,1.0,2.0,6.0
44456,hatchch02,2016,1,LAN,NL,5,4,37,0,0,0,0,122,40,25,8,21,43,0.253,5.53,4.0,4,1.0,0,181.0,10,26,1.0,0.0,3.0
44460,hellebe01,2016,1,NYA,AL,1,0,10,0,0,0,0,21,11,5,3,4,6,0.324,6.43,1.0,0,2.0,0,40.0,4,5,0.0,0.0,0.0
44462,hembrhe01,2016,1,BOS,AL,4,1,38,0,0,0,0,153,51,15,6,17,47,0.249,2.65,1.0,0,0.0,0,223.0,8,23,0.0,1.0,2.0
44474,hillri01,2016,2,LAN,NL,3,2,6,6,0,0,0,103,22,7,2,5,39,0.182,1.83,0.0,0,0.0,0,128.0,0,7,1.0,1.0,0.0
44479,holdejo02,2016,1,NYA,AL,0,0,8,0,0,0,0,25,8,5,1,4,5,0.258,5.4,0.0,0,0.0,0,36.0,1,5,0.0,1.0,1.0
44484,howeljp01,2016,1,LAN,NL,1,1,64,0,0,0,0,152,56,23,4,15,44,0.281,4.09,2.0,3,3.0,0,220.0,11,23,1.0,2.0,4.0
44486,hoytja01,2016,1,HOU,AL,1,1,22,0,0,0,0,66,16,11,5,9,28,0.203,4.5,1.0,3,1.0,0,91.0,7,12,1.0,1.0,1.0
44501,janseke01,2016,1,LAN,NL,3,2,71,0,0,0,47,206,35,14,4,11,104,0.15,1.83,2.0,1,2.0,0,251.0,63,14,3.0,1.0,1.0
44517,kazmisc01,2016,1,LAN,NL,10,6,26,26,0,0,0,409,133,69,21,52,134,0.253,4.56,3.0,5,7.0,0,590.0,0,71,2.0,3.0,6.0
44521,kellyjo05,2016,1,BOS,AL,4,0,20,6,0,0,0,120,44,23,5,24,48,0.278,5.18,0.0,0,2.0,0,188.0,6,23,0.0,4.0,2.0
44524,kershcl01,2016,1,LAN,NL,12,4,21,21,3,3,0,447,97,28,8,11,172,0.184,1.69,1.0,5,2.0,3,544.0,0,31,4.0,1.0,9.0
44525,keuchda01,2016,1,HOU,AL,9,12,26,26,1,1,0,504,168,85,20,48,144,0.259,4.55,1.0,9,2.0,0,701.0,0,88,2.0,1.0,16.0
44527,kimbrcr01,2016,1,BOS,AL,2,6,57,0,0,0,31,159,28,20,4,30,83,0.152,3.4,0.0,6,4.0,0,220.0,47,22,1.0,1.0,3.0
44538,kratzer01,2016,1,HOU,AL,0,0,1,0,0,0,0,3,3,1,0,0,0,0.5,9.0,0.0,2,0.0,0,6.0,1,2,0.0,0.0,0.0
44544,lamarry01,2016,1,BOS,AL,0,0,1,0,0,0,0,3,2,0,0,0,0,0.4,0.0,0.0,0,0.0,0,5.0,1,0,0.0,0.0,0.0
44549,layneto01,2016,1,BOS,AL,0,1,34,0,0,0,0,86,27,12,1,14,25,0.26,3.77,2.0,1,1.0,0,120.0,12,12,1.0,0.0,3.0
44550,layneto01,2016,2,NYA,AL,2,0,29,0,0,0,1,48,10,6,2,7,13,0.175,3.38,1.0,1,2.0,0,67.0,4,6,1.0,0.0,0.0
44559,liberad01,2016,1,LAN,NL,2,2,58,0,0,0,0,128,34,16,2,17,47,0.219,3.38,4.0,1,2.0,0,176.0,9,16,0.0,2.0,3.0
44560,lightpa01,2016,1,BOS,AL,0,0,2,0,0,0,0,8,7,7,2,1,2,0.438,23.63,0.0,0,1.0,0,18.0,1,8,0.0,0.0,0.0
44580,maedake01,2016,1,LAN,NL,16,11,32,32,0,0,0,527,150,68,20,50,179,0.229,3.48,6.0,6,8.0,0,716.0,0,72,0.0,3.0,10.0
44608,mccarbr01,2016,1,LAN,NL,2,3,10,9,0,0,0,120,29,22,2,26,44,0.207,4.95,1.0,2,2.0,0,171.0,0,24,1.0,2.0,3.0
44610,mcculla02,2016,1,HOU,AL,6,5,14,14,0,0,0,243,80,29,5,45,106,0.261,3.22,1.0,9,0.0,2,352.0,0,29,0.0,0.0,10.0
44614,mchugco01,2016,1,HOU,AL,13,10,33,33,1,0,0,554,206,89,25,54,177,0.282,4.34,1.0,9,5.0,0,796.0,0,92,1.0,5.0,15.0
44627,millean01,2016,1,NYA,AL,6,1,44,0,0,0,9,136,28,7,5,7,77,0.174,1.39,0.0,0,2.0,0,172.0,16,8,1.0,1.0,3.0
44636,mitchbr01,2016,1,NYA,AL,1,2,5,5,0,0,0,75,26,9,1,12,11,0.277,3.24,0.0,0,0.0,0,107.0,0,13,1.0,0.0,5.0
44656,mulleco01,2016,1,NYA,AL,0,0,3,0,0,0,0,9,0,1,0,4,4,0.0,3.0,0.0,0,1.0,0,14.0,1,1,0.0,0.0,0.0
44658,musgrjo01,2016,1,HOU,AL,4,4,11,10,0,0,0,186,59,28,9,16,55,0.25,4.06,0.0,0,3.0,0,256.0,1,28,0.0,1.0,4.0
44665,neshepa01,2016,1,HOU,AL,2,2,60,0,0,0,0,141,33,16,6,11,43,0.194,3.06,7.0,1,0.0,0,185.0,9,17,3.0,1.0,2.0
44674,norribu01,2016,2,LAN,NL,3,3,13,9,0,0,0,128,48,31,8,21,42,0.279,6.54,3.0,4,1.0,0,194.0,1,33,0.0,0.0,7.0
44676,novaiv01,2016,1,NYA,AL,7,6,21,15,0,0,1,292,107,53,19,25,75,0.276,4.9,1.0,7,6.0,0,421.0,3,54,1.0,2.0,8.0
44690,olsonty01,2016,1,NYA,AL,0,0,1,0,0,0,0,8,3,2,0,2,0,0.3,6.75,0.0,0,0.0,0,13.0,1,2,0.0,1.0,0.0
44694,osullse01,2016,1,BOS,AL,2,0,5,4,0,0,0,64,30,16,3,6,13,0.337,6.75,0.0,2,2.0,0,98.0,1,17,0.0,1.0,1.0
44699,owenshe02,2016,1,BOS,AL,0,2,5,5,0,0,0,66,23,17,5,20,21,0.284,6.95,1.0,3,1.0,0,103.0,0,17,0.0,1.0,4.0
44702,parkebl01,2016,2,NYA,AL,1,0,16,0,0,0,1,49,16,9,1,8,15,0.25,4.96,1.0,0,2.0,0,74.0,5,9,0.0,0.0,0.0
44706,paulida01,2016,1,HOU,AL,0,1,3,1,0,0,0,21,6,4,0,3,2,0.24,5.14,0.0,2,1.0,0,29.0,1,4,0.0,0.0,2.0
44708,pazosja01,2016,1,NYA,AL,1,0,7,0,0,0,0,10,7,5,2,1,3,0.438,13.5,0.0,0,0.0,0,17.0,1,5,0.0,0.0,1.0
44709,peacobr01,2016,1,HOU,AL,0,1,10,5,0,0,0,95,21,13,6,14,28,0.186,3.69,0.0,2,0.0,0,127.0,3,15,0.0,0.0,3.0
44728,pindebr01,2016,1,NYA,AL,0,0,1,0,0,0,0,3,3,2,0,1,1,0.6,18.0,0.0,0,0.0,0,6.0,0,2,0.0,0.0,1.0
44729,pinedmi01,2016,1,NYA,AL,6,12,32,32,0,0,0,527,184,94,27,53,207,0.266,4.82,1.0,7,6.0,0,756.0,0,98,0.0,3.0,10.0
44732,pomerdr01,2016,2,BOS,AL,3,5,14,13,0,0,0,206,70,35,14,24,71,0.262,4.59,1.0,3,0.0,0,292.0,1,35,1.0,0.0,6.0
44733,porceri01,2016,1,BOS,AL,22,4,33,33,3,0,0,669,193,78,23,32,189,0.23,3.15,0.0,3,13.0,0,890.0,0,85,2.0,3.0,16.0
44736,priceda01,2016,1,BOS,AL,17,9,35,35,2,0,0,690,227,102,30,50,228,0.258,3.99,1.0,4,7.0,0,951.0,0,106,8.0,7.0,19.0
44749,ramirno01,2016,1,BOS,AL,0,0,14,0,0,0,0,39,16,9,4,8,15,0.327,6.23,1.0,0,2.0,0,61.0,7,9,0.0,2.0,3.0
44756,ravinjo01,2016,1,LAN,NL,0,0,10,0,0,0,0,29,2,1,1,4,13,0.065,0.93,0.0,2,0.0,0,35.0,4,1,0.0,0.0,0.0
44774,rodgebr01,2016,1,HOU,AL,0,1,5,1,0,0,0,25,15,14,0,7,3,0.385,15.12,0.0,0,1.0,0,48.0,2,14,0.0,1.0,0.0
44778,rodried05,2016,1,BOS,AL,3,7,20,20,0,0,0,321,99,56,16,40,100,0.241,4.71,1.0,0,3.0,0,458.0,0,58,1.0,4.0,3.0
44794,rossro01,2016,1,BOS,AL,3,2,54,0,0,0,0,166,47,20,2,23,56,0.228,3.25,0.0,7,8.0,0,238.0,8,21,0.0,1.0,6.0
44801,ryuhy01,2016,1,LAN,NL,0,1,1,1,0,0,0,14,8,6,1,2,4,0.364,11.57,1.0,0,0.0,0,24.0,0,6,0.0,0.0,0.0
44804,sabatcc01,2016,1,NYA,AL,9,12,30,30,0,0,0,539,172,78,22,65,152,0.25,3.91,1.0,2,9.0,1,768.0,0,83,5.0,2.0,21.0
44827,scottro02,2016,1,BOS,AL,1,0,7,0,0,0,0,18,6,0,0,2,5,0.273,0.0,0.0,1,0.0,0,25.0,1,0,1.0,0.0,0.0
44829,severlu01,2016,1,NYA,AL,3,8,22,11,0,0,0,213,78,46,11,25,66,0.275,5.83,1.0,3,3.0,0,312.0,3,48,0.0,0.0,8.0
44835,shrevch01,2016,1,NYA,AL,2,1,37,0,0,0,1,99,29,19,8,13,33,0.232,5.18,0.0,0,3.0,0,142.0,11,19,1.0,0.0,0.0
44840,sippto01,2016,1,HOU,AL,1,2,60,0,0,0,1,131,52,24,12,18,40,0.297,4.95,0.0,0,1.0,0,195.0,13,26,0.0,1.0,6.0
44843,smithca02,2016,1,BOS,AL,0,0,3,0,0,0,0,8,2,0,0,1,2,0.2,0.0,0.0,0,0.0,0,11.0,0,1,0.0,0.0,1.0
44859,stewabr01,2016,1,LAN,NL,2,2,7,5,0,0,0,84,33,18,7,12,25,0.292,5.79,1.0,0,0.0,0,126.0,0,18,1.0,0.0,1.0
44868,stripro01,2016,1,LAN,NL,5,9,22,14,0,0,0,300,96,44,10,30,74,0.25,3.96,3.0,6,1.0,0,419.0,4,46,3.0,1.0,7.0
44876,swarzan01,2016,1,NYA,AL,1,2,26,0,0,0,0,93,28,19,10,7,31,0.243,5.52,0.0,1,1.0,0,124.0,6,19,0.0,1.0,3.0
44879,tanakma01,2016,1,NYA,AL,14,4,31,31,0,0,0,599,179,68,22,36,165,0.236,3.07,0.0,7,3.0,0,805.0,0,75,4.0,3.0,10.0
44880,tazawju01,2016,1,BOS,AL,3,2,53,0,0,0,0,149,47,23,9,14,54,0.245,4.17,1.0,4,1.0,0,208.0,5,23,0.0,1.0,2.0
44884,tepesni01,2016,1,LAN,NL,0,1,1,1,0,0,0,12,7,5,1,0,3,0.368,11.25,0.0,0,0.0,0,19.0,0,5,0.0,0.0,0.0
44898,tsaoch01,2016,1,LAN,NL,0,1,2,0,0,0,0,5,1,1,0,3,0,0.167,5.4,0.0,0,0.0,0,9.0,2,1,0.0,0.0,0.0
44901,ueharko01,2016,1,BOS,AL,2,3,50,0,0,0,7,141,34,18,8,11,63,0.2,3.45,1.0,1,2.0,0,184.0,12,18,1.0,0.0,2.0
44903,uriasju01,2016,1,LAN,NL,5,2,18,15,0,0,0,231,81,29,5,31,84,0.274,3.39,0.0,3,4.0,0,336.0,1,32,4.0,1.0,6.0
44925,warread01,2016,2,NYA,AL,4,2,29,0,0,0,0,91,28,11,4,10,25,0.25,3.26,2.0,3,1.0,0,125.0,3,13,1.0,1.0,2.0
44934,whitety01,2016,1,HOU,AL,0,0,1,0,0,0,0,3,1,1,1,0,0,0.25,9.0,0.0,0,0.0,0,4.0,1,1,0.0,0.0,0.0
44949,woodal02,2016,1,LAN,NL,1,4,14,10,0,0,0,181,56,25,5,20,66,0.245,3.73,0.0,4,3.0,0,255.0,0,30,0.0,2.0,5.0
44956,wrighst01,2016,1,BOS,AL,13,6,24,24,4,1,0,470,138,58,12,57,127,0.235,3.33,1.0,10,8.0,0,656.0,0,74,2.0,2.0,16.0
44957,yateski01,2016,1,NYA,AL,2,1,41,0,0,0,0,124,41,24,5,19,50,0.258,5.23,1.0,1,4.0,0,184.0,11,24,1.0,1.0,1.0
44964,zieglbr01,2016,2,BOS,AL,2,4,33,0,0,0,4,89,26,5,1,11,31,0.234,1.52,2.0,1,1.0,0,124.0,12,8,1.0,0.0,6.0
44967,abadfe01,2017,1,BOS,AL,2,1,48,0,0,0,1,131,40,16,4,14,37,0.242,3.3,1.0,0,1.0,1,182.0,15,18,0.0,2.0,4.0
44991,aokino01,2017,1,HOU,AL,0,0,1,0,0,0,0,3,1,3,0,2,0,0.333,27.0,0.0,0,0.0,0,6.0,1,3,0.0,1.0,0.0
45000,avilalu01,2017,1,LAN,NL,2,3,61,0,0,0,0,138,42,15,2,22,52,0.246,2.93,3.0,1,1.0,0,194.0,5,16,0.0,0.0,4.0
45003,baezpe01,2017,1,LAN,NL,3,6,66,0,0,0,0,192,56,21,9,29,64,0.225,2.95,2.0,1,2.0,1,280.0,6,24,0.0,0.0,1.0
45010,barnema01,2017,1,BOS,AL,7,3,70,0,0,0,1,209,57,30,7,28,83,0.224,3.88,0.0,3,1.0,0,287.0,15,31,1.0,3.0,7.0
45028,betande01,2017,1,NYA,AL,3,6,66,0,0,0,10,179,29,19,3,44,100,0.141,2.87,0.0,5,11.0,1,261.0,21,20,1.0,0.0,1.0
45047,boyerbl01,2017,1,BOS,AL,1,1,32,0,0,0,0,124,50,20,3,14,33,0.311,4.35,3.0,1,1.0,0,178.0,11,20,1.0,1.0,7.0
45067,buehlwa01,2017,1,LAN,NL,1,0,8,0,0,0,0,28,11,8,2,8,12,0.306,7.71,1.0,1,0.0,0,44.0,2,8,0.0,0.0,3.0
45083,castifa01,2017,1,LAN,NL,0,0,2,0,0,0,0,4,3,2,0,1,2,0.429,13.5,0.0,1,0.0,0,8.0,0,2,0.0,0.0,0.0
45090,cessalu01,2017,1,NYA,AL,0,3,10,5,0,0,0,108,36,19,7,17,30,0.257,4.75,0.0,2,3.0,0,160.0,2,21,0.0,0.0,2.0
45094,chapmar01,2017,1,NYA,AL,4,3,52,0,0,0,22,151,37,18,3,20,69,0.2,3.22,2.0,5,3.0,0,210.0,42,20,0.0,1.0,1.0
45099,cingrto01,2017,2,LAN,NL,0,0,22,0,0,0,0,58,15,6,1,6,28,0.214,2.79,0.0,3,0.0,0,77.0,8,8,1.0,0.0,1.0
45105,clippty01,2017,1,NYA,AL,1,5,40,0,0,0,1,109,28,20,7,19,42,0.209,4.95,1.0,5,1.0,0,158.0,7,21,3.0,1.0,0.0
45107,clippty01,2017,3,HOU,AL,0,2,16,0,0,0,2,42,11,10,3,7,18,0.208,6.43,0.0,3,1.0,0,62.0,9,10,0.0,1.0,1.0
45133,darviyu01,2017,2,LAN,NL,4,3,9,9,0,0,0,149,44,19,7,13,61,0.235,3.44,1.0,3,1.0,0,202.0,0,20,1.0,0.0,3.0
45135,davisjd01,2017,1,HOU,AL,0,0,2,0,0,0,0,5,1,0,0,1,3,0.167,0.0,0.0,0,0.0,0,7.0,2,0,0.0,0.0,0.0
45138,daytogr01,2017,1,LAN,NL,1,1,29,0,0,0,0,71,19,13,5,12,20,0.221,4.94,1.0,0,0.0,0,102.0,6,13,1.0,3.0,0.0
45148,devench02,2017,1,HOU,AL,8,5,62,0,0,0,4,242,50,24,11,26,100,0.174,2.68,3.0,2,2.0,0,316.0,10,26,0.0,1.0,5.0
45149,diazda01,2017,1,HOU,AL,1,1,10,1,0,0,0,39,17,13,3,4,20,0.315,9.0,0.0,4,0.0,0,58.0,4,14,0.0,0.0,3.0
45172,eliasro01,2017,1,BOS,AL,0,0,1,0,0,0,0,1,0,0,0,1,1,0.0,0.0,0.0,0,0.0,0,2.0,1,0,0.0,0.0,0.0
45189,felizmi01,2017,1,HOU,AL,4,2,46,0,0,0,0,144,53,30,8,22,70,0.276,5.63,1.0,7,0.0,0,218.0,13,31,0.0,4.0,2.0
45193,fieldjo03,2017,1,LAN,NL,5,0,57,0,0,0,2,171,40,18,10,15,60,0.194,2.84,1.0,1,1.0,1,223.0,13,19,0.0,1.0,3.0
45196,fiersmi01,2017,1,HOU,AL,8,10,29,28,0,0,0,460,157,89,32,62,146,0.266,5.22,0.0,11,13.0,1,671.0,0,95,3.0,1.0,16.0
45198,fistedo01,2017,1,BOS,AL,5,9,18,15,1,0,0,271,87,49,9,38,83,0.254,4.88,3.0,2,3.0,1,392.0,3,55,3.0,5.0,5.0
45204,fontwi01,2017,1,LAN,NL,0,0,3,0,0,0,0,11,7,7,2,4,3,0.389,17.18,0.0,0,0.0,0,22.0,2,7,0.0,0.0,0.0
45215,gallegi01,2017,1,NYA,AL,0,1,16,0,0,0,0,61,21,11,3,5,22,0.263,4.87,1.0,1,0.0,1,88.0,7,12,1.0,1.0,0.0
45220,garcija02,2017,3,NYA,AL,0,3,8,8,0,0,0,112,41,20,6,20,37,0.279,4.82,1.0,3,0.0,0,170.0,0,25,0.0,3.0,3.0
45236,germado01,2017,1,NYA,AL,0,1,7,0,0,0,0,43,11,5,1,9,18,0.216,3.14,0.0,3,0.0,0,62.0,5,6,1.0,1.0,2.0
45238,gileske01,2017,1,HOU,AL,1,3,63,0,0,0,34,188,44,16,4,21,83,0.198,2.3,0.0,3,1.0,0,247.0,55,16,1.0,2.0,4.0
45264,grayso01,2017,2,NYA,AL,4,7,11,11,1,0,0,196,55,27,11,27,59,0.222,3.72,1.0,4,2.0,0,278.0,0,31,1.0,0.0,3.0
45265,greench03,2017,1,NYA,AL,5,0,40,1,0,0,0,207,34,14,4,17,103,0.147,1.83,0.0,3,2.0,0,253.0,4,14,2.0,1.0,4.0
45267,gregelu01,2017,1,HOU,AL,2,3,65,0,0,0,1,183,62,31,13,20,70,0.257,4.57,4.0,5,0.0,1,263.0,13,31,1.0,1.0,2.0
45274,guduare01,2017,1,HOU,AL,0,0,22,0,0,0,0,48,24,14,1,12,16,0.338,7.88,0.0,3,0.0,0,83.0,3,14,0.0,0.0,1.0
45279,gustaja01,2017,1,HOU,AL,0,0,6,0,0,0,0,15,5,3,0,7,2,0.278,5.4,0.0,0,0.0,0,25.0,2,4,0.0,0.0,2.0
45290,harriwi02,2017,1,HOU,AL,3,2,46,0,0,0,2,136,37,15,7,7,52,0.218,2.98,0.0,1,0.0,0,177.0,5,15,0.0,0.0,1.0
45293,hatchch02,2017,1,LAN,NL,0,1,26,0,0,0,0,110,37,19,7,12,43,0.259,4.66,0.0,2,0.0,1,158.0,15,20,2.0,1.0,2.0
45297,hellebe01,2017,1,NYA,AL,1,0,9,0,0,0,0,33,5,1,0,6,9,0.139,0.82,0.0,1,0.0,0,43.0,4,1,0.0,1.0,1.0
45300,hembrhe01,2017,1,BOS,AL,2,3,62,0,0,0,0,186,72,25,10,18,70,0.289,3.63,0.0,2,1.0,0,271.0,8,29,1.0,2.0,5.0
45308,herrero01,2017,1,NYA,AL,0,1,2,0,0,0,0,9,3,2,1,1,3,0.25,6.0,0.0,0,1.0,0,14.0,1,2,0.0,0.0,0.0
45312,hillri01,2017,1,LAN,NL,12,8,25,25,1,0,0,407,99,50,18,49,166,0.203,3.32,1.0,2,9.0,1,552.0,0,51,4.0,2.0,8.0
45314,holdejo02,2017,1,NYA,AL,1,1,37,0,0,0,0,118,45,17,5,8,40,0.283,3.89,1.0,2,3.0,0,171.0,12,17,1.0,0.0,3.0
45321,hoytja01,2017,1,HOU,AL,1,0,43,0,0,0,0,148,51,24,7,14,66,0.262,4.38,0.0,4,2.0,0,211.0,7,24,0.0,0.0,5.0
45334,jankojo01,2017,1,HOU,AL,1,0,3,0,0,0,0,13,7,6,3,2,5,0.35,12.46,0.0,0,0.0,0,22.0,2,6,0.0,0.0,0.0
45335,janseke01,2017,1,LAN,NL,5,0,65,0,0,0,41,205,44,10,5,7,109,0.177,1.32,0.0,2,2.0,1,258.0,57,11,0.0,0.0,3.0
45344,johnsbr02,2017,1,BOS,AL,2,0,5,5,1,1,0,81,32,13,5,8,21,0.283,4.33,1.0,0,0.0,0,121.0,0,13,0.0,0.0,0.0
45352,kahnlto01,2017,2,NYA,AL,1,1,32,0,0,0,0,80,25,8,1,10,36,0.248,2.7,0.0,3,2.0,0,115.0,7,8,0.0,2.0,2.0
45356,kellyjo05,2017,1,BOS,AL,4,1,54,0,0,0,0,174,42,18,3,27,52,0.202,2.79,1.0,4,1.0,0,238.0,14,19,0.0,2.0,6.0
45357,kendrky01,2017,1,BOS,AL,0,2,2,2,0,0,0,25,18,12,1,3,3,0.429,12.96,0.0,0,0.0,0,45.0,0,12,0.0,0.0,1.0
45359,kershcl01,2017,1,LAN,NL,18,4,27,27,1,0,0,525,136,45,23,30,202,0.212,2.31,0.0,4,0.0,2,679.0,0,49,4.0,3.0,15.0
45360,keuchda01,2017,1,HOU,AL,14,5,23,23,1,0,0,437,116,47,15,47,125,0.218,2.9,0.0,1,2.0,0,584.0,0,50,1.0,0.0,23.0
45361,kimbrcr01,2017,1,BOS,AL,5,0,67,0,0,0,35,207,33,11,6,14,126,0.14,1.43,0.0,5,4.0,0,254.0,51,11,1.0,0.0,1.0
45382,layneto01,2017,1,NYA,AL,0,0,19,0,0,0,0,39,16,11,1,8,9,0.296,7.62,0.0,0,1.0,0,63.0,4,12,0.0,0.0,1.0
45395,liberad01,2017,1,LAN,NL,0,0,4,0,0,0,0,10,3,1,0,2,5,0.231,2.7,0.0,0,0.0,0,15.0,1,1,0.0,0.0,0.0
45398,liriafr01,2017,2,HOU,AL,0,2,20,0,0,0,0,43,14,7,0,10,11,0.269,4.4,1.0,1,2.0,0,64.0,3,9,0.0,0.0,4.0
45415,maddoau01,2017,1,BOS,AL,0,0,13,0,0,0,0,52,13,1,1,2,14,0.2,0.52,0.0,0,0.0,0,67.0,5,1,0.0,0.0,0.0
45418,maedake01,2017,1,LAN,NL,13,6,29,25,0,0,1,403,121,63,22,34,140,0.238,4.22,1.0,4,5.0,0,557.0,1,68,6.0,4.0,7.0
45430,martefr01,2017,1,HOU,AL,5,2,32,4,0,0,0,163,51,35,7,31,69,0.245,5.8,3.0,8,8.0,0,249.0,7,40,0.0,2.0,4.0
45433,martiky01,2017,1,BOS,AL,0,0,2,0,0,0,0,7,2,1,1,2,1,0.222,3.86,0.0,0,0.0,0,11.0,0,1,0.0,0.0,0.0
45445,mccarbr01,2017,1,LAN,NL,6,4,19,16,0,0,0,278,89,41,5,27,72,0.256,3.98,0.0,4,3.0,0,384.0,0,43,4.0,3.0,9.0
45447,mcculla02,2017,1,HOU,AL,7,4,22,22,0,0,0,356,114,56,8,40,132,0.249,4.25,1.0,8,11.0,1,512.0,0,61,2.0,2.0,13.0
45454,mchugco01,2017,1,HOU,AL,5,2,12,12,0,0,0,190,62,25,7,20,62,0.253,3.55,0.0,4,5.0,0,271.0,0,27,0.0,0.0,7.0
45475,mitchbr01,2017,1,NYA,AL,1,1,20,1,0,0,1,98,42,21,2,13,17,0.302,5.79,1.0,2,1.0,0,153.0,8,24,0.0,0.0,2.0
45480,montgjo01,2017,1,NYA,AL,9,7,29,29,0,0,0,466,140,67,21,51,144,0.236,3.88,0.0,7,1.0,1,649.0,0,72,2.0,3.0,13.0
45484,morelmi01,2017,1,BOS,AL,0,0,1,0,0,0,0,3,2,0,0,0,1,0.4,0.0,0.0,0,0.0,0,5.0,1,0,0.0,0.0,0.0
45492,morrobr01,2017,1,LAN,NL,6,0,45,0,0,0,2,131,31,10,0,9,50,0.194,2.06,1.0,2,1.0,0,170.0,10,10,0.0,0.0,3.0
45493,mortoch02,2017,1,HOU,AL,14,7,25,25,0,0,0,440,125,59,14,50,163,0.228,3.62,1.0,4,13.0,0,617.0,0,65,2.0,2.0,16.0
45498,musgrjo01,2017,1,HOU,AL,7,8,38,15,0,0,2,328,117,58,18,28,98,0.277,4.77,1.0,4,4.0,0,462.0,5,59,5.0,2.0,11.0
45533,pareded02,2017,1,LAN,NL,1,0,10,0,0,0,0,25,8,3,1,0,11,0.258,3.24,0.0,0,0.0,0,31.0,1,3,0.0,0.0,2.0
45535,paulida01,2017,1,HOU,AL,2,0,6,6,0,0,0,87,36,21,8,7,34,0.3,6.52,0.0,5,0.0,0,128.0,0,21,0.0,0.0,4.0
45538,peacobr01,2017,1,HOU,AL,13,2,34,21,0,0,0,396,100,44,10,57,161,0.206,3.0,0.0,6,3.0,1,546.0,7,46,1.0,0.0,4.0
45554,pinedmi01,2017,1,NYA,AL,8,4,17,17,0,0,0,289,103,47,20,21,92,0.269,4.39,0.0,5,2.0,1,410.0,0,55,0.0,4.0,6.0
45558,pomerdr01,2017,1,BOS,AL,17,6,32,32,0,0,0,521,166,64,19,69,174,0.252,3.32,0.0,6,4.0,0,740.0,0,69,2.0,6.0,23.0
45559,porceri01,2017,1,BOS,AL,11,17,33,33,2,0,0,610,236,105,38,48,181,0.286,4.65,1.0,5,6.0,0,885.0,0,125,1.0,6.0,18.0
45563,priceda01,2017,1,BOS,AL,6,3,16,11,0,0,0,224,65,28,8,24,76,0.226,3.38,0.0,2,4.0,0,317.0,1,30,0.0,2.0,2.0
45577,ramirno01,2017,1,BOS,AL,0,0,2,0,0,0,0,14,3,2,2,1,4,0.176,3.86,0.0,0,0.0,0,18.0,1,2,0.0,0.0,0.0
45582,ravinjo01,2017,1,LAN,NL,0,1,14,0,0,0,1,50,12,12,4,9,19,0.197,6.48,1.0,0,1.0,0,71.0,3,12,0.0,0.0,1.0
45585,reedad01,2017,2,BOS,AL,1,1,29,0,0,0,0,81,16,10,5,9,28,0.168,3.33,2.0,1,1.0,0,106.0,1,10,1.0,0.0,0.0
45595,roberda08,2017,2,NYA,AL,5,0,30,0,0,0,1,105,14,4,2,12,51,0.119,1.03,2.0,4,1.0,0,132.0,6,4,0.0,1.0,2.0
45599,rodried05,2017,1,BOS,AL,6,7,25,24,0,0,0,412,126,64,19,50,150,0.241,4.19,1.0,1,5.0,1,582.0,1,66,1.0,3.0,6.0
45610,romose01,2017,1,LAN,NL,1,1,30,0,0,0,0,75,23,17,7,12,31,0.24,6.12,1.0,0,0.0,1,108.0,8,17,0.0,0.0,1.0
45619,rossro01,2017,1,BOS,AL,0,0,8,0,0,0,0,27,12,7,0,5,9,0.324,7.0,1.0,2,3.0,0,45.0,1,7,0.0,0.0,2.0
45628,ryuhy01,2017,1,LAN,NL,5,9,25,24,0,0,1,380,128,53,22,45,116,0.263,3.77,3.0,4,4.0,1,541.0,1,58,4.0,1.0,11.0
45630,sabatcc01,2017,1,NYA,AL,14,5,27,27,0,0,0,446,139,61,21,50,120,0.246,3.69,1.0,5,5.0,0,623.0,0,64,2.0,0.0,10.0
45634,salech01,2017,1,BOS,AL,17,8,32,32,1,0,0,643,165,69,24,43,308,0.208,2.9,0.0,3,8.0,0,851.0,0,73,2.0,4.0,11.0
45649,scottro02,2017,1,BOS,AL,2,1,57,0,0,0,0,107,22,15,7,13,31,0.179,3.79,1.0,3,3.0,0,141.0,12,16,0.0,2.0,2.0
45654,severlu01,2017,1,NYA,AL,14,6,31,31,0,0,0,580,150,64,21,51,230,0.208,2.98,0.0,6,6.0,0,783.0,0,73,3.0,2.0,11.0
45663,shrevch01,2017,1,NYA,AL,4,1,44,0,0,0,0,136,35,19,8,25,58,0.205,3.77,3.0,4,0.0,0,198.0,15,20,0.0,2.0,0.0
45668,sippto01,2017,1,HOU,AL,0,1,46,0,0,0,0,112,36,24,8,16,39,0.247,5.79,2.0,1,1.0,0,165.0,12,25,1.0,1.0,1.0
45673,smithca02,2017,1,BOS,AL,0,0,8,0,0,0,1,20,7,1,0,2,7,0.28,1.35,0.0,0,0.0,0,27.0,1,1,0.0,0.0,2.0
45674,smithca03,2017,1,NYA,AL,0,1,9,2,0,0,0,56,21,16,4,10,18,0.28,7.71,1.0,1,0.0,0,86.0,6,16,0.0,1.0,0.0
45691,stewabr01,2017,1,LAN,NL,0,0,17,4,0,0,1,103,28,13,4,19,29,0.226,3.41,2.0,0,1.0,0,147.0,8,18,2.0,1.0,5.0
45699,stripro01,2017,1,LAN,NL,3,5,49,2,0,0,2,223,69,31,10,19,74,0.246,3.75,4.0,2,0.0,0,304.0,12,31,2.0,3.0,9.0
45710,tanakma01,2017,1,NYA,AL,13,12,30,30,1,1,0,535,180,94,35,41,194,0.257,4.74,1.0,7,7.0,0,752.0,0,100,1.0,2.0,15.0
45711,taylobe03,2017,1,BOS,AL,0,1,14,0,0,0,1,52,20,10,3,9,18,0.282,5.19,0.0,1,0.0,0,80.0,3,10,0.0,0.0,2.0
45720,tollias01,2017,1,HOU,AL,0,0,3,0,0,0,0,15,4,2,0,4,5,0.235,3.6,0.0,1,1.0,0,22.0,0,2,0.0,0.0,0.0
45734,uriasju01,2017,1,LAN,NL,0,2,5,5,0,0,0,70,23,14,1,14,11,0.271,5.4,1.0,1,1.0,1,102.0,0,15,2.0,0.0,6.0
45741,velazhe01,2017,1,BOS,AL,3,1,8,3,0,0,0,74,21,8,4,7,19,0.236,2.92,0.0,0,0.0,0,96.0,4,8,0.0,0.0,2.0
45744,verlaju01,2017,2,HOU,AL,5,0,5,5,0,0,0,102,17,4,4,5,43,0.149,1.06,0.0,0,1.0,0,120.0,0,4,0.0,0.0,4.0
45756,warread01,2017,1,NYA,AL,3,2,46,0,0,0,1,172,35,15,4,15,54,0.173,2.35,2.0,5,1.0,0,223.0,7,19,0.0,5.0,2.0
45758,watsoto01,2017,2,LAN,NL,2,1,24,0,0,0,0,60,15,6,2,6,18,0.208,2.7,3.0,0,2.0,0,82.0,1,6,2.0,0.0,2.0
45761,webbty01,2017,1,NYA,AL,0,0,7,0,0,0,0,18,3,3,1,4,5,0.158,4.5,0.0,0,0.0,0,23.0,2,3,0.0,0.0,1.0
45767,whitety01,2017,1,HOU,AL,0,0,1,0,0,0,0,3,2,2,1,0,0,0.4,18.0,0.0,0,0.0,0,5.0,1,2,0.0,0.0,0.0
45784,woodal02,2017,1,LAN,NL,16,3,27,25,0,0,0,457,123,46,15,38,151,0.217,2.72,6.0,2,6.0,0,614.0,0,50,4.0,0.0,10.0
45791,workmbr01,2017,1,BOS,AL,1,1,33,0,0,0,0,119,37,14,7,11,37,0.252,3.18,2.0,1,1.0,0,162.0,8,17,2.0,1.0,5.0
45795,wrighst01,2017,1,BOS,AL,1,3,5,5,0,0,0,72,40,22,9,5,13,0.377,8.25,1.0,1,2.0,0,114.0,0,24,0.0,1.0,5.0
45808,adamsch01,2018,1,NYA,AL,0,1,3,1,0,0,0,23,8,6,3,4,4,0.267,7.04,0.0,0,0.0,0,34.0,1,7,0.0,0.0,2.0
45812,alexasc01,2018,1,LAN,NL,2,1,73,1,0,0,3,198,57,27,4,27,56,0.239,3.68,2.0,2,2.0,0,268.0,8,28,1.0,0.0,15.0
45841,axforjo01,2018,2,LAN,NL,0,0,5,0,0,0,0,11,8,7,0,2,4,0.444,17.18,0.0,0,1.0,0,22.0,1,8,0.0,1.0,0.0
45842,baezpe01,2018,1,LAN,NL,4,3,55,0,0,0,0,169,46,18,4,23,62,0.22,2.88,2.0,0,1.0,1,237.0,8,19,2.0,2.0,3.0
45851,barnema01,2018,1,BOS,AL,6,4,62,0,0,0,0,185,47,25,5,31,96,0.204,3.65,1.0,8,2.0,0,265.0,8,25,0.0,2.0,2.0
45867,beeksja01,2018,1,BOS,AL,0,1,2,1,0,0,0,19,11,9,1,4,5,0.379,12.79,0.0,0,1.0,0,34.0,0,9,0.0,0.0,1.0
45875,betande01,2018,1,NYA,AL,4,6,66,0,0,0,4,200,44,20,7,26,115,0.186,2.7,2.0,4,5.0,1,272.0,15,22,3.0,1.0,3.0
45898,brasiry01,2018,1,BOS,AL,2,0,34,0,0,0,0,101,19,6,2,7,29,0.171,1.6,0.0,1,0.0,0,124.0,5,6,1.0,5.0,3.0
45906,brittza01,2018,2,NYA,AL,1,0,25,0,0,0,3,75,18,8,2,11,21,0.196,2.88,0.0,5,2.0,0,106.0,10,10,0.0,1.0,3.0
45911,buehlwa01,2018,1,LAN,NL,8,5,24,23,0,0,0,412,95,40,12,37,151,0.193,2.62,1.0,4,6.0,0,541.0,0,43,2.0,3.0,5.0
45938,cessalu01,2018,1,NYA,AL,1,4,16,5,0,0,2,134,51,26,5,13,39,0.282,5.24,0.0,7,0.0,0,195.0,6,27,1.0,0.0,3.0
45941,chapmar01,2018,1,NYA,AL,3,0,55,0,0,0,32,154,24,14,2,30,93,0.136,2.45,0.0,9,5.0,0,212.0,43,15,0.0,0.0,0.0
45942,chargjt01,2018,1,LAN,NL,2,4,39,0,0,0,0,97,26,12,4,15,40,0.222,3.34,3.0,3,2.0,0,135.0,4,13,1.0,0.0,2.0
45950,cingrto01,2018,1,LAN,NL,1,2,30,0,0,0,0,68,19,12,2,6,36,0.221,4.76,1.0,1,3.0,2,95.0,2,12,0.0,0.0,0.0
45958,coleaj01,2018,2,NYA,AL,3,1,28,0,0,0,0,114,39,18,9,16,49,0.258,4.26,1.0,2,0.0,0,168.0,13,23,0.0,1.0,2.0
45959,colege01,2018,1,HOU,AL,15,5,32,32,1,1,0,601,143,64,19,64,276,0.198,2.88,0.0,9,7.0,0,799.0,0,68,2.0,3.0,11.0
45971,corcida01,2018,1,LAN,NL,0,0,2,0,0,0,1,12,2,1,0,3,1,0.143,2.25,0.0,1,1.0,0,18.0,2,2,0.0,0.0,0.0
45980,cuevawi01,2018,1,BOS,AL,0,2,9,1,0,0,0,51,20,14,3,11,20,0.294,7.41,0.0,2,4.0,0,84.0,3,14,1.0,0.0,1.0
45992,davisjd01,2018,1,HOU,AL,0,0,1,0,0,0,0,3,1,1,1,0,1,0.25,9.0,0.0,0,0.0,0,4.0,1,1,0.0,0.0,0.0
45994,deetzde01,2018,1,HOU,AL,0,0,4,0,0,0,0,10,4,2,1,1,3,0.308,5.4,0.0,0,1.0,0,15.0,3,2,0.0,0.0,0.0
46006,devench02,2018,1,HOU,AL,2,3,50,1,0,0,2,142,42,22,9,13,51,0.236,4.18,1.0,1,3.0,1,196.0,8,23,1.0,1.0,3.0
46033,eovalna01,2018,2,BOS,AL,3,3,12,11,0,0,0,162,57,20,3,12,48,0.266,3.33,0.0,3,2.0,0,231.0,0,28,1.0,2.0,5.0
46045,ferguca01,2018,1,LAN,NL,7,2,29,3,0,0,2,147,43,19,8,12,59,0.23,3.49,1.0,1,3.0,0,202.0,7,21,0.0,0.0,4.0
46048,fieldjo03,2018,1,LAN,NL,2,2,45,0,0,0,2,123,28,10,4,11,33,0.196,2.2,1.0,0,0.0,0,154.0,10,10,0.0,0.0,3.0
46059,florody01,2018,2,LAN,NL,3,1,29,0,0,0,0,83,18,5,1,11,31,0.182,1.63,3.0,1,1.0,1,112.0,7,5,1.0,0.0,2.0
46062,fontwi01,2018,1,LAN,NL,0,2,6,0,0,0,0,31,18,13,5,1,7,0.383,11.32,1.0,0,0.0,0,48.0,6,13,0.0,0.0,0.0
46076,gallegi01,2018,1,NYA,AL,0,0,4,0,0,0,1,30,10,5,2,3,10,0.278,4.5,0.0,0,0.0,0,40.0,2,5,1.0,0.0,1.0
46085,garciyi01,2018,1,LAN,NL,1,2,25,0,0,0,0,67,29,14,7,4,19,0.305,5.64,1.0,0,2.0,0,101.0,3,18,0.0,0.0,0.0
46095,germado01,2018,1,NYA,AL,2,6,21,14,0,0,0,257,81,53,15,33,102,0.242,5.57,0.0,7,5.0,1,375.0,2,55,0.0,2.0,2.0
46097,gileske01,2018,1,HOU,AL,0,2,34,0,0,0,12,92,36,17,2,3,31,0.286,4.99,0.0,1,0.0,0,129.0,24,17,0.0,0.0,2.0
46109,goedder01,2018,2,LAN,NL,1,0,26,0,0,0,0,88,22,11,4,15,35,0.202,3.38,2.0,1,1.0,0,126.0,4,11,0.0,1.0,0.0
46128,grayso01,2018,1,NYA,AL,11,9,30,23,0,0,0,391,138,71,14,57,123,0.27,4.9,0.0,9,8.0,1,582.0,2,73,1.0,5.0,6.0
46129,greench03,2018,1,NYA,AL,8,3,63,0,0,0,0,227,64,21,9,15,94,0.229,2.5,2.0,3,1.0,0,298.0,3,22,0.0,3.0,2.0
46136,guduare01,2018,1,HOU,AL,0,0,3,0,0,0,0,10,1,1,1,0,4,0.091,2.7,0.0,0,0.0,0,11.0,2,1,0.0,0.0,0.0
46146,haleda02,2018,1,NYA,AL,0,0,1,0,0,0,0,6,3,0,0,0,3,0.333,0.0,0.0,0,0.0,0,9.0,1,0,0.0,0.0,0.0
46148,haleda02,2018,3,NYA,AL,0,0,2,0,0,0,0,26,9,3,2,1,3,0.257,3.12,0.0,0,1.0,0,37.0,0,3,0.0,0.0,0.0
46149,haleyju01,2018,1,BOS,AL,0,0,4,0,0,0,0,23,10,4,2,3,0,0.323,4.7,0.0,0,0.0,0,35.0,3,4,0.0,1.0,0.0
46161,happja01,2018,2,NYA,AL,7,0,11,11,0,0,0,191,51,19,10,16,63,0.217,2.69,0.0,3,5.0,1,258.0,0,20,1.0,1.0,5.0
46163,harriwi02,2018,1,HOU,AL,5,3,61,0,0,0,0,170,48,22,3,14,64,0.226,3.49,1.0,6,2.0,0,230.0,11,22,1.0,1.0,4.0
46171,hembrhe01,2018,1,BOS,AL,4,1,67,0,0,0,0,180,53,28,10,27,76,0.233,4.2,1.0,4,1.0,1,260.0,10,30,0.0,5.0,2.0
46176,hernaen02,2018,1,LAN,NL,0,1,1,0,0,0,0,1,1,3,1,2,0,0.5,81.0,0.0,0,0.0,0,4.0,1,3,0.0,0.0,0.0
46183,hillri01,2018,1,LAN,NL,11,5,25,24,0,0,0,398,108,54,20,41,150,0.219,3.66,3.0,2,8.0,1,547.0,0,57,4.0,1.0,4.0
46188,holdejo02,2018,1,NYA,AL,1,3,60,1,0,0,0,198,53,23,4,19,60,0.214,3.14,3.0,1,1.0,0,272.0,14,27,2.0,2.0,2.0
46196,hoytja01,2018,1,HOU,AL,0,0,1,0,0,0,0,1,1,0,0,1,0,0.5,0.0,0.0,0,0.0,0,3.0,0,0,0.0,0.0,0.0
46198,hudsoda01,2018,1,LAN,NL,3,2,40,1,0,0,0,138,38,21,6,18,44,0.217,4.11,1.0,3,4.0,0,197.0,11,25,0.0,0.0,3.0
46210,jamesjo02,2018,1,HOU,AL,2,0,6,3,0,0,0,69,15,6,3,7,29,0.183,2.35,0.0,0,2.0,0,91.0,0,6,0.0,0.0,2.0
46211,janseke01,2018,1,LAN,NL,1,5,69,0,0,0,38,215,54,24,13,17,82,0.201,3.01,1.0,0,2.0,2,289.0,59,28,0.0,1.0,2.0
46218,johnsbr02,2018,1,BOS,AL,4,5,38,13,0,0,0,298,104,46,16,38,87,0.263,4.17,0.0,1,1.0,0,434.0,10,49,0.0,0.0,6.0
46225,kahnlto01,2018,1,NYA,AL,2,0,24,0,0,0,1,70,23,17,3,15,30,0.256,6.56,0.0,2,0.0,0,107.0,7,22,0.0,2.0,2.0
46232,kellyjo05,2018,1,BOS,AL,4,2,73,0,0,0,2,197,57,32,4,32,68,0.234,4.39,0.0,4,5.0,0,285.0,9,34,0.0,4.0,6.0
46235,kershcl01,2018,1,LAN,NL,9,5,26,26,0,0,0,484,139,49,17,29,155,0.227,2.73,0.0,10,2.0,0,650.0,0,55,3.0,2.0,8.0
46236,keuchda01,2018,1,HOU,AL,12,11,34,34,1,0,0,614,211,85,18,58,153,0.263,3.74,0.0,9,2.0,0,874.0,0,92,3.0,9.0,18.0
46238,kimbrcr01,2018,1,BOS,AL,5,1,63,0,0,0,42,187,31,19,7,31,96,0.146,2.74,0.0,7,2.0,0,247.0,57,19,1.0,0.0,2.0
46252,kontoge01,2018,3,NYA,AL,0,0,1,0,0,0,0,5,1,0,0,0,2,0.167,0.0,0.0,0,0.0,0,6.0,0,0,0.0,0.0,0.0
46272,liberad01,2018,1,LAN,NL,2,1,17,0,0,0,0,39,10,4,1,8,12,0.227,2.77,0.0,0,1.0,0,54.0,4,4,1.0,0.0,2.0
46277,loaisjo01,2018,1,NYA,AL,2,0,9,4,0,0,0,74,26,14,3,12,33,0.271,5.11,0.0,0,0.0,0,108.0,2,17,0.0,0.0,4.0
46294,lynnla01,2018,2,NYA,AL,3,2,11,9,0,0,0,163,58,25,2,14,61,0.267,4.14,0.0,2,0.0,0,231.0,0,26,0.0,0.0,3.0
46297,madsory01,2018,2,LAN,NL,0,0,9,0,0,0,0,25,10,6,1,1,13,0.294,6.48,0.0,1,0.0,0,36.0,1,6,0.0,1.0,0.0
46298,maedake01,2018,1,LAN,NL,8,10,39,20,0,0,2,376,115,53,13,43,153,0.24,3.81,4.0,2,5.0,2,532.0,4,58,2.0,3.0,7.0
46323,mcculla02,2018,1,HOU,AL,10,6,25,22,0,0,0,385,100,55,12,50,142,0.215,3.86,0.0,14,7.0,1,527.0,0,60,1.0,4.0,13.0
46330,mchugco01,2018,1,HOU,AL,6,2,58,0,0,0,0,217,45,16,6,21,94,0.176,1.99,0.0,0,5.0,0,283.0,18,18,1.0,1.0,1.0
46357,montgjo01,2018,1,NYA,AL,2,0,6,6,0,0,0,82,25,11,3,12,23,0.24,3.62,0.0,0,0.0,0,116.0,0,11,0.0,0.0,3.0
46367,mortoch02,2018,1,HOU,AL,15,3,30,30,0,0,0,501,130,58,18,64,201,0.213,3.13,0.0,4,16.0,0,695.0,0,63,1.0,4.0,12.0
46373,nealza01,2018,1,LAN,NL,0,0,1,0,0,0,0,3,2,1,1,0,0,0.4,9.0,0.0,0,0.0,0,5.0,1,1,0.0,0.0,0.0
46401,osunaro01,2018,2,HOU,AL,2,2,23,0,0,0,12,68,17,5,1,3,19,0.21,1.99,0.0,2,2.0,0,87.0,18,5,0.0,1.0,2.0
46408,pareded02,2018,1,LAN,NL,2,0,15,0,0,0,0,23,7,5,2,2,8,0.233,5.87,0.0,0,1.0,0,33.0,1,5,0.0,0.0,0.0
46414,peacobr01,2018,1,HOU,AL,3,5,61,1,0,0,3,195,56,25,11,20,96,0.226,3.46,0.0,5,3.0,0,272.0,20,26,0.0,1.0,3.0
46422,perezci01,2018,1,HOU,AL,0,0,8,0,0,0,0,34,6,5,3,7,12,0.158,3.97,0.0,0,0.0,0,45.0,3,5,0.0,0.0,2.0
46435,pomerdr01,2018,1,BOS,AL,2,6,26,11,0,0,0,222,87,50,12,44,66,0.297,6.08,1.0,4,4.0,1,344.0,5,53,0.0,3.0,9.0
46437,porceri01,2018,1,BOS,AL,17,7,33,33,1,0,0,574,177,91,27,48,190,0.241,4.28,0.0,3,16.0,1,808.0,0,97,3.0,6.0,8.0
46439,poynebo01,2018,1,BOS,AL,1,0,20,0,0,0,0,67,22,8,4,3,24,0.256,3.22,0.0,0,2.0,0,93.0,4,8,1.0,1.0,0.0
46441,pressry01,2018,2,HOU,AL,1,0,26,0,0,0,2,70,11,2,1,3,32,0.138,0.77,0.0,2,1.0,0,84.0,4,2,0.0,0.0,0.0
46442,priceda01,2018,1,BOS,AL,16,7,30,30,1,0,0,528,151,70,25,50,177,0.23,3.58,0.0,1,10.0,0,722.0,0,75,1.0,4.0,10.0
46476,roberda08,2018,1,NYA,AL,8,3,69,0,0,0,5,209,46,25,7,26,91,0.183,3.23,1.0,1,0.0,0,283.0,11,30,4.0,1.0,2.0
46484,rodried05,2018,1,BOS,AL,13,5,27,23,0,0,0,389,119,55,16,45,146,0.238,3.82,1.0,1,4.0,0,553.0,0,56,0.0,3.0,5.0
46499,rondohe01,2018,1,HOU,AL,2,5,63,0,0,0,15,177,58,21,4,20,67,0.252,3.2,2.0,1,0.0,0,250.0,26,22,0.0,0.0,5.0
46501,rosscza01,2018,1,LAN,NL,0,1,17,0,0,0,0,34,9,6,3,4,20,0.209,4.76,0.0,0,0.0,0,47.0,5,6,0.0,0.0,0.0
46511,ryuhy01,2018,1,LAN,NL,7,3,15,15,0,0,0,247,68,18,9,15,89,0.221,1.97,1.0,0,1.0,0,324.0,0,23,1.0,0.0,8.0
46514,sabatcc01,2018,1,NYA,AL,9,7,29,29,0,0,0,459,150,62,19,51,140,0.25,3.65,0.0,3,11.0,0,665.0,0,72,0.0,3.0,9.0
46518,salech01,2018,1,BOS,AL,12,4,27,27,0,0,0,474,102,37,11,34,237,0.181,2.11,0.0,4,14.0,0,617.0,0,39,0.0,4.0,4.0
46524,santade01,2018,1,LAN,NL,1,0,1,0,0,0,0,11,6,5,0,1,4,0.375,12.27,0.0,1,1.0,0,19.0,0,5,1.0,0.0,0.0
46533,scottro02,2018,1,BOS,AL,0,1,9,0,0,0,0,20,10,6,2,5,8,0.333,8.1,2.0,0,5.0,0,40.0,4,6,0.0,0.0,0.0
46537,severlu01,2018,1,NYA,AL,19,8,32,32,1,1,0,574,173,72,19,46,220,0.238,3.39,0.0,8,5.0,0,780.0,0,76,1.0,2.0,13.0
46542,sheffju01,2018,1,NYA,AL,0,0,3,0,0,0,0,8,4,3,1,3,0,0.364,10.13,0.0,1,0.0,0,14.0,2,3,0.0,0.0,1.0
46548,shrevch01,2018,1,NYA,AL,2,2,40,0,0,0,1,114,39,18,8,18,46,0.262,4.26,0.0,2,1.0,0,170.0,17,23,0.0,2.0,1.0
46552,sippto01,2018,1,HOU,AL,3,1,54,0,0,0,0,116,27,8,1,13,42,0.2,1.86,0.0,2,1.0,0,151.0,8,8,0.0,2.0,3.0
46557,smithca02,2018,1,BOS,AL,1,1,18,0,0,0,0,43,14,6,2,6,18,0.241,3.77,0.0,0,0.0,0,64.0,5,6,0.0,0.0,0.0
46560,smithjo05,2018,1,HOU,AL,5,1,56,0,0,0,0,137,34,19,7,12,46,0.207,3.74,0.0,1,2.0,0,180.0,13,20,0.0,2.0,4.0
46582,stewabr01,2018,1,LAN,NL,0,1,9,2,0,0,0,53,23,12,4,9,14,0.303,6.11,3.0,1,2.0,0,90.0,3,15,1.0,1.0,1.0
46591,stripro01,2018,1,LAN,NL,8,6,33,21,0,0,0,366,123,41,18,22,136,0.257,3.02,2.0,3,1.0,0,503.0,2,42,2.0,0.0,6.0
46603,tanakma01,2018,1,NYA,AL,12,6,27,27,1,1,0,468,141,65,25,35,159,0.24,3.75,0.0,3,7.0,0,635.0,0,68,3.0,2.0,13.0
46604,tarplst01,2018,1,NYA,AL,0,0,10,0,0,0,0,27,6,3,0,6,13,0.176,3.0,0.0,0,0.0,0,40.0,3,3,0.0,0.0,0.0
46611,thornty01,2018,1,BOS,AL,2,0,25,0,0,0,0,72,28,15,6,10,21,0.295,5.63,0.0,2,1.0,0,107.0,9,15,0.0,1.0,3.0
46629,uriasju01,2018,1,LAN,NL,0,0,3,0,0,0,0,12,1,0,0,0,7,0.077,0.0,0.0,0,0.0,0,13.0,3,0,0.0,0.0,0.0
46630,valdefr01,2018,1,HOU,AL,4,1,8,5,0,0,0,111,22,9,3,24,34,0.175,2.19,0.0,5,4.0,0,154.0,0,10,0.0,0.0,7.0
46639,velazhe01,2018,1,BOS,AL,7,2,47,8,0,0,0,255,97,30,7,26,53,0.29,3.18,1.0,4,7.0,0,370.0,15,35,0.0,2.0,12.0
46640,vendipa01,2018,1,LAN,NL,0,0,15,0,0,0,0,42,11,4,1,3,9,0.212,2.57,1.0,0,2.0,0,57.0,6,4,0.0,0.0,2.0
46644,verlaju01,2018,1,HOU,AL,16,9,34,34,1,1,0,642,156,60,28,37,290,0.2,2.52,0.0,5,8.0,2,833.0,0,63,2.0,5.0,3.0
46653,waldema01,2018,1,BOS,AL,0,0,8,0,0,0,1,44,14,6,0,3,14,0.255,3.68,0.0,2,1.0,0,59.0,5,7,0.0,0.0,3.0
46655,warread01,2018,1,NYA,AL,0,1,24,0,0,0,0,90,26,9,3,12,37,0.228,2.7,0.0,1,1.0,0,128.0,6,9,0.0,1.0,0.0
46682,woodal02,2018,1,LAN,NL,9,7,33,27,0,0,0,455,143,62,14,40,135,0.247,3.68,5.0,2,8.0,1,637.0,0,70,3.0,7.0,14.0
46686,workmbr01,2018,1,BOS,AL,6,1,43,0,0,0,0,124,34,15,6,16,37,0.23,3.27,0.0,0,0.0,0,167.0,4,15,0.0,3.0,1.0
46689,wrighst01,2018,1,BOS,AL,3,1,20,4,0,0,1,161,41,16,5,26,42,0.21,2.68,1.0,0,2.0,0,223.0,4,17,0.0,0.0,5.0
46700,abreubr01,2019,1,HOU,AL,0,0,7,0,0,0,0,26,4,1,0,3,13,0.138,1.04,0.0,0,0.0,0,32.0,2,1,0.0,0.0,1.0
46706,adamsch01,2019,1,NYA,AL,1,1,13,0,0,0,1,76,39,24,7,11,23,0.351,8.53,0.0,1,2.0,1,124.0,5,25,0.0,0.0,2.0
46716,alexasc01,2019,1,LAN,NL,3,2,28,0,0,0,0,52,17,7,2,7,9,0.25,3.63,2.0,0,1.0,0,76.0,4,7,0.0,0.0,3.0
46742,armenro01,2019,1,HOU,AL,1,1,5,2,0,0,1,54,17,8,1,5,18,0.243,4.0,0.0,0,0.0,0,75.0,2,9,0.0,0.0,1.0
46751,baezpe01,2019,1,LAN,NL,7,2,71,0,0,0,1,209,43,24,6,23,69,0.174,3.1,1.0,0,4.0,0,276.0,9,30,2.0,0.0,7.0
46761,barnema01,2019,1,BOS,AL,5,4,70,0,0,0,4,193,51,27,8,38,110,0.21,3.78,2.0,13,2.0,1,285.0,14,29,0.0,1.0,3.0
46766,barreja01,2019,1,NYA,AL,0,0,2,0,0,0,0,11,6,6,2,2,4,0.353,14.73,0.0,0,0.0,0,19.0,2,6,0.0,0.0,0.0
46780,betande01,2019,1,NYA,AL,0,0,1,0,0,0,0,2,0,0,0,0,2,0.0,0.0,0.0,0,0.0,0,2.0,0,0,0.0,0.0,0.0
46783,biagijo01,2019,2,HOU,AL,0,1,13,0,0,0,0,44,21,12,6,9,10,0.35,7.36,0.0,1,0.0,0,69.0,4,13,0.0,0.0,6.0
46808,brasiry01,2019,1,BOS,AL,2,4,62,0,0,0,7,167,51,30,9,21,61,0.238,4.85,1.0,3,3.0,0,241.0,15,33,0.0,3.0,2.0
46812,breweco01,2019,1,BOS,AL,1,2,58,0,0,0,0,164,59,25,6,34,52,0.277,4.12,1.0,9,2.0,0,253.0,8,26,1.0,3.0,7.0
46815,brittza01,2019,1,NYA,AL,3,1,66,0,0,0,3,184,38,13,3,32,53,0.182,1.91,1.0,3,1.0,0,245.0,15,13,1.0,2.0,11.0
46821,buehlwa01,2019,1,LAN,NL,14,4,30,30,2,0,0,547,153,66,20,37,215,0.223,3.26,0.0,4,7.0,0,737.0,0,77,2.0,6.0,8.0
46840,cashnan01,2019,2,BOS,AL,2,5,25,6,0,0,1,161,58,37,8,29,42,0.287,6.2,0.0,4,3.0,0,236.0,3,39,1.0,1.0,9.0
46847,cessalu01,2019,1,NYA,AL,2,1,43,0,0,0,1,243,75,37,14,31,75,0.246,4.11,1.0,1,3.0,0,343.0,14,42,0.0,4.0,9.0
46849,chacijh01,2019,2,BOS,AL,0,2,6,5,0,0,0,44,16,12,6,7,21,0.267,7.36,0.0,0,0.0,0,67.0,0,12,0.0,0.0,0.0
46851,chapmar01,2019,1,NYA,AL,3,2,60,0,0,0,37,171,38,14,3,25,85,0.185,2.21,0.0,6,1.0,0,235.0,53,18,0.0,3.0,4.0
46852,chargjt01,2019,1,LAN,NL,1,0,21,0,0,0,0,64,21,15,4,5,28,0.273,6.33,2.0,0,2.0,0,88.0,9,16,0.0,4.0,3.0
46868,colege01,2019,1,HOU,AL,20,5,33,33,0,0,0,637,142,59,29,48,326,0.186,2.5,0.0,4,3.0,3,817.0,0,66,1.0,3.0,7.0
46877,cortene01,2019,1,NYA,AL,5,1,33,1,0,0,0,200,75,42,16,28,69,0.281,5.67,1.0,1,1.0,0,298.0,7,44,0.0,2.0,5.0
46902,devench02,2019,1,HOU,AL,2,3,61,1,0,0,0,207,69,37,13,21,72,0.256,4.83,0.0,2,3.0,0,298.0,19,39,1.0,3.0,1.0
46922,dullry01,2019,2,NYA,AL,0,0,3,0,0,0,0,7,5,5,0,3,4,0.417,19.29,0.0,0,0.0,0,15.0,1,5,0.0,0.0,0.0
46940,eovalna01,2019,1,BOS,AL,2,1,23,12,0,0,0,203,72,45,16,35,70,0.276,5.99,0.0,6,3.0,0,302.0,2,46,1.0,2.0,10.0
46958,ferguca01,2019,1,LAN,NL,1,2,46,2,0,0,0,134,39,24,7,27,54,0.234,4.84,2.0,1,6.0,1,204.0,5,26,1.0,3.0,2.0
46966,florody01,2019,1,LAN,NL,5,3,50,0,0,0,0,140,46,22,4,14,42,0.253,4.24,5.0,1,2.0,0,201.0,4,25,2.0,1.0,3.0
46972,fordmi01,2019,1,NYA,AL,0,0,1,0,0,0,0,6,6,5,2,0,1,0.5,22.5,0.0,0,0.0,0,12.0,1,5,0.0,0.0,0.0
46993,garciyi01,2019,1,LAN,NL,1,4,64,0,0,0,0,187,40,25,15,14,66,0.178,3.61,2.0,1,6.0,1,247.0,22,28,1.0,1.0,1.0
47001,gearrco01,2019,2,NYA,AL,1,1,18,0,0,0,0,42,17,7,2,4,8,0.298,4.5,0.0,0,0.0,1,61.0,5,7,0.0,0.0,2.0
47002,germado01,2019,1,NYA,AL,18,4,27,24,0,0,0,429,125,64,30,39,153,0.228,4.03,0.0,5,5.0,0,594.0,0,69,1.0,1.0,6.0
47015,gonsoto01,2019,1,LAN,NL,4,2,11,6,0,0,1,120,26,13,4,15,37,0.178,2.93,0.0,2,1.0,0,163.0,1,15,0.0,1.0,0.0
47026,greench03,2019,1,NYA,AL,4,4,54,15,0,0,2,207,66,32,10,19,98,0.247,4.17,0.0,2,6.0,0,295.0,10,35,0.0,3.0,2.0
47031,greinza01,2019,2,HOU,AL,8,1,10,10,0,0,0,188,58,21,6,9,52,0.246,3.02,0.0,1,1.0,1,248.0,0,25,1.0,1.0,10.0
47034,guduare01,2019,1,HOU,AL,1,0,7,0,0,0,0,16,8,7,3,4,6,0.364,11.81,0.0,0,0.0,0,27.0,3,7,0.0,1.0,0.0
47047,haleda02,2019,1,NYA,AL,3,0,20,0,0,0,2,113,39,13,2,7,23,0.264,3.11,1.0,2,1.0,0,157.0,10,13,0.0,1.0,3.0
47052,happja01,2019,1,NYA,AL,12,8,31,30,0,0,0,484,160,88,34,49,140,0.258,4.91,1.0,3,5.0,0,678.0,0,88,0.0,2.0,17.0
47055,harriwi02,2019,1,HOU,AL,4,1,68,0,0,0,4,180,42,10,6,14,62,0.196,1.5,0.0,3,0.0,0,229.0,10,14,1.0,0.0,7.0
47060,harvejo01,2019,1,NYA,AL,1,0,9,0,0,0,0,30,11,5,1,7,11,0.282,4.5,0.0,0,1.0,0,48.0,4,6,0.0,1.0,2.0
47065,hellebe01,2019,1,NYA,AL,0,0,6,0,0,0,0,22,6,1,1,3,9,0.25,1.23,1.0,0,0.0,0,28.0,1,1,1.0,0.0,2.0
47068,hembrhe01,2019,1,BOS,AL,1,0,45,0,0,0,2,119,34,17,7,18,46,0.224,3.86,2.0,2,3.0,0,173.0,14,20,0.0,0.0,0.0
47073,hernada02,2019,1,BOS,AL,0,1,29,1,0,0,0,91,27,15,1,26,57,0.231,4.45,1.0,4,3.0,0,147.0,2,18,1.0,0.0,1.0
47081,hillri01,2019,1,LAN,NL,4,1,13,13,0,0,0,176,48,16,10,18,72,0.223,2.45,2.0,0,4.0,0,242.0,0,20,4.0,1.0,5.0
47086,holdejo02,2019,1,NYA,AL,5,2,34,1,0,0,0,124,43,29,8,11,46,0.256,6.31,1.0,0,2.0,0,181.0,8,32,0.0,0.0,1.0
47108,jamesjo02,2019,1,HOU,AL,5,1,49,1,0,0,1,184,46,32,10,35,100,0.203,4.7,0.0,6,4.0,0,266.0,18,34,0.0,0.0,1.0
47109,janseke01,2019,1,LAN,NL,5,3,62,0,0,0,33,189,51,26,9,16,80,0.213,3.71,0.0,2,4.0,3,263.0,51,28,0.0,3.0,3.0
47117,johnsbr02,2019,1,BOS,AL,1,3,21,7,0,0,0,121,53,27,6,23,31,0.315,6.02,3.0,5,0.0,0,193.0,3,29,2.0,0.0,1.0
47123,kahnlto01,2019,1,NYA,AL,3,2,72,0,0,0,0,184,45,25,9,20,88,0.2,3.67,0.0,8,2.0,0,248.0,5,27,0.0,1.0,4.0
47132,kelletr01,2019,1,BOS,AL,0,3,10,0,0,0,0,25,9,8,2,5,6,0.29,8.64,0.0,2,0.0,0,40.0,3,8,0.0,4.0,0.0
47133,kellyjo05,2019,1,LAN,NL,5,4,55,0,0,0,1,154,49,26,6,22,62,0.244,4.56,2.0,10,3.0,0,226.0,13,31,0.0,0.0,4.0
47136,kershcl01,2019,1,LAN,NL,16,5,29,28,0,0,0,535,145,60,28,41,189,0.222,3.03,0.0,7,2.0,1,706.0,0,63,6.0,1.0,17.0
47142,kingmi01,2019,1,NYA,AL,0,0,1,0,0,0,0,6,2,0,0,0,1,0.222,0.0,0.0,0,0.0,0,9.0,0,1,0.0,0.0,0.0
47151,kolarad01,2019,2,LAN,NL,2,0,26,0,0,0,0,35,9,1,1,2,9,0.209,0.77,0.0,0,0.0,0,45.0,3,3,0.0,0.0,2.0
47153,lailbr01,2019,1,NYA,AL,0,0,1,0,0,0,0,8,2,3,1,1,2,0.222,10.13,0.0,0,0.0,0,10.0,0,3,0.0,0.0,1.0
47154,lakintr01,2019,1,BOS,AL,0,1,16,3,0,0,0,70,23,10,1,10,18,0.258,3.86,1.0,1,1.0,0,102.0,4,11,0.0,2.0,1.0
47168,loaisjo01,2019,1,NYA,AL,2,2,15,4,0,0,0,95,31,16,6,16,37,0.263,4.55,0.0,1,1.0,0,139.0,3,16,0.0,4.0,4.0
47186,lyonsty01,2019,2,NYA,AL,0,1,11,0,0,0,0,26,7,4,3,2,12,0.226,4.15,1.0,0,1.0,0,34.0,5,4,0.0,0.0,1.0
47187,maedake01,2019,1,LAN,NL,10,8,37,26,0,0,3,461,114,69,22,51,169,0.202,4.04,1.0,3,4.0,0,624.0,3,70,2.0,3.0,7.0
47193,mantijo01,2019,1,NYA,AL,1,0,1,0,0,0,0,9,3,3,1,2,2,0.25,9.0,0.0,0,0.0,0,14.0,0,3,0.0,0.0,0.0
47204,martico02,2019,1,HOU,AL,1,1,5,5,0,0,0,58,23,12,8,12,19,0.288,5.59,0.0,1,0.0,0,92.0,0,14,0.0,0.0,0.0
47206,martiru01,2019,1,LAN,NL,0,0,4,0,0,0,0,12,2,0,0,0,2,0.154,0.0,0.0,0,0.0,0,13.0,4,0,0.0,0.0,1.0
47212,maydu01,2019,1,LAN,NL,2,3,14,4,0,0,0,104,33,14,2,5,32,0.25,3.63,0.0,0,4.0,0,141.0,0,17,0.0,0.0,4.0
47222,mchugco01,2019,1,HOU,AL,4,5,35,8,0,0,0,224,62,39,12,30,82,0.221,4.7,0.0,0,3.0,0,317.0,8,41,0.0,3.0,3.0
47241,mileywa01,2019,1,HOU,AL,14,6,33,33,0,0,0,502,164,74,23,61,140,0.254,3.98,0.0,4,5.0,2,720.0,0,83,2.0,5.0,13.0
47253,montgjo01,2019,1,NYA,AL,0,0,2,1,0,0,0,12,7,3,1,0,5,0.368,6.75,0.0,0,0.0,0,19.0,0,3,0.0,0.0,0.0
47285,nunezed02,2019,1,BOS,AL,0,0,1,0,0,0,0,3,1,1,1,0,0,0.25,9.0,0.0,0,0.0,0,4.0,1,1,0.0,0.0,0.0
47295,osunaro01,2019,1,HOU,AL,4,3,66,0,0,0,38,195,45,19,8,12,73,0.19,2.63,0.0,1,2.0,0,253.0,56,20,1.0,1.0,2.0
47298,ottavad01,2019,1,NYA,AL,6,5,73,0,0,0,2,199,47,14,5,40,88,0.198,1.9,3.0,3,2.0,1,283.0,7,17,0.0,3.0,8.0
47309,paxtoja01,2019,1,NYA,AL,15,6,29,29,0,0,0,452,138,64,23,55,186,0.242,3.82,0.0,7,2.0,1,633.0,0,71,2.0,4.0,9.0
47313,peacobr01,2019,1,HOU,AL,7,6,23,15,0,0,0,275,78,42,15,31,96,0.227,4.12,0.0,1,5.0,1,383.0,1,43,0.0,3.0,5.0
47321,perezci01,2019,1,HOU,AL,1,1,5,0,0,0,0,27,11,10,3,2,7,0.289,10.0,0.0,0,0.0,0,40.0,3,10,0.0,0.0,0.0
47343,porceri01,2019,1,BOS,AL,14,12,32,32,0,0,0,523,198,107,31,45,143,0.278,5.52,2.0,5,6.0,2,768.0,0,114,3.0,1.0,6.0
47345,poynebo01,2019,1,BOS,AL,0,1,13,1,0,0,0,35,10,9,2,5,11,0.233,6.94,0.0,0,1.0,0,49.0,2,9,0.0,0.0,0.0
47346,pressry01,2019,1,HOU,AL,2,3,55,0,0,0,3,163,37,14,6,12,72,0.188,2.32,0.0,4,0.0,0,211.0,8,15,0.0,1.0,1.0
47347,priceda01,2019,1,BOS,AL,7,5,22,22,0,0,0,322,109,51,15,32,128,0.258,4.28,0.0,3,3.0,1,458.0,0,57,0.0,1.0,7.0
47355,ramirer02,2019,1,BOS,AL,0,0,1,0,0,0,0,9,4,4,2,1,1,0.333,12.0,0.0,0,1.0,0,15.0,1,4,1.0,0.0,0.0
47386,rodgebr01,2019,1,HOU,AL,0,0,3,0,0,0,0,15,7,9,4,3,4,0.318,16.2,0.0,1,0.0,0,25.0,2,9,0.0,0.0,0.0
47391,rodried05,2019,1,BOS,AL,19,6,34,34,0,0,0,610,195,86,24,75,213,0.253,3.81,2.0,3,7.0,0,859.0,0,88,2.0,5.0,20.0
47403,rominau01,2019,1,NYA,AL,0,0,1,0,0,0,0,3,4,3,2,0,0,0.571,27.0,0.0,0,0.0,0,7.0,1,3,0.0,0.0,0.0
47406,rondohe01,2019,1,HOU,AL,3,2,62,1,0,0,0,182,56,25,10,20,48,0.242,3.71,0.0,0,4.0,0,257.0,5,25,1.0,1.0,5.0
47408,rosaad01,2019,1,NYA,AL,0,0,1,0,0,0,0,6,1,1,1,0,2,0.143,4.5,0.0,0,0.0,0,7.0,1,1,0.0,0.0,0.0
47415,rosscza01,2019,3,LAN,NL,0,0,7,0,0,0,0,9,6,2,1,3,4,0.429,6.0,0.0,1,0.0,0,17.0,1,3,0.0,0.0,1.0
47422,ryuhy01,2019,1,LAN,NL,14,5,29,29,1,1,0,548,160,47,17,24,163,0.234,2.32,2.0,0,4.0,0,723.0,0,53,8.0,2.0,17.0
47423,sabatcc01,2019,1,NYA,AL,5,8,23,22,0,0,0,322,112,59,27,39,107,0.265,4.95,0.0,0,3.0,0,468.0,0,64,2.0,1.0,9.0
47425,sadleca02,2019,2,LAN,NL,4,0,24,1,0,0,1,81,25,7,3,8,20,0.248,2.33,2.0,0,3.0,0,115.0,8,9,2.0,1.0,4.0
47429,salech01,2019,1,BOS,AL,6,11,25,25,1,1,0,442,123,72,24,37,218,0.221,4.4,0.0,2,13.0,0,612.0,0,80,2.0,4.0,7.0
47433,sanchaa01,2019,2,HOU,AL,2,0,4,4,0,0,0,56,14,10,5,9,16,0.2,4.82,0.0,0,1.0,0,81.0,0,10,0.0,1.0,1.0
47437,santade01,2019,1,LAN,NL,0,0,3,0,0,0,0,15,6,4,1,4,6,0.3,7.2,0.0,1,2.0,0,27.0,1,4,0.0,1.0,0.0
47441,sborzjo01,2019,1,LAN,NL,0,1,7,0,0,0,0,27,10,8,2,4,7,0.286,8.0,0.0,0,0.0,0,40.0,6,8,0.0,1.0,1.0
47445,schulja02,2019,1,LAN,NL,0,0,4,0,0,0,0,15,6,4,1,3,3,0.316,7.2,0.0,0,0.0,0,22.0,3,4,0.0,0.0,2.0
47452,severlu01,2019,1,NYA,AL,1,1,3,3,0,0,0,36,6,2,0,6,17,0.146,1.5,0.0,0,1.0,0,48.0,0,2,0.0,0.0,1.0
47455,shawami01,2019,1,BOS,AL,0,0,14,0,0,0,0,61,26,22,5,13,29,0.31,9.74,0.0,1,5.0,0,103.0,4,22,0.0,1.0,1.0
47472,smithjo05,2019,1,HOU,AL,1,0,28,0,0,0,0,75,19,5,2,5,22,0.209,1.8,0.0,0,0.0,0,96.0,4,6,0.0,0.0,3.0
47473,smithjo07,2019,1,BOS,AL,0,3,18,2,0,0,1,93,36,20,10,8,29,0.281,5.81,1.0,0,3.0,0,139.0,13,22,0.0,0.0,0.0
47479,sneedcy01,2019,1,HOU,AL,0,1,8,0,0,0,0,64,26,13,5,5,23,0.299,5.48,0.0,0,0.0,0,93.0,4,13,1.0,0.0,1.0
47493,stassma01,2019,1,HOU,AL,0,0,1,0,0,0,0,1,0,0,0,0,0,0.0,0.0,0.0,0,0.0,0,1.0,1,0,0.0,0.0,0.0
47497,stewabr01,2019,1,LAN,NL,0,0,3,0,0,0,0,12,9,8,2,2,3,0.529,18.0,0.0,1,0.0,0,21.0,1,8,0.0,2.0,1.0
47509,stripro01,2019,1,LAN,NL,4,4,32,15,0,0,0,272,84,35,11,20,93,0.244,3.47,0.0,4,2.0,0,370.0,4,40,0.0,4.0,5.0
47526,tanakma01,2019,1,NYA,AL,11,9,32,31,1,1,0,546,186,90,28,40,149,0.261,4.45,0.0,7,2.0,0,759.0,0,95,0.0,4.0,15.0
47527,tarplst01,2019,1,NYA,AL,1,0,21,1,0,0,2,74,34,19,6,15,34,0.33,6.93,1.0,5,2.0,1,120.0,3,20,0.0,0.0,1.0
47529,taylojo02,2019,1,BOS,AL,2,2,52,1,0,0,0,142,40,16,5,16,62,0.229,3.04,1.0,3,2.0,0,194.0,8,17,0.0,1.0,3.0
47533,thornty01,2019,1,BOS,AL,0,0,16,0,0,0,0,56,21,16,4,10,22,0.28,7.71,0.0,1,1.0,0,86.0,4,16,0.0,0.0,1.0
47547,uriasju01,2019,1,LAN,NL,4,3,37,8,0,0,4,239,59,22,7,27,85,0.201,2.49,1.0,2,5.0,1,326.0,7,28,0.0,1.0,5.0
47548,urquijo01,2019,1,HOU,AL,2,1,9,7,0,0,0,123,38,18,6,7,40,0.241,3.95,0.0,4,0.0,0,167.0,0,18,2.0,0.0,3.0
47549,valdefr01,2019,1,HOU,AL,4,7,26,8,0,0,0,212,74,46,9,44,68,0.267,5.86,0.0,4,4.0,1,329.0,7,51,0.0,4.0,5.0
47555,velazhe01,2019,1,BOS,AL,1,4,34,8,0,0,0,169,58,34,7,28,49,0.275,5.43,0.0,2,3.0,0,247.0,11,40,1.0,3.0,6.0
47560,verlaju01,2019,1,HOU,AL,21,6,34,34,2,1,0,669,137,64,36,42,300,0.172,2.58,0.0,4,6.0,0,847.0,0,66,0.0,2.0,7.0
47570,waldema01,2019,1,BOS,AL,9,2,70,0,0,0,2,234,61,33,6,32,76,0.213,3.81,1.0,6,5.0,1,327.0,8,38,1.0,2.0,6.0
47583,weberry01,2019,1,BOS,AL,2,4,18,3,0,0,0,122,48,23,5,8,29,0.284,5.09,0.0,2,3.0,0,181.0,8,25,1.0,0.0,0.0
47587,whitety01,2019,1,HOU,AL,0,0,4,0,0,0,0,10,7,8,4,5,2,0.438,21.6,0.0,0,0.0,0,22.0,3,8,0.0,1.0,0.0
47610,workmbr01,2019,1,BOS,AL,10,1,73,0,0,0,16,215,29,15,1,45,104,0.123,1.88,4.0,4,2.0,1,286.0,30,18,1.0,3.0,4.0
47615,wrighst01,2019,1,BOS,AL,0,1,6,0,0,0,0,19,11,6,3,4,5,0.407,8.53,0.0,0,1.0,0,33.0,3,6,0.0,1.0,2.0
